startup_name,sector,subvertical,city,investors,investment_type,amount_usd,date,source_period,year,sector_clean
Housejoy,Edtech,K12,Mumbai,Lightspeed India,Seed,199000.0,2023-04-19,recent_2020_2025,2023,Edtech
Groww,Media,Streaming,Bengaluru,IFC,Seed,1668000.0,2025-01-28,recent_2020_2025,2025,Media
Groww,Mobility,Ride Sharing,Hyderabad,"Nexus Venture Partners, Peak XV",Series B,38052000.0,2021-03-14,recent_2020_2025,2021,Mobility
FarmBox,Consumer Electronics,Wearables,Gurugram,"Kalaari Capital, Y Combinator",Seed,455000.0,2023-09-11,recent_2020_2025,2023,Consumer Electronics
Udaan,Realestate,Rental Tech,Mumbai,Bessemer Venture Partners,Seed,89000.0,2024-01-31,recent_2020_2025,2024,Real Estate
AeroStack,Edtech,Coding Bootcamp,Delhi,"Matrix Partners India, Peak XV",Pre-Series A,143000.0,2021-07-24,recent_2020_2025,2021,Edtech
Ola,Retail,Fashion,Mumbai,Tiger Global Management,Seed,62000.0,2023-01-12,recent_2020_2025,2023,Retail
FinSpace,Consumer Electronics,Wearables,Gurugram,Blume Ventures,Growth,491721000.0,2025-01-22,recent_2020_2025,2025,Consumer Electronics
Rapido,Foodtech,Food Delivery,Kolkata,"A91 Partners, Kedaara Capital, Tiger Global Management",Seed,459000.0,2023-11-27,recent_2020_2025,2023,Foodtech
HyperLoop,Edtech,Test Prep,Ahmedabad,"Mirae Asset, SoftBank Vision Fund, Tiger Global",Series B,35610000.0,2020-05-04,recent_2020_2025,2020,Edtech
NextSense_10,Mobility,Ride Sharing,Delhi,"IFC, Kalaari Capital, Peak XV",Seed,54000.0,2020-05-19,recent_2020_2025,2020,Mobility
LogiMart,Fintech,NeoBank,Mumbai,"Falcon Edge, Peak XV",Pre-Series A,933000.0,2023-04-10,recent_2020_2025,2023,Fintech
CoreFlow,Saas,DevTools,Hyderabad,"Elevation Capital, SoftBank Vision Fund, Ventures India",Pre-Series A,680000.0,2023-10-07,recent_2020_2025,2023,SaaS
Groww,Fintech,InsurTech,Ahmedabad,Falcon Edge,Debt,374000.0,2020-07-23,recent_2020_2025,2020,Fintech
ClearDekho,Logistics,Last Mile,Pune,Y Combinator,Private Equity,151993000.0,2024-12-05,recent_2020_2025,2024,Logistics
NextSense,Mobility,Micro Mobility,Hyderabad,"A91 Partners, Falcon Edge, Prosus Ventures",Series A,1643000.0,2024-07-10,recent_2020_2025,2024,Mobility
Zomato,Healthtech,Pharmacy,Mumbai,"Blume Ventures, Elevation Capital",Private Equity,201485000.0,2024-02-29,recent_2020_2025,2024,Healthtech
FarmTech,Edtech,UpSkilling,Noida,Accel,Series A,4142000.0,2025-01-28,recent_2020_2025,2025,Edtech
Innovaccer,Enterprise,Security,Bengaluru,Ribbit Capital,Pre-Seed,54000.0,2024-04-28,recent_2020_2025,2024,Enterprise
CureFit,Healthtech,Health Analytics,Noida,Accel,Series B,11211000.0,2023-02-22,recent_2020_2025,2023,Healthtech
WorkPay,Enterprise,Security,Ahmedabad,Tiger Global,Series A,5243000.0,2022-05-30,recent_2020_2025,2022,Enterprise
Mobikwik,Retail,E-Retail,Pune,"Accel, Bessemer Venture Partners, IFC",Seed,84000.0,2021-05-26,recent_2020_2025,2021,Retail
Freshworks,Agritech,Marketplace,Delhi,Tiger Global Management,Angel,12000.0,2021-04-29,recent_2020_2025,2021,Agritech
EduTech,Fintech,Lending,Pune,"IFC, Matrix Partners India, Zodius Capital",Series C,53939000.0,2022-04-23,recent_2020_2025,2022,Fintech
AeroStack,Fintech,InsurTech,Gurugram,"Y Combinator, Zodius Capital",Seed,269000.0,2025-02-23,recent_2020_2025,2025,Fintech
HomeFoods,Realestate,PropTech,Chennai,Tiger Global Management,Seed,905000.0,2024-11-05,recent_2020_2025,2024,Real Estate
QuantumSolutions,Mobility,EV,Noida,IFC,Seed,104000.0,2020-02-26,recent_2020_2025,2020,Mobility
Swiggy,Healthtech,Pharmacy,Bengaluru,Kedaara Capital,Seed,333000.0,2022-06-08,recent_2020_2025,2022,Healthtech
HyperLabs,Mobility,Ride Sharing,Chennai,Tiger Global,Angel,29000.0,2021-01-24,recent_2020_2025,2021,Mobility
DriveEdge_29,Retail,Fashion,Gurugram,"LCatterton, Prosus Ventures, Ribbit Capital",Pre-Series A,111000.0,2020-05-23,recent_2020_2025,2020,Retail
NeoTech,Logistics,Fleet Management,Hyderabad,"A91 Partners, Kedaara Capital",Series B,26948000.0,2021-10-30,recent_2020_2025,2021,Logistics
CloudLabs,Foodtech,Grocery,Delhi,"A91 Partners, Sequoia Capital India",Series A,1587000.0,2021-09-08,recent_2020_2025,2021,Foodtech
SmartTech,Retail,Fashion,Ahmedabad,"Info Edge, Lightspeed India",Series B,5988000.0,2022-08-10,recent_2020_2025,2022,Retail
FarmBox,Retail,Fashion,Delhi,"Prosus Ventures, Ribbit Capital",Series B,69429000.0,2021-08-04,recent_2020_2025,2021,Retail
Bounce,Enterprise,Analytics,Hyderabad,Sequoia Capital India,Seed,1762000.0,2021-02-11,recent_2020_2025,2021,Enterprise
HomeMart,Agritech,Supply Chain,Kolkata,"Kedaara Capital, Lightspeed India",Pre-Series A,643000.0,2023-07-13,recent_2020_2025,2023,Agritech
NimbusLabs,Healthtech,Telemedicine,Mumbai,Bessemer Venture Partners,Series C,45633000.0,2021-03-24,recent_2020_2025,2021,Healthtech
SmartMart_37,Edtech,Test Prep,Kolkata,"A91 Partners, Falcon Edge, SoftBank Vision Fund",Seed,72000.0,2022-08-09,recent_2020_2025,2022,Edtech
Ola,Agritech,Marketplace,Noida,"Blume Ventures, Info Edge",Pre-Series A,483000.0,2025-01-31,recent_2020_2025,2025,Agritech
FarmBox,Retail,E-Retail,Hyderabad,"Elevation Capital, Ribbit Capital",Series C,65870000.0,2022-12-03,recent_2020_2025,2022,Retail
Dunzo,Media,Content,Gurugram,"Accel, Nexus Venture Partners",Seed,78000.0,2021-10-16,recent_2020_2025,2021,Media
AeroHub,Media,Social,Mumbai,"Mirae Asset, Tiger Global",Pre-Series A,313000.0,2021-11-08,recent_2020_2025,2021,Media
QuantumDrive,Retail,Fashion,Bengaluru,"Sequoia Capital India, Y Combinator",Series D,54120000.0,2024-04-16,recent_2020_2025,2024,Retail
AgriFit,Foodtech,Food Delivery,Noida,"LCatterton, Mirae Asset",Series B,62216000.0,2023-01-23,recent_2020_2025,2023,Foodtech
SkillFlow,Fintech,InsurTech,Pune,"Kedaara Capital, Zodius Capital",Series B,10246000.0,2024-06-22,recent_2020_2025,2024,Fintech
FreshSolutions,Mobility,Ride Sharing,Chennai,Accel,Series A,6014000.0,2023-09-19,recent_2020_2025,2023,Mobility
DriveLoop,Consumer Electronics,Audio,Bengaluru,Info Edge,Seed,158000.0,2021-11-01,recent_2020_2025,2021,Consumer Electronics
BlueSpace,Foodtech,Food Delivery,Chennai,"A91 Partners, Sequoia Capital India",Seed,341000.0,2020-06-16,recent_2020_2025,2020,Foodtech
NextFlow,E-Commerce,Quick Commerce,Bengaluru,Ribbit Capital,Bridge,376000.0,2021-02-12,recent_2020_2025,2021,Ecommerce
MediWorks,Realestate,PropTech,Ahmedabad,"Matrix Partners India, Omidyar Network, Y Combinator",Bridge,99000.0,2022-08-10,recent_2020_2025,2022,Real Estate
Porter,Retail,E-Retail,Hyderabad,A91 Partners,Seed,1788000.0,2020-02-22,recent_2020_2025,2020,Retail
UrbanSolutions,Media,Social,Mumbai,"Elevation Capital, Kedaara Capital, Matrix Partners India",Series A,8159000.0,2024-08-28,recent_2020_2025,2024,Media
Housejoy,Retail,Fashion,Bengaluru,"Falcon Edge, SoftBank Vision Fund, Y Combinator",Seed,1600000.0,2022-05-27,recent_2020_2025,2022,Retail
QuantumDrive,E-Commerce,Fashion,Pune,"Info Edge, Kedaara Capital",Series B,59765000.0,2024-08-24,recent_2020_2025,2024,Ecommerce
SkillFlow,Mobility,EV,Kolkata,"IFC, Matrix Partners India",Series A,5049000.0,2024-02-06,recent_2020_2025,2024,Mobility
Unacademy,Logistics,Supply Chain,Gurugram,"Prosus Ventures, SoftBank Vision Fund",Series C,242794000.0,2023-03-13,recent_2020_2025,2023,Logistics
NimbusLabs,Healthtech,Health Analytics,Gurugram,Elevation Capital,Pre-Series A,123000.0,2021-06-13,recent_2020_2025,2021,Healthtech
SkillSolutions,Mobility,Ride Sharing,Mumbai,"A91 Partners, Matrix Partners India",Seed,103000.0,2022-04-12,recent_2020_2025,2022,Mobility
FarmBox,Consumer Electronics,Wearables,Bengaluru,"Elevation Capital, Prosus Ventures",Seed,59000.0,2021-03-29,recent_2020_2025,2021,Consumer Electronics
Nykaa,Consumer Electronics,Smart Home,Noida,"Kedaara Capital, SoftBank Vision Fund",Seed,166000.0,2024-03-07,recent_2020_2025,2024,Consumer Electronics
SkillFlow,Edtech,Test Prep,Gurugram,"Peak XV, Prosus Ventures",Seed,210000.0,2024-03-01,recent_2020_2025,2024,Edtech
CloudLabs,Consumer Electronics,Wearables,Ahmedabad,"Accel, Elevation Capital",Bridge,136000.0,2022-12-10,recent_2020_2025,2022,Consumer Electronics
CloudLabs,Saas,DevTools,Hyderabad,Elevation Capital,Pre-Seed,135000.0,2022-12-29,recent_2020_2025,2022,SaaS
Udaan,Mobility,EV,Delhi,"Accel, Sequoia Capital India",Series B,13444000.0,2024-03-21,recent_2020_2025,2024,Mobility
HealthAnalytics,Consumer Electronics,Wearables,Delhi,"Accel, Tiger Global",Bridge,141000.0,2021-06-01,recent_2020_2025,2021,Consumer Electronics
NeoLabs_65,Realestate,Rental Tech,Bengaluru,"Accel, Peak XV",Seed,370000.0,2024-07-19,recent_2020_2025,2024,Real Estate
LogiMart,Retail,Grocery,Ahmedabad,Bessemer Venture Partners,Series A,1465000.0,2023-06-20,recent_2020_2025,2023,Retail
QuantumAnalytics,Consumer Electronics,Wearables,Ahmedabad,"Omidyar Network, Ribbit Capital",Debt,14625000.0,2021-09-17,recent_2020_2025,2021,Consumer Electronics
Practo,Retail,E-Retail,Gurugram,Matrix Partners India,Seed,66000.0,2020-06-15,recent_2020_2025,2020,Retail
Dunzo,Healthtech,Telemedicine,Chennai,"Elevation Capital, Matrix Partners India",Series A,14477000.0,2023-05-01,recent_2020_2025,2023,Healthtech
HealthAnalytics,Consumer Electronics,Audio,Gurugram,"Bessemer Venture Partners, Lightspeed India, Omidyar Network",Angel,51000.0,2024-06-01,recent_2020_2025,2024,Consumer Electronics
Porter,Mobility,Ride Sharing,Delhi,Tiger Global,Angel,9000.0,2024-08-19,recent_2020_2025,2024,Mobility
Dream11,Retail,Grocery,Ahmedabad,Info Edge,Series B,5077000.0,2023-03-11,recent_2020_2025,2023,Retail
InMobi,Media,Content,Chennai,"Accel, Mirae Asset",Bridge,1012000.0,2022-10-21,recent_2020_2025,2022,Media
Razorpay,Foodtech,Grocery,Pune,Lightspeed India,Series A,6782000.0,2020-02-22,recent_2020_2025,2020,Foodtech
DataAnalytics,Realestate,Home Services,Ahmedabad,Mirae Asset,Pre-Seed,107000.0,2024-03-28,recent_2020_2025,2024,Real Estate
Ola,Logistics,Last Mile,Ahmedabad,"Mirae Asset, Tiger Global Management",Series A,8074000.0,2024-07-25,recent_2020_2025,2024,Logistics
Freshworks,Saas,HRTech,Mumbai,"Elevation Capital, Kedaara Capital",Series D,59295000.0,2021-11-06,recent_2020_2025,2021,SaaS
FoodFit,Mobility,Ride Sharing,Kolkata,Nexus Venture Partners,Seed,188000.0,2021-05-31,recent_2020_2025,2021,Mobility
CoreConnect,Enterprise,Analytics,Noida,Falcon Edge,Series A,1369000.0,2020-04-21,recent_2020_2025,2020,Enterprise
Chargebee,Realestate,Home Services,Bengaluru,Peak XV,Seed,1207000.0,2023-01-29,recent_2020_2025,2023,Real Estate
Dailyhunt,Media,Content,Mumbai,"Bessemer Venture Partners, Kedaara Capital",Pre-Seed,84000.0,2023-07-14,recent_2020_2025,2023,Media
FreshTech,Mobility,EV,Mumbai,Info Edge,Seed,169000.0,2024-09-19,recent_2020_2025,2024,Mobility
Housejoy,Realestate,PropTech,Kolkata,"Kalaari Capital, Kedaara Capital",Angel,6000.0,2021-08-20,recent_2020_2025,2021,Real Estate
AgriHive,Edtech,Coding Bootcamp,Noida,"Falcon Edge, IFC",Seed,157000.0,2021-01-25,recent_2020_2025,2021,Edtech
CRED,Logistics,Supply Chain,Pune,Zodius Capital,Angel,13000.0,2022-11-05,recent_2020_2025,2022,Logistics
HealthAnalytics,Enterprise,Automation,Ahmedabad,Info Edge,Debt,9315000.0,2022-09-29,recent_2020_2025,2022,Enterprise
AgriHive,Mobility,Micro Mobility,Chennai,Tiger Global Management,Series A,5621000.0,2021-10-21,recent_2020_2025,2021,Mobility
MediWorks,Edtech,Coding Bootcamp,Bengaluru,"LCatterton, Tiger Global Management, Y Combinator",Seed,1319000.0,2022-08-26,recent_2020_2025,2022,Edtech
WorkPay,Fintech,Lending,Noida,IFC,Bridge,285000.0,2021-11-10,recent_2020_2025,2021,Fintech
Dailyhunt,E-Commerce,Grocery,Kolkata,"IFC, Tiger Global Management",Pre-Seed,26000.0,2020-10-22,recent_2020_2025,2020,Ecommerce
Dunzo,Consumer Electronics,Wearables,Pune,"Accel, Prosus Ventures, SoftBank Vision Fund",Series A,6900000.0,2022-03-25,recent_2020_2025,2022,Consumer Electronics
QuantumAnalytics,Realestate,Rental Tech,Kolkata,"Ribbit Capital, Tiger Global",Growth,372329000.0,2020-03-14,recent_2020_2025,2020,Real Estate
SmartTech,Media,Social,Chennai,"Accel, Blume Ventures, Kedaara Capital",Bridge,396000.0,2024-04-06,recent_2020_2025,2024,Media
Delhivery,Fintech,Payments,Pune,Y Combinator,Series C,161346000.0,2021-08-23,recent_2020_2025,2021,Fintech
GreenConnect,Foodtech,Grocery,Delhi,"IFC, Ribbit Capital",Seed,309000.0,2020-06-10,recent_2020_2025,2020,Foodtech
MediWorks,Agritech,Supply Chain,Gurugram,"Matrix Partners India, Sequoia Capital India",Series A,4119000.0,2021-06-04,recent_2020_2025,2021,Agritech
InMobi,Logistics,Fleet Management,Noida,Tiger Global Management,Seed,242000.0,2022-06-23,recent_2020_2025,2022,Logistics
Delhivery,Realestate,Home Services,Hyderabad,Tiger Global Management,Series A,1071000.0,2021-09-10,recent_2020_2025,2021,Real Estate
AgriHive,Foodtech,Grocery,Pune,Sequoia Capital India,Series A,1339000.0,2023-12-03,recent_2020_2025,2023,Foodtech
AutoMart,Agritech,Marketplace,Bengaluru,"LCatterton, Zodius Capital",Angel,5000.0,2024-03-06,recent_2020_2025,2024,Agritech
HomeFoods,Saas,DevTools,Gurugram,"Nexus Venture Partners, Prosus Ventures, Ventures India",Series A,5604000.0,2023-10-20,recent_2020_2025,2023,SaaS
Wakefit,Realestate,Rental Tech,Bengaluru,Omidyar Network,Seed,159000.0,2022-06-21,recent_2020_2025,2022,Real Estate
LogiSense,Logistics,Supply Chain,Chennai,"IFC, Y Combinator",Seed,326000.0,2020-09-27,recent_2020_2025,2020,Logistics
AeroAnalytics,Enterprise,Analytics,Hyderabad,"Elevation Capital, Tiger Global Management",Angel,76000.0,2025-04-17,recent_2020_2025,2025,Enterprise
BlueSpace,Consumer Electronics,Audio,Delhi,"Kedaara Capital, Tiger Global Management",Series C,39284000.0,2021-04-07,recent_2020_2025,2021,Consumer Electronics
Mobikwik,E-Commerce,Fashion,Bengaluru,"Ventures India, Y Combinator",Seed,227000.0,2020-09-10,recent_2020_2025,2020,Ecommerce
CureFit,Agritech,Smart Farming,Pune,"IFC, Sequoia Capital India",Seed,812000.0,2021-04-23,recent_2020_2025,2021,Agritech
NeoSense,Edtech,Test Prep,Kolkata,"Kalaari Capital, Nexus Venture Partners, Peak XV",Angel,10000.0,2021-09-10,recent_2020_2025,2021,Edtech
Oyo,Consumer Electronics,Audio,Mumbai,Kalaari Capital,Seed,66000.0,2023-01-05,recent_2020_2025,2023,Consumer Electronics
Nykaa,Realestate,Rental Tech,Noida,"Accel, Blume Ventures, Kalaari Capital",Pre-Series A,195000.0,2024-02-29,recent_2020_2025,2024,Real Estate
NeoLabs,Logistics,Last Mile,Pune,IFC,Seed,91000.0,2022-06-29,recent_2020_2025,2022,Logistics
Practo,Realestate,Home Services,Noida,Tiger Global,Angel,81000.0,2023-08-13,recent_2020_2025,2023,Real Estate
SkillSolutions,E-Commerce,Fashion,Mumbai,"Bessemer Venture Partners, Omidyar Network, Sequoia Capital India",Series B,46994000.0,2023-08-07,recent_2020_2025,2023,Ecommerce
HomeMart,Retail,Fashion,Gurugram,Lightspeed India,Seed,517000.0,2024-04-16,recent_2020_2025,2024,Retail
PharmEasy,Saas,DevTools,Ahmedabad,Tiger Global Management,Pre-Seed,149000.0,2024-10-24,recent_2020_2025,2024,SaaS
AutoStack,E-Commerce,Quick Commerce,Delhi,Omidyar Network,Pre-Seed,127000.0,2024-06-05,recent_2020_2025,2024,Ecommerce
PhonePe,Healthtech,Pharmacy,Bengaluru,"Accel, Tiger Global",Seed,100000.0,2022-05-12,recent_2020_2025,2022,Healthtech
EduMart,Mobility,Micro Mobility,Mumbai,"Bessemer Venture Partners, Tiger Global",Series A,11213000.0,2021-03-29,recent_2020_2025,2021,Mobility
Oyo,Consumer Electronics,Smart Home,Bengaluru,"Accel, Info Edge",Seed,366000.0,2022-09-07,recent_2020_2025,2022,Consumer Electronics
Ola,E-Commerce,Quick Commerce,Pune,Elevation Capital,Series A,8905000.0,2020-05-14,recent_2020_2025,2020,Ecommerce
NeoSense,Agritech,Marketplace,Hyderabad,"Accel, Kedaara Capital",Series A,11321000.0,2023-05-24,recent_2020_2025,2023,Agritech
GreenEdge,Edtech,Coding Bootcamp,Pune,"Kedaara Capital, SoftBank Vision Fund",Series C,47319000.0,2022-03-27,recent_2020_2025,2022,Edtech
HyperLabs,Saas,DevTools,Kolkata,Accel,Seed,75000.0,2024-08-30,recent_2020_2025,2024,SaaS
Wakefit,Media,Streaming,Pune,Omidyar Network,Series C,37077000.0,2023-02-13,recent_2020_2025,2023,Media
FreshBox,Foodtech,Food Delivery,Chennai,Tiger Global Management,Growth,154344000.0,2024-01-16,recent_2020_2025,2024,Foodtech
FreshTech,Agritech,Marketplace,Gurugram,IFC,Seed,1022000.0,2022-09-14,recent_2020_2025,2022,Agritech
NextFlow,Saas,B2B SaaS,Hyderabad,"Tiger Global Management, Zodius Capital",Series A,10287000.0,2024-07-11,recent_2020_2025,2024,SaaS
GrowthFlow,Realestate,Rental Tech,Hyderabad,"LCatterton, Ventures India, Y Combinator",Pre-Seed,20000.0,2021-07-13,recent_2020_2025,2021,Real Estate
BlueTech,Agritech,Marketplace,Chennai,"Accel, Falcon Edge, Tiger Global Management",Seed,329000.0,2024-02-26,recent_2020_2025,2024,Agritech
UrbanSolutions,Saas,DevTools,Pune,"IFC, Omidyar Network",Seed,233000.0,2021-10-26,recent_2020_2025,2021,SaaS
HyperLoop,Agritech,Supply Chain,Mumbai,"Info Edge, Mirae Asset",Seed,113000.0,2023-09-17,recent_2020_2025,2023,Agritech
SkillFlow,Mobility,Ride Sharing,Pune,"Mirae Asset, Prosus Ventures",Pre-Series A,132000.0,2021-08-03,recent_2020_2025,2021,Mobility
FarmFit,Agritech,Supply Chain,Bengaluru,Ventures India,Seed,174000.0,2025-04-20,recent_2020_2025,2025,Agritech
CloudSolutions,E-Commerce,Quick Commerce,Kolkata,Y Combinator,Series B,68288000.0,2020-12-25,recent_2020_2025,2020,Ecommerce
HomeFoods,Enterprise,Automation,Pune,"LCatterton, Sequoia Capital India, Tiger Global",Seed,165000.0,2024-10-30,recent_2020_2025,2024,Enterprise
HyperLabs,Agritech,Smart Farming,Chennai,Tiger Global Management,Seed,339000.0,2022-04-09,recent_2020_2025,2022,Agritech
Lenskart,Retail,Fashion,Kolkata,Accel,Series D,252342000.0,2025-02-26,recent_2020_2025,2025,Retail
AeroStack,Agritech,Smart Farming,Noida,Ventures India,Seed,191000.0,2024-11-17,recent_2020_2025,2024,Agritech
HomeAnalytics,Healthtech,Telemedicine,Noida,"Bessemer Venture Partners, Lightspeed India",Series B,73980000.0,2022-12-22,recent_2020_2025,2022,Healthtech
NextFlow,Enterprise,Automation,Delhi,Lightspeed India,Seed,1741000.0,2020-10-26,recent_2020_2025,2020,Enterprise
HyperLoop,Realestate,PropTech,Delhi,"A91 Partners, Mirae Asset",Bridge,127000.0,2023-07-10,recent_2020_2025,2023,Real Estate
EduMart,Agritech,Marketplace,Ahmedabad,"Info Edge, Mirae Asset, SoftBank Vision Fund",Seed,313000.0,2025-06-11,recent_2020_2025,2025,Agritech
Oyo,Retail,Grocery,Ahmedabad,SoftBank Vision Fund,Seed,152000.0,2022-11-05,recent_2020_2025,2022,Retail
EduBox_144,Saas,HRTech,Mumbai,Omidyar Network,Series B,11014000.0,2025-06-24,recent_2020_2025,2025,SaaS
ClearDekho,Foodtech,Food Delivery,Ahmedabad,"Info Edge, LCatterton, Zodius Capital",Series A,1105000.0,2024-06-09,recent_2020_2025,2024,Foodtech
FinFoods,Consumer Electronics,Smart Home,Delhi,Zodius Capital,Bridge,474000.0,2022-07-11,recent_2020_2025,2022,Consumer Electronics
DataHive,E-Commerce,Grocery,Delhi,"Falcon Edge, Tiger Global Management",Pre-Seed,64000.0,2023-12-20,recent_2020_2025,2023,Ecommerce
NextSense,Logistics,Supply Chain,Chennai,"Ribbit Capital, Tiger Global",Series C,22992000.0,2023-10-22,recent_2020_2025,2023,Logistics
WorkStack_149,E-Commerce,Grocery,Chennai,"Nexus Venture Partners, Omidyar Network, Tiger Global Management",Seed,140000.0,2024-01-22,recent_2020_2025,2024,Ecommerce
HealthRise,Healthtech,Pharmacy,Hyderabad,"Kalaari Capital, Omidyar Network, Peak XV",Bridge,1426000.0,2023-12-01,recent_2020_2025,2023,Healthtech
FreshTech,Realestate,Home Services,Delhi,"Accel, LCatterton, Tiger Global Management",Series B,9715000.0,2024-08-24,recent_2020_2025,2024,Real Estate
Innovaccer,Mobility,EV,Bengaluru,SoftBank Vision Fund,Pre-Series A,140000.0,2021-01-04,recent_2020_2025,2021,Mobility
Myntra,Edtech,K12,Delhi,Falcon Edge,Seed,304000.0,2021-08-28,recent_2020_2025,2021,Edtech
GrowthConnect,Retail,Fashion,Delhi,Blume Ventures,Series A,14428000.0,2020-11-11,recent_2020_2025,2020,Retail
Dream11,Media,Content,Bengaluru,"Elevation Capital, Info Edge, Matrix Partners India",Pre-Series A,175000.0,2023-10-17,recent_2020_2025,2023,Media
EduMart,Edtech,UpSkilling,Kolkata,Prosus Ventures,Angel,37000.0,2021-02-01,recent_2020_2025,2021,Edtech
Dailyhunt,Consumer Electronics,Wearables,Chennai,Zodius Capital,Series A,7866000.0,2022-05-07,recent_2020_2025,2022,Consumer Electronics
FinSense,Fintech,InsurTech,Pune,"Elevation Capital, IFC, Zodius Capital",Series A,1903000.0,2020-07-29,recent_2020_2025,2020,Fintech
BharatPe,Logistics,Supply Chain,Noida,Peak XV,Seed,734000.0,2022-06-14,recent_2020_2025,2022,Logistics
HomeAnalytics,Saas,B2B SaaS,Chennai,Matrix Partners India,Seed,194000.0,2022-10-25,recent_2020_2025,2022,SaaS
HealthRise,Fintech,WealthTech,Mumbai,Bessemer Venture Partners,Series D,214425000.0,2023-08-24,recent_2020_2025,2023,Fintech
FinSense_162,Enterprise,Security,Delhi,"LCatterton, Omidyar Network",Series C,111204000.0,2022-08-18,recent_2020_2025,2022,Enterprise
PhonePe,Logistics,Last Mile,Delhi,"Accel, Falcon Edge",Series A,4267000.0,2024-01-29,recent_2020_2025,2024,Logistics
SmartTech,E-Commerce,Quick Commerce,Gurugram,"Accel, Info Edge",Pre-Series A,123000.0,2024-06-13,recent_2020_2025,2024,Ecommerce
Chargebee,Agritech,Marketplace,Bengaluru,Kedaara Capital,Series B,50673000.0,2023-03-23,recent_2020_2025,2023,Agritech
Cars24,Foodtech,Cloud Kitchen,Ahmedabad,"Blume Ventures, Prosus Ventures",Pre-Series A,209000.0,2023-03-14,recent_2020_2025,2023,Foodtech
ShareChat,E-Commerce,Grocery,Noida,"IFC, Sequoia Capital India",Series A,1657000.0,2022-11-05,recent_2020_2025,2022,Ecommerce
FarmFit,Saas,HRTech,Bengaluru,Matrix Partners India,Pre-Series A,110000.0,2020-05-18,recent_2020_2025,2020,SaaS
Zomato,Retail,Fashion,Pune,"Ribbit Capital, SoftBank Vision Fund",Seed,442000.0,2021-12-22,recent_2020_2025,2021,Retail
SmartMart,Consumer Electronics,Smart Home,Delhi,"Bessemer Venture Partners, Elevation Capital, Info Edge",Series C,125287000.0,2020-05-09,recent_2020_2025,2020,Consumer Electronics
FarmFit,Fintech,WealthTech,Hyderabad,"Mirae Asset, Sequoia Capital India",Series A,1046000.0,2024-07-27,recent_2020_2025,2024,Fintech
FinFoods,Enterprise,Analytics,Pune,Info Edge,Seed,331000.0,2024-06-25,recent_2020_2025,2024,Enterprise
FoodFit,Foodtech,Food Delivery,Delhi,Peak XV,Series A,1847000.0,2022-10-15,recent_2020_2025,2022,Foodtech
NextStack,Media,Content,Mumbai,A91 Partners,Series A,5738000.0,2024-08-11,recent_2020_2025,2024,Media
AgriSense,Saas,HRTech,Hyderabad,"Blume Ventures, Info Edge",Series A,1604000.0,2024-01-09,recent_2020_2025,2024,SaaS
EduMart_176,Enterprise,Security,Ahmedabad,"Peak XV, Tiger Global, Tiger Global Management",Debt,7325000.0,2021-07-16,recent_2020_2025,2021,Enterprise
CoreConnect,Retail,Fashion,Delhi,"Info Edge, Prosus Ventures",Bridge,208000.0,2020-10-19,recent_2020_2025,2020,Retail
FreshSolutions_178,Retail,Fashion,Pune,"Nexus Venture Partners, Sequoia Capital India",Pre-Series A,864000.0,2025-04-28,recent_2020_2025,2025,Retail
EduBox,Saas,MarTech,Mumbai,Kalaari Capital,Series A,1451000.0,2022-12-20,recent_2020_2025,2022,SaaS
QuantumSolutions,E-Commerce,Quick Commerce,Delhi,"Bessemer Venture Partners, Nexus Venture Partners",Series A,2518000.0,2022-03-03,recent_2020_2025,2022,Ecommerce
EduMart,Agritech,Smart Farming,Kolkata,Info Edge,Seed,76000.0,2020-10-04,recent_2020_2025,2020,Agritech
Ola,E-Commerce,D2C,Pune,Elevation Capital,Series B,64925000.0,2023-01-31,recent_2020_2025,2023,Ecommerce
NextSense,Media,Streaming,Delhi,Nexus Venture Partners,Series C,215209000.0,2022-11-07,recent_2020_2025,2022,Media
CloudPay,Edtech,Coding Bootcamp,Bengaluru,Mirae Asset,Pre-Series A,181000.0,2023-03-18,recent_2020_2025,2023,Edtech
LogiSense,E-Commerce,Quick Commerce,Hyderabad,"Kalaari Capital, Mirae Asset",Pre-Series A,457000.0,2024-01-08,recent_2020_2025,2024,Ecommerce
Groww,Healthtech,Pharmacy,Mumbai,"IFC, SoftBank Vision Fund",Series A,9144000.0,2023-10-24,recent_2020_2025,2023,Healthtech
BlueTech,Healthtech,Health Analytics,Noida,Falcon Edge,Angel,26000.0,2020-04-23,recent_2020_2025,2020,Healthtech
Oyo,Healthtech,Diagnostics,Pune,Peak XV,Angel,24000.0,2021-04-06,recent_2020_2025,2021,Healthtech
HealthAnalytics,Logistics,Last Mile,Noida,Omidyar Network,Seed,122000.0,2023-07-04,recent_2020_2025,2023,Logistics
Bounce,Mobility,Micro Mobility,Delhi,Blume Ventures,Series A,1287000.0,2023-04-04,recent_2020_2025,2023,Mobility
BlueSpace,Agritech,Supply Chain,Bengaluru,"Bessemer Venture Partners, Lightspeed India, Matrix Partners India",Seed,1369000.0,2025-04-26,recent_2020_2025,2025,Agritech
SkillRise,Fintech,InsurTech,Noida,Mirae Asset,Seed,1385000.0,2025-05-13,recent_2020_2025,2025,Fintech
CoreConnect,E-Commerce,Quick Commerce,Delhi,"Lightspeed India, Omidyar Network",Series A,5554000.0,2022-09-18,recent_2020_2025,2022,Ecommerce
HyperLabs,Saas,HRTech,Chennai,"A91 Partners, SoftBank Vision Fund",Seed,175000.0,2022-01-28,recent_2020_2025,2022,SaaS
InMobi,E-Commerce,D2C,Kolkata,Elevation Capital,Seed,181000.0,2020-07-17,recent_2020_2025,2020,Ecommerce
AeroHub,Foodtech,Cloud Kitchen,Delhi,"Blume Ventures, Kedaara Capital",Series C,142830000.0,2025-03-27,recent_2020_2025,2025,Foodtech
NextSense,Mobility,EV,Kolkata,Accel,Growth,533548000.0,2022-10-15,recent_2020_2025,2022,Mobility
DriveFit,Edtech,K12,Ahmedabad,Mirae Asset,Pre-Series A,771000.0,2020-04-13,recent_2020_2025,2020,Edtech
CoreSpace,Fintech,Payments,Chennai,"Kalaari Capital, Tiger Global, Y Combinator",Seed,888000.0,2021-06-25,recent_2020_2025,2021,Fintech
Udaan,Agritech,Marketplace,Gurugram,Kalaari Capital,Pre-Series A,439000.0,2021-08-14,recent_2020_2025,2021,Agritech
EduBox,Logistics,Fleet Management,Ahmedabad,Kalaari Capital,Seed,68000.0,2025-06-19,recent_2020_2025,2025,Logistics
BlueSpace,Saas,DevTools,Gurugram,Tiger Global,Series A,1549000.0,2022-04-02,recent_2020_2025,2022,SaaS
WorkStack,Mobility,EV,Delhi,SoftBank Vision Fund,Series A,11397000.0,2022-11-21,recent_2020_2025,2022,Mobility
FoodLoop,Agritech,Marketplace,Hyderabad,"Falcon Edge, Kedaara Capital",Series A,5167000.0,2022-11-04,recent_2020_2025,2022,Agritech
Delhivery,Consumer Electronics,Audio,Pune,"Bessemer Venture Partners, Omidyar Network",Seed,52000.0,2020-08-12,recent_2020_2025,2020,Consumer Electronics
GrowthFlow,Logistics,Fleet Management,Ahmedabad,Omidyar Network,Series A,1316000.0,2024-01-17,recent_2020_2025,2024,Logistics
Lenskart,Mobility,Micro Mobility,Ahmedabad,Zodius Capital,Series C,120606000.0,2022-02-17,recent_2020_2025,2022,Mobility
HomeMart_208,Media,Social,Gurugram,"Nexus Venture Partners, Prosus Ventures",Pre-Seed,20000.0,2021-10-04,recent_2020_2025,2021,Media
Flipkart,Mobility,Micro Mobility,Kolkata,"Lightspeed India, Nexus Venture Partners, Tiger Global",Growth,76432000.0,2024-02-15,recent_2020_2025,2024,Mobility
NeoSense,Consumer Electronics,Smart Home,Chennai,"LCatterton, SoftBank Vision Fund",Seed,379000.0,2020-12-20,recent_2020_2025,2020,Consumer Electronics
AgriFit,Enterprise,Automation,Hyderabad,Elevation Capital,Series A,6512000.0,2021-01-28,recent_2020_2025,2021,Enterprise
Delhivery,Edtech,UpSkilling,Hyderabad,"A91 Partners, Mirae Asset",Series B,30480000.0,2023-11-14,recent_2020_2025,2023,Edtech
SkillSolutions,Agritech,Marketplace,Noida,"Peak XV, Zodius Capital",Pre-Series A,168000.0,2025-06-30,recent_2020_2025,2025,Agritech
GreenConnect,Logistics,Fleet Management,Mumbai,"Lightspeed India, Matrix Partners India, Mirae Asset",Seed,692000.0,2022-06-24,recent_2020_2025,2022,Logistics
SkillFlow,Media,Content,Delhi,"Matrix Partners India, Tiger Global",Seed,120000.0,2024-02-26,recent_2020_2025,2024,Media
Zepto,Realestate,PropTech,Bengaluru,"Mirae Asset, Nexus Venture Partners, Prosus Ventures",Seed,166000.0,2021-11-07,recent_2020_2025,2021,Real Estate
NextSense,Consumer Electronics,Wearables,Gurugram,Elevation Capital,Series C,150998000.0,2021-08-11,recent_2020_2025,2021,Consumer Electronics
HealthWorks,E-Commerce,Grocery,Gurugram,LCatterton,Series A,5808000.0,2024-01-20,recent_2020_2025,2024,Ecommerce
NoBroker,Foodtech,Cloud Kitchen,Bengaluru,"Blume Ventures, Ventures India",Debt,19590000.0,2022-03-24,recent_2020_2025,2022,Foodtech
Cars24,Fintech,Payments,Hyderabad,Elevation Capital,Series A,5935000.0,2020-08-07,recent_2020_2025,2020,Fintech
NimbusLabs,Healthtech,Health Analytics,Hyderabad,Blume Ventures,Seed,407000.0,2020-08-18,recent_2020_2025,2020,Healthtech
LogiRise,Media,Social,Bengaluru,A91 Partners,Series B,6483000.0,2024-06-07,recent_2020_2025,2024,Media
CloudLabs,Enterprise,Automation,Chennai,Accel,Series C,54137000.0,2022-11-21,recent_2020_2025,2022,Enterprise
Wakefit,Healthtech,Diagnostics,Kolkata,Matrix Partners India,Seed,133000.0,2021-05-23,recent_2020_2025,2021,Healthtech
FinSpace,Logistics,Supply Chain,Hyderabad,Matrix Partners India,Series A,1936000.0,2023-03-19,recent_2020_2025,2023,Logistics
ShareChat,Media,Social,Bengaluru,Blume Ventures,Series B,74232000.0,2022-08-11,recent_2020_2025,2022,Media
AeroAnalytics,Media,Content,Mumbai,Y Combinator,Series B,14870000.0,2025-04-10,recent_2020_2025,2025,Media
HomeAnalytics,Healthtech,Health Analytics,Delhi,Kalaari Capital,Series A,11198000.0,2023-05-25,recent_2020_2025,2023,Healthtech
CoreSpace,Retail,Fashion,Gurugram,"Accel, IFC",Series C,110486000.0,2023-10-25,recent_2020_2025,2023,Retail
EduMart,Saas,B2B SaaS,Ahmedabad,"LCatterton, Lightspeed India",Seed,938000.0,2024-08-24,recent_2020_2025,2024,SaaS
WorkPay,Enterprise,Automation,Kolkata,"Accel, Falcon Edge, Omidyar Network",Seed,319000.0,2021-02-24,recent_2020_2025,2021,Enterprise
NimbusMart,Mobility,EV,Kolkata,"Prosus Ventures, SoftBank Vision Fund",Series A,4770000.0,2023-02-18,recent_2020_2025,2023,Mobility
DataAnalytics,Enterprise,Analytics,Gurugram,"SoftBank Vision Fund, Tiger Global",Series A,3795000.0,2020-04-02,recent_2020_2025,2020,Enterprise
HealthWorks,E-Commerce,Fashion,Bengaluru,Ventures India,Seed,103000.0,2021-01-03,recent_2020_2025,2021,Ecommerce
QuantumDrive,Foodtech,Food Delivery,Chennai,"IFC, Nexus Venture Partners",Pre-Series A,528000.0,2023-10-30,recent_2020_2025,2023,Foodtech
Housejoy,Healthtech,Health Analytics,Noida,Zodius Capital,Seed,141000.0,2025-06-27,recent_2020_2025,2025,Healthtech
DataAnalytics,Consumer Electronics,Smart Home,Noida,Matrix Partners India,Pre-Series A,106000.0,2022-02-15,recent_2020_2025,2022,Consumer Electronics
FoodSolutions,Edtech,Test Prep,Bengaluru,"IFC, Ventures India",Series C,114859000.0,2022-05-08,recent_2020_2025,2022,Edtech
PhonePe,Edtech,K12,Mumbai,"Kedaara Capital, Omidyar Network",Seed,96000.0,2020-03-09,recent_2020_2025,2020,Edtech
Postman,Edtech,Test Prep,Chennai,Ventures India,Series A,12766000.0,2023-01-10,recent_2020_2025,2023,Edtech
NimbusMart,Logistics,Last Mile,Ahmedabad,"IFC, Matrix Partners India, Zodius Capital",Seed,1687000.0,2023-05-09,recent_2020_2025,2023,Logistics
HomeAnalytics,Logistics,Last Mile,Noida,"Info Edge, LCatterton, Ribbit Capital",Bridge,1461000.0,2024-12-06,recent_2020_2025,2024,Logistics
NimbusLabs_243,Saas,MarTech,Noida,"Nexus Venture Partners, Y Combinator",Seed,196000.0,2022-05-02,recent_2020_2025,2022,SaaS
FarmBox,Edtech,UpSkilling,Delhi,A91 Partners,Series C,20855000.0,2025-02-16,recent_2020_2025,2025,Edtech
SkillRise,Healthtech,Health Analytics,Gurugram,"Accel, Info Edge, Y Combinator",Seed,1535000.0,2021-11-07,recent_2020_2025,2021,Healthtech
FinFoods_246,Foodtech,Grocery,Ahmedabad,Blume Ventures,Series A,3188000.0,2024-11-24,recent_2020_2025,2024,Foodtech
GreenEdge,Enterprise,Security,Hyderabad,Peak XV,Bridge,1769000.0,2020-02-01,recent_2020_2025,2020,Enterprise
Housejoy,Media,Content,Gurugram,Kalaari Capital,Series B,72324000.0,2023-12-12,recent_2020_2025,2023,Media
MediWorks,Retail,Grocery,Chennai,SoftBank Vision Fund,Series A,10074000.0,2023-08-21,recent_2020_2025,2023,Retail
ShareChat,Mobility,EV,Kolkata,"SoftBank Vision Fund, Ventures India",Seed,148000.0,2024-01-19,recent_2020_2025,2024,Mobility
CoreFlow,Foodtech,Cloud Kitchen,Ahmedabad,Sequoia Capital India,Growth,138147000.0,2024-02-27,recent_2020_2025,2024,Foodtech
SkillRise,Edtech,UpSkilling,Gurugram,Mirae Asset,Pre-Series A,710000.0,2024-09-02,recent_2020_2025,2024,Edtech
BlueSpace,Enterprise,Security,Kolkata,Blume Ventures,Series A,2359000.0,2024-02-09,recent_2020_2025,2024,Enterprise
NeoLabs,Mobility,Micro Mobility,Bengaluru,Peak XV,Series A,1582000.0,2024-09-14,recent_2020_2025,2024,Mobility
Postman,Retail,E-Retail,Chennai,Tiger Global,Seed,390000.0,2023-07-15,recent_2020_2025,2023,Retail
WorkPay_256,Mobility,EV,Pune,"LCatterton, Peak XV, Prosus Ventures",Seed,1580000.0,2023-07-30,recent_2020_2025,2023,Mobility
PhonePe,Fintech,NeoBank,Noida,"Falcon Edge, Kedaara Capital",Pre-Series A,497000.0,2020-02-04,recent_2020_2025,2020,Fintech
SmartTech_258,Enterprise,Automation,Chennai,Accel,Series C,93643000.0,2025-02-06,recent_2020_2025,2025,Enterprise
Wakefit,Mobility,Ride Sharing,Gurugram,Zodius Capital,Seed,72000.0,2022-12-14,recent_2020_2025,2022,Mobility
NextStack,E-Commerce,D2C,Chennai,"IFC, Lightspeed India, Prosus Ventures",Series A,5288000.0,2021-05-13,recent_2020_2025,2021,Ecommerce
GreenMart,Foodtech,Food Delivery,Noida,Kedaara Capital,Series A,14601000.0,2023-07-28,recent_2020_2025,2023,Foodtech
WorkFit,Foodtech,Grocery,Pune,LCatterton,Series A,1461000.0,2024-10-23,recent_2020_2025,2024,Foodtech
Razorpay,Edtech,K12,Ahmedabad,Prosus Ventures,Series A,4070000.0,2020-04-05,recent_2020_2025,2020,Edtech
QuantumSolutions,Agritech,Marketplace,Bengaluru,Sequoia Capital India,Seed,1272000.0,2024-10-07,recent_2020_2025,2024,Agritech
FarmTech,Retail,Fashion,Chennai,A91 Partners,Angel,46000.0,2021-09-04,recent_2020_2025,2021,Retail
UrbanDrive,Mobility,EV,Chennai,"Falcon Edge, Kedaara Capital, Tiger Global Management",Series C,132064000.0,2020-10-13,recent_2020_2025,2020,Mobility
Udaan,E-Commerce,Fashion,Gurugram,"Peak XV, Ventures India",Series D,252031000.0,2021-11-28,recent_2020_2025,2021,Ecommerce
AutoMart,Saas,B2B SaaS,Hyderabad,"A91 Partners, Lightspeed India",Series C,52945000.0,2022-07-11,recent_2020_2025,2022,SaaS
UrbanSolutions,Realestate,Rental Tech,Chennai,Bessemer Venture Partners,Seed,148000.0,2023-06-20,recent_2020_2025,2023,Real Estate
Groww,E-Commerce,D2C,Delhi,"Blume Ventures, Kalaari Capital, Y Combinator",Pre-Series A,645000.0,2024-05-24,recent_2020_2025,2024,Ecommerce
Bounce,Fintech,WealthTech,Kolkata,Nexus Venture Partners,Pre-Series A,646000.0,2021-07-06,recent_2020_2025,2021,Fintech
DataEdge,Mobility,Micro Mobility,Noida,Y Combinator,Pre-Series A,736000.0,2020-02-23,recent_2020_2025,2020,Mobility
Bounce,Agritech,Marketplace,Pune,Kalaari Capital,Growth,556750000.0,2020-01-26,recent_2020_2025,2020,Agritech
WorkFit,Mobility,Ride Sharing,Ahmedabad,"Blume Ventures, Matrix Partners India",Series A,3994000.0,2023-11-04,recent_2020_2025,2023,Mobility
NextStack,E-Commerce,Marketplace,Chennai,"Bessemer Venture Partners, Y Combinator",Seed,318000.0,2021-09-05,recent_2020_2025,2021,Ecommerce
LogiMart,Consumer Electronics,Smart Home,Ahmedabad,Elevation Capital,Seed,950000.0,2020-08-07,recent_2020_2025,2020,Consumer Electronics
AutoMart,Agritech,Smart Farming,Pune,"Nexus Venture Partners, SoftBank Vision Fund, Tiger Global Management",Series A,5813000.0,2022-05-31,recent_2020_2025,2022,Agritech
CloudPay,Healthtech,Health Analytics,Pune,"A91 Partners, Matrix Partners India, Mirae Asset",Seed,666000.0,2023-11-24,recent_2020_2025,2023,Healthtech
UrbanSolutions,Retail,Grocery,Pune,Omidyar Network,Seed,942000.0,2023-02-28,recent_2020_2025,2023,Retail
BlueTech,Mobility,Ride Sharing,Kolkata,"Bessemer Venture Partners, Zodius Capital",Bridge,1333000.0,2021-03-05,recent_2020_2025,2021,Mobility
CRED,Enterprise,Security,Kolkata,Matrix Partners India,Seed,174000.0,2021-09-12,recent_2020_2025,2021,Enterprise
HyperLoop,Retail,Grocery,Mumbai,"Falcon Edge, Omidyar Network",Series A,2765000.0,2023-05-09,recent_2020_2025,2023,Retail
QuantumDrive,Retail,Grocery,Noida,Accel,Series A,1290000.0,2025-02-15,recent_2020_2025,2025,Retail
LogiMart,Saas,DevTools,Ahmedabad,"Ribbit Capital, SoftBank Vision Fund, Tiger Global Management",Pre-Seed,76000.0,2023-08-14,recent_2020_2025,2023,SaaS
Paytm,E-Commerce,Quick Commerce,Mumbai,"A91 Partners, Falcon Edge, Omidyar Network",Seed,57000.0,2022-11-11,recent_2020_2025,2022,Ecommerce
EduMart,Consumer Electronics,Smart Home,Ahmedabad,Tiger Global Management,Series B,18181000.0,2020-11-04,recent_2020_2025,2020,Consumer Electronics
AgriHive,Foodtech,Cloud Kitchen,Mumbai,Y Combinator,Series D,174427000.0,2024-02-04,recent_2020_2025,2024,Foodtech
DataHive,Edtech,Coding Bootcamp,Pune,"Elevation Capital, Kedaara Capital, SoftBank Vision Fund",Series A,2173000.0,2022-06-16,recent_2020_2025,2022,Edtech
Porter,Fintech,WealthTech,Mumbai,"Blume Ventures, Matrix Partners India",Series B,25728000.0,2020-12-02,recent_2020_2025,2020,Fintech
DriveLoop,Edtech,Coding Bootcamp,Delhi,"Kalaari Capital, Ventures India",Seed,56000.0,2023-09-08,recent_2020_2025,2023,Edtech
BlueRise,Foodtech,Food Delivery,Bengaluru,Ventures India,Series B,5546000.0,2021-02-25,recent_2020_2025,2021,Foodtech
Byju's,Agritech,Supply Chain,Noida,Info Edge,Seed,1040000.0,2021-10-29,recent_2020_2025,2021,Agritech
CureFit,Realestate,Home Services,Noida,Kalaari Capital,Bridge,189000.0,2021-10-03,recent_2020_2025,2021,Real Estate
Porter,Saas,HRTech,Kolkata,"Elevation Capital, Kedaara Capital, Omidyar Network",Series A,1411000.0,2024-07-24,recent_2020_2025,2024,SaaS
WorkFit,Saas,B2B SaaS,Gurugram,Kedaara Capital,Seed,343000.0,2021-01-09,recent_2020_2025,2021,SaaS
UrbanDrive,Healthtech,Health Analytics,Chennai,"Kedaara Capital, Ribbit Capital",Seed,856000.0,2023-07-25,recent_2020_2025,2023,Healthtech
NoBroker,Mobility,Ride Sharing,Kolkata,Zodius Capital,Seed,111000.0,2021-01-18,recent_2020_2025,2021,Mobility
Udaan,Enterprise,Security,Bengaluru,"Falcon Edge, Tiger Global Management",Series A,5402000.0,2021-02-03,recent_2020_2025,2021,Enterprise
NimbusLabs,Consumer Electronics,Wearables,Kolkata,"Sequoia Capital India, Ventures India",Series A,1260000.0,2020-06-18,recent_2020_2025,2020,Consumer Electronics
Cars24,Fintech,WealthTech,Gurugram,"A91 Partners, Bessemer Venture Partners",Series A,1150000.0,2020-12-10,recent_2020_2025,2020,Fintech
NimbusLabs,E-Commerce,Grocery,Mumbai,A91 Partners,Seed,355000.0,2023-01-17,recent_2020_2025,2023,Ecommerce
Razorpay,Retail,Fashion,Kolkata,Ventures India,Series A,4324000.0,2022-05-20,recent_2020_2025,2022,Retail
LogiMart,Fintech,InsurTech,Hyderabad,Info Edge,Seed,525000.0,2024-07-30,recent_2020_2025,2024,Fintech
Housejoy,Retail,E-Retail,Gurugram,"Kedaara Capital, Ribbit Capital, Y Combinator",Series C,142883000.0,2023-04-19,recent_2020_2025,2023,Retail
Dream11,Agritech,Supply Chain,Gurugram,A91 Partners,Series C,281010000.0,2024-07-07,recent_2020_2025,2024,Agritech
QuantumSolutions,Healthtech,Pharmacy,Hyderabad,"Prosus Ventures, Tiger Global Management",Seed,336000.0,2021-07-01,recent_2020_2025,2021,Healthtech
Wakefit,Healthtech,Health Analytics,Bengaluru,"IFC, Matrix Partners India, Nexus Venture Partners",Debt,744000.0,2024-11-10,recent_2020_2025,2024,Healthtech
AgriSense,Retail,Fashion,Chennai,"Info Edge, Kalaari Capital, Matrix Partners India",Series A,8614000.0,2023-03-28,recent_2020_2025,2023,Retail
Bounce,Foodtech,Grocery,Hyderabad,Info Edge,Series B,10595000.0,2024-12-01,recent_2020_2025,2024,Foodtech
Myntra,Saas,B2B SaaS,Mumbai,"Prosus Ventures, Tiger Global, Y Combinator",Series B,16887000.0,2022-07-27,recent_2020_2025,2022,SaaS
AutoMart,Foodtech,Cloud Kitchen,Kolkata,SoftBank Vision Fund,Seed,67000.0,2024-08-23,recent_2020_2025,2024,Foodtech
LogiSense,Consumer Electronics,Wearables,Bengaluru,"Peak XV, Sequoia Capital India",Pre-Seed,21000.0,2023-07-06,recent_2020_2025,2023,Consumer Electronics
NextSense,Fintech,InsurTech,Gurugram,IFC,Debt,39642000.0,2025-02-05,recent_2020_2025,2025,Fintech
Oyo,Healthtech,Pharmacy,Mumbai,Y Combinator,Series B,50768000.0,2021-05-27,recent_2020_2025,2021,Healthtech
Dream11,Fintech,InsurTech,Hyderabad,Info Edge,Series B,34436000.0,2024-03-26,recent_2020_2025,2024,Fintech
Bounce,Media,Social,Bengaluru,Omidyar Network,Seed,226000.0,2020-06-08,recent_2020_2025,2020,Media
Ola,Fintech,Payments,Pune,"Kedaara Capital, Mirae Asset",Series C,31977000.0,2024-10-27,recent_2020_2025,2024,Fintech
HomeFoods,Media,Social,Mumbai,Nexus Venture Partners,Seed,89000.0,2024-12-09,recent_2020_2025,2024,Media
HyperSpace,Realestate,PropTech,Mumbai,"Info Edge, Ribbit Capital",Series A,1969000.0,2020-01-18,recent_2020_2025,2020,Real Estate
Meesho,Realestate,Rental Tech,Delhi,"Info Edge, LCatterton, Lightspeed India",Angel,26000.0,2023-06-15,recent_2020_2025,2023,Real Estate
FinSense,Agritech,Marketplace,Chennai,Bessemer Venture Partners,Pre-Series A,518000.0,2022-05-29,recent_2020_2025,2022,Agritech
LogiMart,E-Commerce,Marketplace,Noida,"Elevation Capital, Peak XV",Series A,5977000.0,2024-01-16,recent_2020_2025,2024,Ecommerce
GrowthFlow,Realestate,Home Services,Gurugram,Ventures India,Series A,2134000.0,2022-11-09,recent_2020_2025,2022,Real Estate
Urban Company,Realestate,PropTech,Gurugram,Mirae Asset,Series A,13274000.0,2020-08-18,recent_2020_2025,2020,Real Estate
Groww,Mobility,Ride Sharing,Pune,"A91 Partners, IFC",Angel,46000.0,2020-09-27,recent_2020_2025,2020,Mobility
Mobikwik,Mobility,Micro Mobility,Delhi,Sequoia Capital India,Series C,89743000.0,2025-05-08,recent_2020_2025,2025,Mobility
CRED,Fintech,WealthTech,Gurugram,"Falcon Edge, Ribbit Capital",Pre-Seed,82000.0,2020-05-03,recent_2020_2025,2020,Fintech
AeroAnalytics,Foodtech,Grocery,Chennai,"Elevation Capital, Ribbit Capital",Seed,235000.0,2023-01-03,recent_2020_2025,2023,Foodtech
FreshTech_329,Edtech,K12,Noida,"Ribbit Capital, Ventures India",Seed,125000.0,2023-04-16,recent_2020_2025,2023,Edtech
FreshTech,Media,Social,Bengaluru,"Nexus Venture Partners, Omidyar Network",Seed,186000.0,2025-03-08,recent_2020_2025,2025,Media
NimbusMart,Media,Streaming,Delhi,Kedaara Capital,Seed,819000.0,2023-12-20,recent_2020_2025,2023,Media
BharatPe,Consumer Electronics,Wearables,Noida,"Matrix Partners India, Ventures India, Y Combinator",Series A,1040000.0,2024-08-11,recent_2020_2025,2024,Consumer Electronics
NextStack,E-Commerce,Quick Commerce,Pune,"Kedaara Capital, Tiger Global",Series C,27387000.0,2021-07-11,recent_2020_2025,2021,Ecommerce
Dunzo,Consumer Electronics,Wearables,Noida,Blume Ventures,Pre-Series A,111000.0,2022-10-20,recent_2020_2025,2022,Consumer Electronics
Zomato,Agritech,Marketplace,Mumbai,Tiger Global,Seed,58000.0,2022-11-08,recent_2020_2025,2022,Agritech
UrbanStack,Consumer Electronics,Wearables,Chennai,A91 Partners,Angel,65000.0,2021-01-01,recent_2020_2025,2021,Consumer Electronics
QuantumDrive,Edtech,Coding Bootcamp,Pune,"Falcon Edge, Y Combinator",Seed,670000.0,2020-06-08,recent_2020_2025,2020,Edtech
Udaan,Healthtech,Diagnostics,Noida,"Mirae Asset, Tiger Global",Debt,1904000.0,2025-05-07,recent_2020_2025,2025,Healthtech
HealthAnalytics,Logistics,Supply Chain,Mumbai,Lightspeed India,Series A,1303000.0,2020-01-17,recent_2020_2025,2020,Logistics
Oyo,Media,Streaming,Gurugram,"Bessemer Venture Partners, Tiger Global Management",Series A,3786000.0,2023-04-26,recent_2020_2025,2023,Media
HomeMart,Foodtech,Cloud Kitchen,Gurugram,"IFC, Peak XV, Sequoia Capital India",Series A,3605000.0,2023-07-26,recent_2020_2025,2023,Foodtech
UrbanSolutions,Media,Content,Mumbai,"Mirae Asset, Tiger Global",Seed,95000.0,2021-05-02,recent_2020_2025,2021,Media
SmartCare,E-Commerce,Quick Commerce,Gurugram,"Kedaara Capital, Y Combinator",Angel,18000.0,2022-11-30,recent_2020_2025,2022,Ecommerce
WorkFit,Mobility,Ride Sharing,Chennai,Info Edge,Seed,217000.0,2023-03-08,recent_2020_2025,2023,Mobility
LogiSense,Logistics,Supply Chain,Chennai,SoftBank Vision Fund,Series B,27576000.0,2024-02-15,recent_2020_2025,2024,Logistics
SkillFlow,Edtech,K12,Ahmedabad,Info Edge,Seed,521000.0,2020-08-04,recent_2020_2025,2020,Edtech
HyperLabs,Mobility,EV,Gurugram,IFC,Series A,1131000.0,2022-08-06,recent_2020_2025,2022,Mobility
Bounce,Healthtech,Pharmacy,Ahmedabad,Nexus Venture Partners,Pre-Seed,47000.0,2024-09-07,recent_2020_2025,2024,Healthtech
LogiMart,Foodtech,Grocery,Bengaluru,Sequoia Capital India,Series B,28352000.0,2021-06-16,recent_2020_2025,2021,Foodtech
CoreConnect,Mobility,Micro Mobility,Noida,Bessemer Venture Partners,Seed,320000.0,2022-08-04,recent_2020_2025,2022,Mobility
FinSense,Fintech,Lending,Delhi,Prosus Ventures,Seed,1178000.0,2022-03-31,recent_2020_2025,2022,Fintech
WorkFit,Logistics,Last Mile,Bengaluru,"Info Edge, LCatterton, Nexus Venture Partners",Debt,5995000.0,2021-02-08,recent_2020_2025,2021,Logistics
FreshBox,Consumer Electronics,Audio,Delhi,"Kalaari Capital, Prosus Ventures, Sequoia Capital India",Angel,8000.0,2022-06-06,recent_2020_2025,2022,Consumer Electronics
NoBroker,Saas,DevTools,Delhi,Sequoia Capital India,Seed,65000.0,2022-07-02,recent_2020_2025,2022,SaaS
HomeMart,Consumer Electronics,Wearables,Noida,Y Combinator,Series A,5696000.0,2020-06-28,recent_2020_2025,2020,Consumer Electronics
QuantumDrive,Retail,Fashion,Gurugram,"Bessemer Venture Partners, Tiger Global Management",Series B,5381000.0,2024-06-30,recent_2020_2025,2024,Retail
Licious,Consumer Electronics,Smart Home,Kolkata,"Elevation Capital, SoftBank Vision Fund",Seed,434000.0,2023-03-04,recent_2020_2025,2023,Consumer Electronics
GrowthFlow,Edtech,Test Prep,Hyderabad,"Omidyar Network, Y Combinator",Seed,1604000.0,2022-08-24,recent_2020_2025,2022,Edtech
PharmEasy,Healthtech,Telemedicine,Gurugram,"LCatterton, Zodius Capital",Series B,24655000.0,2021-06-29,recent_2020_2025,2021,Healthtech
NimbusMart,Edtech,Coding Bootcamp,Pune,Blume Ventures,Angel,16000.0,2024-09-27,recent_2020_2025,2024,Edtech
FoodLoop,Media,Content,Ahmedabad,Peak XV,Pre-Seed,88000.0,2023-12-05,recent_2020_2025,2023,Media
SmartCare,Edtech,Coding Bootcamp,Noida,Accel,Seed,271000.0,2022-10-01,recent_2020_2025,2022,Edtech
PharmEasy,Agritech,Supply Chain,Bengaluru,LCatterton,Series A,4382000.0,2020-01-02,recent_2020_2025,2020,Agritech
CloudPay,Saas,DevTools,Pune,"Kedaara Capital, Nexus Venture Partners",Seed,1612000.0,2020-10-29,recent_2020_2025,2020,SaaS
FreshToHome,Enterprise,Automation,Pune,"Accel, Kalaari Capital, Peak XV",Bridge,208000.0,2022-02-04,recent_2020_2025,2022,Enterprise
Oyo,Saas,DevTools,Delhi,"Blume Ventures, Peak XV, Ribbit Capital",Series B,71839000.0,2022-06-13,recent_2020_2025,2022,SaaS
Licious,Edtech,K12,Chennai,Nexus Venture Partners,Seed,1411000.0,2023-11-11,recent_2020_2025,2023,Edtech
Rapido,Media,Streaming,Chennai,"Omidyar Network, Sequoia Capital India",Series D,78480000.0,2024-04-27,recent_2020_2025,2024,Media
HomeAnalytics,E-Commerce,Fashion,Delhi,Y Combinator,Seed,65000.0,2020-06-08,recent_2020_2025,2020,Ecommerce
FoodLoop,E-Commerce,D2C,Kolkata,Kedaara Capital,Pre-Seed,25000.0,2021-03-05,recent_2020_2025,2021,Ecommerce
NextFlow,E-Commerce,Quick Commerce,Bengaluru,"IFC, Tiger Global Management",Pre-Series A,104000.0,2024-02-09,recent_2020_2025,2024,Ecommerce
NimbusLabs,Saas,MarTech,Mumbai,"Prosus Ventures, Ribbit Capital",Series C,25829000.0,2024-06-03,recent_2020_2025,2024,SaaS
BharatPe,Consumer Electronics,Audio,Bengaluru,Peak XV,Seed,621000.0,2021-10-14,recent_2020_2025,2021,Consumer Electronics
Groww,Saas,DevTools,Chennai,"Peak XV, Tiger Global Management",Seed,65000.0,2020-06-02,recent_2020_2025,2020,SaaS
BlueSpace,Agritech,Smart Farming,Bengaluru,Omidyar Network,Series A,2372000.0,2023-08-31,recent_2020_2025,2023,Agritech
DriveEdge,E-Commerce,D2C,Gurugram,"A91 Partners, Peak XV",Bridge,1129000.0,2022-04-18,recent_2020_2025,2022,Ecommerce
HealthAnalytics,E-Commerce,Quick Commerce,Chennai,"Nexus Venture Partners, Y Combinator",Series A,1065000.0,2024-09-16,recent_2020_2025,2024,Ecommerce
DriveLoop,Enterprise,Automation,Ahmedabad,Lightspeed India,Series A,9076000.0,2020-07-17,recent_2020_2025,2020,Enterprise
Cars24,E-Commerce,Fashion,Mumbai,"Mirae Asset, Prosus Ventures",Seed,141000.0,2022-03-25,recent_2020_2025,2022,Ecommerce
Bounce,Realestate,Rental Tech,Chennai,"Info Edge, Y Combinator",Seed,77000.0,2024-12-18,recent_2020_2025,2024,Real Estate
CureFit,Consumer Electronics,Wearables,Hyderabad,"Tiger Global, Ventures India",Seed,653000.0,2021-07-04,recent_2020_2025,2021,Consumer Electronics
Wakefit,E-Commerce,D2C,Noida,"Lightspeed India, Tiger Global",Pre-Series A,426000.0,2024-03-29,recent_2020_2025,2024,Ecommerce
UrbanDrive,Foodtech,Grocery,Kolkata,"Elevation Capital, Kalaari Capital",Series A,10764000.0,2021-04-27,recent_2020_2025,2021,Foodtech
GreenMart,Mobility,Micro Mobility,Ahmedabad,"Blume Ventures, Tiger Global Management",Seed,753000.0,2025-04-28,recent_2020_2025,2025,Mobility
Meesho,Retail,E-Retail,Delhi,"Info Edge, Ribbit Capital, Tiger Global Management",Pre-Seed,127000.0,2020-06-09,recent_2020_2025,2020,Retail
Swiggy,Saas,B2B SaaS,Mumbai,"Elevation Capital, SoftBank Vision Fund",Pre-Series A,191000.0,2022-03-24,recent_2020_2025,2022,SaaS
LogiRise,Fintech,NeoBank,Ahmedabad,Kalaari Capital,Series A,1617000.0,2022-05-09,recent_2020_2025,2022,Fintech
GreenConnect,Agritech,Supply Chain,Mumbai,IFC,Series A,7635000.0,2020-07-25,recent_2020_2025,2020,Agritech
FoodSolutions,Logistics,Supply Chain,Kolkata,Blume Ventures,Series A,8890000.0,2022-08-26,recent_2020_2025,2022,Logistics
CoreConnect,Agritech,Marketplace,Chennai,Prosus Ventures,Pre-Seed,196000.0,2024-12-26,recent_2020_2025,2024,Agritech
Postman,Media,Content,Hyderabad,Zodius Capital,Angel,17000.0,2020-02-11,recent_2020_2025,2020,Media
Oyo,Logistics,Supply Chain,Kolkata,Tiger Global Management,Series D,117757000.0,2023-11-03,recent_2020_2025,2023,Logistics
HomeFoods,Media,Content,Pune,"Blume Ventures, Ribbit Capital",Seed,877000.0,2022-05-03,recent_2020_2025,2022,Media
Meesho,Enterprise,Security,Kolkata,Zodius Capital,Series C,50332000.0,2024-11-11,recent_2020_2025,2024,Enterprise
NextSense_395,Media,Streaming,Chennai,"IFC, Sequoia Capital India",Seed,1549000.0,2024-10-09,recent_2020_2025,2024,Media
CloudLabs,Edtech,Test Prep,Gurugram,Kedaara Capital,Pre-Seed,144000.0,2020-04-13,recent_2020_2025,2020,Edtech
SkillSolutions,Consumer Electronics,Smart Home,Chennai,"Omidyar Network, Sequoia Capital India, Y Combinator",Series B,16426000.0,2020-09-10,recent_2020_2025,2020,Consumer Electronics
EduTech,Consumer Electronics,Smart Home,Noida,Ventures India,Seed,798000.0,2020-11-30,recent_2020_2025,2020,Consumer Electronics
Bounce,Logistics,Last Mile,Chennai,"Bessemer Venture Partners, Lightspeed India",Pre-Seed,114000.0,2024-10-14,recent_2020_2025,2024,Logistics
HomeAnalytics,Realestate,PropTech,Hyderabad,IFC,Series B,6655000.0,2022-11-17,recent_2020_2025,2022,Real Estate
MediSpace,Healthtech,Diagnostics,Ahmedabad,Omidyar Network,Series C,230417000.0,2021-04-03,recent_2020_2025,2021,Healthtech
BigBasket,Media,Streaming,Hyderabad,Info Edge,Pre-Series A,320000.0,2022-02-10,recent_2020_2025,2022,Media
GreenEdge,Realestate,Rental Tech,Ahmedabad,Falcon Edge,Pre-Series A,671000.0,2020-07-28,recent_2020_2025,2020,Real Estate
NimbusWorks,Agritech,Marketplace,Hyderabad,"Tiger Global, Tiger Global Management",Seed,163000.0,2020-08-09,recent_2020_2025,2020,Agritech
NeoSense,Logistics,Fleet Management,Hyderabad,LCatterton,Seed,1360000.0,2022-11-25,recent_2020_2025,2022,Logistics
CoreConnect,Realestate,PropTech,Bengaluru,LCatterton,Series B,14710000.0,2021-08-28,recent_2020_2025,2021,Real Estate
CoreConnect,Fintech,NeoBank,Ahmedabad,"Kedaara Capital, Prosus Ventures, Ribbit Capital",Series C,20596000.0,2021-12-03,recent_2020_2025,2021,Fintech
FarmBox,Realestate,Home Services,Noida,"Accel, Blume Ventures, IFC",Seed,1411000.0,2020-12-14,recent_2020_2025,2020,Real Estate
FreshSolutions,Media,Streaming,Delhi,Prosus Ventures,Bridge,70000.0,2025-01-16,recent_2020_2025,2025,Media
HomeAnalytics,Media,Content,Chennai,Matrix Partners India,Series C,47487000.0,2021-11-09,recent_2020_2025,2021,Media
Urban Company,Consumer Electronics,Audio,Kolkata,"Omidyar Network, Ribbit Capital",Seed,1664000.0,2023-07-23,recent_2020_2025,2023,Consumer Electronics
CoreSpace,Mobility,Ride Sharing,Chennai,IFC,Series A,13122000.0,2022-04-26,recent_2020_2025,2022,Mobility
WorkPay,Edtech,UpSkilling,Chennai,"IFC, Nexus Venture Partners",Debt,3529000.0,2025-01-02,recent_2020_2025,2025,Edtech
BlueTech,Consumer Electronics,Wearables,Delhi,Info Edge,Seed,514000.0,2020-04-28,recent_2020_2025,2020,Consumer Electronics
FarmTech,Healthtech,Diagnostics,Kolkata,Nexus Venture Partners,Series C,67366000.0,2024-05-15,recent_2020_2025,2024,Healthtech
DriveEdge,Foodtech,Food Delivery,Kolkata,"Lightspeed India, Y Combinator",Pre-Series A,196000.0,2020-03-18,recent_2020_2025,2020,Foodtech
UrbanStack,Retail,Fashion,Gurugram,"IFC, Lightspeed India, Ventures India",Pre-Seed,43000.0,2020-01-09,recent_2020_2025,2020,Retail
FreshTech,Foodtech,Grocery,Ahmedabad,Elevation Capital,Seed,598000.0,2020-05-13,recent_2020_2025,2020,Foodtech
Cars24,Consumer Electronics,Smart Home,Noida,"LCatterton, Tiger Global Management",Series A,7671000.0,2021-11-22,recent_2020_2025,2021,Consumer Electronics
DataHive,Consumer Electronics,Wearables,Gurugram,"Lightspeed India, Sequoia Capital India",Seed,927000.0,2025-01-31,recent_2020_2025,2025,Consumer Electronics
LogiSense,Fintech,NeoBank,Noida,"IFC, Ribbit Capital, Sequoia Capital India",Seed,920000.0,2022-01-20,recent_2020_2025,2022,Fintech
CloudSolutions,Agritech,Supply Chain,Ahmedabad,Ribbit Capital,Debt,176000.0,2023-09-17,recent_2020_2025,2023,Agritech
DataAnalytics_423,E-Commerce,Fashion,Kolkata,Mirae Asset,Pre-Series A,312000.0,2023-01-25,recent_2020_2025,2023,Ecommerce
HyperLoop,Realestate,Rental Tech,Bengaluru,Prosus Ventures,Seed,62000.0,2023-09-17,recent_2020_2025,2023,Real Estate
SkillFlow,Media,Social,Chennai,"Kedaara Capital, Nexus Venture Partners",Series D,177214000.0,2020-08-02,recent_2020_2025,2020,Media
Porter,Retail,E-Retail,Kolkata,Zodius Capital,Seed,255000.0,2021-02-13,recent_2020_2025,2021,Retail
CloudPay,Foodtech,Food Delivery,Delhi,Prosus Ventures,Pre-Seed,154000.0,2022-10-13,recent_2020_2025,2022,Foodtech
AgriHive,Fintech,Payments,Mumbai,"Nexus Venture Partners, Prosus Ventures",Angel,14000.0,2024-09-06,recent_2020_2025,2024,Fintech
Bounce,Retail,Fashion,Mumbai,Ribbit Capital,Series B,6917000.0,2020-07-26,recent_2020_2025,2020,Retail
AutoFlow,Logistics,Supply Chain,Kolkata,IFC,Seed,85000.0,2024-07-23,recent_2020_2025,2024,Logistics
Cars24,Saas,HRTech,Chennai,Sequoia Capital India,Series B,41297000.0,2020-07-13,recent_2020_2025,2020,SaaS
FinSense,Healthtech,Pharmacy,Pune,"Matrix Partners India, Ventures India",Angel,32000.0,2025-05-10,recent_2020_2025,2025,Healthtech
NimbusWorks,Healthtech,Telemedicine,Chennai,Zodius Capital,Pre-Series A,126000.0,2022-07-23,recent_2020_2025,2022,Healthtech
GrowthCare,Realestate,PropTech,Mumbai,Tiger Global Management,Seed,68000.0,2024-01-27,recent_2020_2025,2024,Real Estate
NextSense,Agritech,Smart Farming,Ahmedabad,Y Combinator,Series B,34916000.0,2021-01-06,recent_2020_2025,2021,Agritech
ClearTax,Enterprise,Automation,Delhi,LCatterton,Series A,1218000.0,2022-09-26,recent_2020_2025,2022,Enterprise
Dailyhunt,Fintech,Payments,Hyderabad,"Falcon Edge, IFC, Ventures India",Series B,48819000.0,2020-01-26,recent_2020_2025,2020,Fintech
Zepto,Realestate,Home Services,Noida,"Accel, Prosus Ventures",Series A,6770000.0,2023-12-05,recent_2020_2025,2023,Real Estate
LogiMart,Realestate,Rental Tech,Chennai,"LCatterton, Omidyar Network",Seed,67000.0,2024-08-19,recent_2020_2025,2024,Real Estate
MediSpace,Healthtech,Health Analytics,Kolkata,SoftBank Vision Fund,Growth,62547000.0,2020-06-02,recent_2020_2025,2020,Healthtech
QuantumSolutions_441,Edtech,Coding Bootcamp,Chennai,"A91 Partners, Info Edge",Series C,289340000.0,2020-06-10,recent_2020_2025,2020,Edtech
Unacademy,Enterprise,Security,Kolkata,"Accel, Kalaari Capital, Ribbit Capital",Seed,199000.0,2022-10-15,recent_2020_2025,2022,Enterprise
Rapido,Enterprise,Analytics,Ahmedabad,LCatterton,Bridge,196000.0,2023-07-29,recent_2020_2025,2023,Enterprise
CoreFlow,Consumer Electronics,Wearables,Pune,Zodius Capital,Series C,180699000.0,2024-07-30,recent_2020_2025,2024,Consumer Electronics
FreshBox,Agritech,Marketplace,Kolkata,"Accel, Info Edge, Prosus Ventures",Series B,69115000.0,2022-01-14,recent_2020_2025,2022,Agritech
Rapido,Saas,HRTech,Hyderabad,"Accel, LCatterton, Mirae Asset",Series A,14442000.0,2022-02-04,recent_2020_2025,2022,SaaS
Freshworks,E-Commerce,D2C,Ahmedabad,"Lightspeed India, Zodius Capital",Seed,805000.0,2020-09-04,recent_2020_2025,2020,Ecommerce
FinFoods,E-Commerce,Fashion,Bengaluru,"Bessemer Venture Partners, Info Edge, Omidyar Network",Angel,15000.0,2024-09-11,recent_2020_2025,2024,Ecommerce
ClearDekho,Healthtech,Health Analytics,Bengaluru,"Peak XV, Zodius Capital",Series A,1254000.0,2020-04-09,recent_2020_2025,2020,Healthtech
AgriHive,Retail,E-Retail,Ahmedabad,Accel,Seed,879000.0,2024-07-27,recent_2020_2025,2024,Retail
AgriSense,Foodtech,Food Delivery,Ahmedabad,Elevation Capital,Angel,27000.0,2024-04-10,recent_2020_2025,2024,Foodtech
DataHive,Consumer Electronics,Audio,Delhi,"A91 Partners, Falcon Edge, Zodius Capital",Pre-Series A,266000.0,2023-12-04,recent_2020_2025,2023,Consumer Electronics
HyperLabs,Mobility,Micro Mobility,Gurugram,"Elevation Capital, Prosus Ventures, SoftBank Vision Fund",Seed,1416000.0,2023-07-02,recent_2020_2025,2023,Mobility
EduTech,Media,Streaming,Pune,A91 Partners,Series B,6806000.0,2024-04-07,recent_2020_2025,2024,Media
SkillRise,Enterprise,Automation,Hyderabad,Falcon Edge,Growth,183477000.0,2022-05-15,recent_2020_2025,2022,Enterprise
GrowthFlow,Fintech,Payments,Gurugram,Tiger Global Management,Seed,52000.0,2024-05-27,recent_2020_2025,2024,Fintech
AutoStack,Fintech,WealthTech,Gurugram,Zodius Capital,Series C,71157000.0,2020-03-07,recent_2020_2025,2020,Fintech
Zomato,Agritech,Marketplace,Noida,"A91 Partners, Bessemer Venture Partners, Matrix Partners India",Growth,58010000.0,2024-02-29,recent_2020_2025,2024,Agritech
SmartTech,Fintech,InsurTech,Chennai,"A91 Partners, Sequoia Capital India, SoftBank Vision Fund",Pre-Series A,131000.0,2024-06-02,recent_2020_2025,2024,Fintech
AutoStack,Enterprise,Security,Gurugram,"A91 Partners, Ribbit Capital, Ventures India",Angel,7000.0,2023-12-14,recent_2020_2025,2023,Enterprise
BlueRise,Edtech,UpSkilling,Kolkata,Blume Ventures,Seed,548000.0,2023-10-30,recent_2020_2025,2023,Edtech
NoBroker,Media,Streaming,Mumbai,A91 Partners,Pre-Series A,557000.0,2022-05-27,recent_2020_2025,2022,Media
LogiSense,Enterprise,Security,Bengaluru,Tiger Global,Seed,430000.0,2023-12-24,recent_2020_2025,2023,Enterprise
AgriSense,Retail,Fashion,Ahmedabad,"A91 Partners, Bessemer Venture Partners",Series D,458292000.0,2021-09-08,recent_2020_2025,2021,Retail
Groww,Retail,Fashion,Pune,Falcon Edge,Series A,2760000.0,2025-05-13,recent_2020_2025,2025,Retail
ClearDekho,Healthtech,Health Analytics,Noida,Lightspeed India,Series A,2168000.0,2020-07-07,recent_2020_2025,2020,Healthtech
Meesho,Realestate,Home Services,Pune,"Falcon Edge, Tiger Global Management",Pre-Series A,739000.0,2021-03-23,recent_2020_2025,2021,Real Estate
MediSpace,Saas,MarTech,Gurugram,"Matrix Partners India, Tiger Global",Angel,10000.0,2023-06-10,recent_2020_2025,2023,SaaS
AgriSense,Retail,E-Retail,Chennai,Sequoia Capital India,Seed,1746000.0,2024-01-22,recent_2020_2025,2024,Retail
NimbusWorks,Mobility,EV,Kolkata,"Falcon Edge, Lightspeed India, Peak XV",Pre-Seed,21000.0,2025-01-13,recent_2020_2025,2025,Mobility
Dream11,Retail,Fashion,Noida,Prosus Ventures,Pre-Seed,187000.0,2020-05-14,recent_2020_2025,2020,Retail
Meesho,Enterprise,Automation,Chennai,"IFC, Zodius Capital",Series D,55224000.0,2021-02-25,recent_2020_2025,2021,Enterprise
DriveEdge,E-Commerce,Marketplace,Bengaluru,Accel,Series A,11170000.0,2021-11-10,recent_2020_2025,2021,Ecommerce
Udaan,Healthtech,Pharmacy,Noida,LCatterton,Seed,350000.0,2024-08-09,recent_2020_2025,2024,Healthtech
Freshworks,Foodtech,Food Delivery,Chennai,"Falcon Edge, Prosus Ventures",Series A,14717000.0,2020-02-04,recent_2020_2025,2020,Foodtech
Byju's,Retail,Fashion,Ahmedabad,Y Combinator,Pre-Seed,24000.0,2024-10-03,recent_2020_2025,2024,Retail
AeroAnalytics,Retail,Fashion,Hyderabad,"Y Combinator, Zodius Capital",Series A,4481000.0,2021-07-30,recent_2020_2025,2021,Retail
ClearTax,Consumer Electronics,Audio,Noida,"Bessemer Venture Partners, IFC",Seed,1786000.0,2024-03-09,recent_2020_2025,2024,Consumer Electronics
Urban Company,Realestate,PropTech,Hyderabad,"Peak XV, Ribbit Capital, Sequoia Capital India",Series B,21323000.0,2025-02-15,recent_2020_2025,2025,Real Estate
SmartCare,Fintech,NeoBank,Ahmedabad,Elevation Capital,Pre-Series A,426000.0,2023-01-26,recent_2020_2025,2023,Fintech
FoodSolutions,Realestate,Rental Tech,Delhi,"Lightspeed India, Zodius Capital",Seed,651000.0,2021-03-28,recent_2020_2025,2021,Real Estate
BlueTech,Agritech,Supply Chain,Noida,Elevation Capital,Series A,3424000.0,2023-01-30,recent_2020_2025,2023,Agritech
CRED,Logistics,Last Mile,Gurugram,Y Combinator,Series B,28486000.0,2022-09-24,recent_2020_2025,2022,Logistics
FinSpace,Agritech,Supply Chain,Gurugram,Ribbit Capital,Seed,432000.0,2022-07-11,recent_2020_2025,2022,Agritech
BigBasket,Media,Streaming,Delhi,Peak XV,Series A,11477000.0,2022-01-16,recent_2020_2025,2022,Media
Lenskart,Fintech,WealthTech,Gurugram,"Elevation Capital, Ribbit Capital, Y Combinator",Series C,22619000.0,2023-12-29,recent_2020_2025,2023,Fintech
FreshBox,Consumer Electronics,Wearables,Pune,"Accel, Ribbit Capital",Series C,42802000.0,2022-09-24,recent_2020_2025,2022,Consumer Electronics
HealthRise,Enterprise,Analytics,Noida,"Sequoia Capital India, Tiger Global",Seed,1666000.0,2024-02-11,recent_2020_2025,2024,Enterprise
ClearDekho,Realestate,PropTech,Ahmedabad,"Lightspeed India, Sequoia Capital India",Series A,11144000.0,2024-04-24,recent_2020_2025,2024,Real Estate
Swiggy,Mobility,Micro Mobility,Kolkata,Kalaari Capital,Series B,17686000.0,2020-10-31,recent_2020_2025,2020,Mobility
Cars24,Healthtech,Health Analytics,Noida,Falcon Edge,Series A,5362000.0,2022-03-23,recent_2020_2025,2022,Healthtech
MediWorks,Retail,Fashion,Delhi,"A91 Partners, Blume Ventures",Series C,42389000.0,2020-10-14,recent_2020_2025,2020,Retail
GreenConnect,Consumer Electronics,Wearables,Bengaluru,Tiger Global,Seed,100000.0,2022-09-25,recent_2020_2025,2022,Consumer Electronics
Nykaa,Edtech,Test Prep,Gurugram,Kalaari Capital,Series A,3510000.0,2024-06-08,recent_2020_2025,2024,Edtech
AutoFlow,Fintech,WealthTech,Mumbai,"Matrix Partners India, Zodius Capital",Series B,13318000.0,2022-12-03,recent_2020_2025,2022,Fintech
NoBroker,Foodtech,Grocery,Chennai,Falcon Edge,Pre-Series A,383000.0,2023-08-31,recent_2020_2025,2023,Foodtech
UrbanSolutions,Edtech,Coding Bootcamp,Pune,"Bessemer Venture Partners, LCatterton",Series C,24686000.0,2021-12-07,recent_2020_2025,2021,Edtech
MediHive,Healthtech,Health Analytics,Delhi,"Blume Ventures, Elevation Capital, Nexus Venture Partners",Seed,1820000.0,2022-11-19,recent_2020_2025,2022,Healthtech
Housejoy,Realestate,PropTech,Chennai,Mirae Asset,Series C,289004000.0,2024-01-15,recent_2020_2025,2024,Real Estate
GrowthCare,Agritech,Supply Chain,Chennai,A91 Partners,Pre-Seed,100000.0,2020-03-29,recent_2020_2025,2020,Agritech
BharatPe,Healthtech,Telemedicine,Ahmedabad,LCatterton,Seed,361000.0,2020-12-06,recent_2020_2025,2020,Healthtech
CoreConnect,Agritech,Marketplace,Bengaluru,"Lightspeed India, Peak XV, Zodius Capital",Growth,113169000.0,2024-01-30,recent_2020_2025,2024,Agritech
CoreSpace,Healthtech,Diagnostics,Chennai,"Blume Ventures, Zodius Capital",Series A,9059000.0,2024-06-15,recent_2020_2025,2024,Healthtech
CureFit,Healthtech,Pharmacy,Kolkata,Y Combinator,Series A,6387000.0,2020-05-20,recent_2020_2025,2020,Healthtech
LogiSense,Edtech,Coding Bootcamp,Delhi,"LCatterton, Omidyar Network",Series A,1553000.0,2020-12-29,recent_2020_2025,2020,Edtech
AeroAnalytics,E-Commerce,Fashion,Delhi,LCatterton,Angel,77000.0,2023-01-09,recent_2020_2025,2023,Ecommerce
Paytm,Mobility,EV,Pune,"Info Edge, Peak XV",Growth,438231000.0,2023-11-29,recent_2020_2025,2023,Mobility
AgriHive,Foodtech,Food Delivery,Ahmedabad,"A91 Partners, Info Edge, Matrix Partners India",Series C,261867000.0,2025-02-02,recent_2020_2025,2025,Foodtech
PharmEasy,Enterprise,Analytics,Hyderabad,"Matrix Partners India, Sequoia Capital India",Series A,7137000.0,2023-01-18,recent_2020_2025,2023,Enterprise
MediHive,E-Commerce,Grocery,Bengaluru,"Accel, Bessemer Venture Partners, Kalaari Capital",Pre-Series A,411000.0,2021-02-24,recent_2020_2025,2021,Ecommerce
DriveLoop,Logistics,Supply Chain,Noida,"Elevation Capital, Prosus Ventures",Pre-Series A,262000.0,2022-01-18,recent_2020_2025,2022,Logistics
CoreFlow,Retail,Fashion,Kolkata,"Mirae Asset, Tiger Global Management",Seed,1560000.0,2023-02-19,recent_2020_2025,2023,Retail
FoodSolutions,Foodtech,Grocery,Delhi,Ventures India,Series D,367311000.0,2023-09-12,recent_2020_2025,2023,Foodtech
EduMart,Healthtech,Telemedicine,Gurugram,Bessemer Venture Partners,Series A,1130000.0,2024-05-28,recent_2020_2025,2024,Healthtech
Udaan,Healthtech,Health Analytics,Bengaluru,Mirae Asset,Series C,21480000.0,2024-08-13,recent_2020_2025,2024,Healthtech
DriveEdge,Logistics,Last Mile,Pune,"Omidyar Network, Tiger Global Management, Y Combinator",Seed,200000.0,2020-03-18,recent_2020_2025,2020,Logistics
SmartTech,Agritech,Supply Chain,Delhi,Lightspeed India,Series B,47312000.0,2022-06-18,recent_2020_2025,2022,Agritech
SmartTech,Retail,Fashion,Noida,"Blume Ventures, Sequoia Capital India",Series A,14492000.0,2021-04-19,recent_2020_2025,2021,Retail
MediWorks,Healthtech,Telemedicine,Hyderabad,"Falcon Edge, Kalaari Capital, Omidyar Network",Series C,30056000.0,2021-12-24,recent_2020_2025,2021,Healthtech
CRED,E-Commerce,Grocery,Hyderabad,"Tiger Global Management, Y Combinator",Series B,25964000.0,2023-02-19,recent_2020_2025,2023,Ecommerce
SkillSolutions,Edtech,Coding Bootcamp,Chennai,Kalaari Capital,Series A,2805000.0,2021-06-18,recent_2020_2025,2021,Edtech
AeroStack,Mobility,EV,Pune,"IFC, Peak XV",Bridge,1790000.0,2024-07-02,recent_2020_2025,2024,Mobility
AutoStack,Foodtech,Grocery,Kolkata,Peak XV,Series C,195631000.0,2024-03-31,recent_2020_2025,2024,Foodtech
LogiRise,Agritech,Supply Chain,Kolkata,"Ribbit Capital, Tiger Global Management",Seed,1102000.0,2020-05-18,recent_2020_2025,2020,Agritech
HomeFoods,Foodtech,Food Delivery,Noida,Matrix Partners India,Series A,3558000.0,2023-12-06,recent_2020_2025,2023,Foodtech
Bounce,Foodtech,Grocery,Pune,Mirae Asset,Seed,231000.0,2025-03-22,recent_2020_2025,2025,Foodtech
AgriFit,Agritech,Smart Farming,Delhi,Mirae Asset,Bridge,137000.0,2023-10-31,recent_2020_2025,2023,Agritech
CloudPay,Edtech,UpSkilling,Gurugram,Zodius Capital,Seed,62000.0,2024-09-05,recent_2020_2025,2024,Edtech
Licious,Healthtech,Telemedicine,Mumbai,"IFC, Mirae Asset, Sequoia Capital India",Angel,67000.0,2023-10-16,recent_2020_2025,2023,Healthtech
Razorpay,Enterprise,Security,Pune,"IFC, Mirae Asset",Series A,9037000.0,2022-10-05,recent_2020_2025,2022,Enterprise
QuantumSolutions,Retail,Fashion,Delhi,"A91 Partners, Mirae Asset",Seed,1998000.0,2024-06-24,recent_2020_2025,2024,Retail
AeroAnalytics,Enterprise,Automation,Delhi,"Falcon Edge, Sequoia Capital India, SoftBank Vision Fund",Series A,14864000.0,2020-09-03,recent_2020_2025,2020,Enterprise
FarmTech,E-Commerce,D2C,Pune,A91 Partners,Series A,4500000.0,2021-06-15,recent_2020_2025,2021,Ecommerce
FinSpace,Agritech,Smart Farming,Pune,Kalaari Capital,Seed,853000.0,2022-05-18,recent_2020_2025,2022,Agritech
NimbusWorks,Foodtech,Food Delivery,Kolkata,"Prosus Ventures, Zodius Capital",Seed,1631000.0,2020-09-25,recent_2020_2025,2020,Foodtech
SkillFlow,Mobility,EV,Chennai,"Bessemer Venture Partners, Blume Ventures, Nexus Venture Partners",Seed,1149000.0,2024-06-26,recent_2020_2025,2024,Mobility
Chargebee,Healthtech,Pharmacy,Kolkata,"Accel, Tiger Global",Seed,125000.0,2023-02-25,recent_2020_2025,2023,Healthtech
BharatPe,Fintech,Lending,Hyderabad,Info Edge,Series A,3388000.0,2023-07-13,recent_2020_2025,2023,Fintech
WorkStack,Saas,HRTech,Pune,IFC,Pre-Seed,27000.0,2020-09-05,recent_2020_2025,2020,SaaS
BlueRise,Realestate,Rental Tech,Noida,Y Combinator,Seed,1688000.0,2024-05-17,recent_2020_2025,2024,Real Estate
Myntra,Retail,Fashion,Kolkata,"Elevation Capital, Ribbit Capital",Private Equity,403808000.0,2022-02-19,recent_2020_2025,2022,Retail
GreenConnect,Realestate,Home Services,Chennai,"IFC, Tiger Global",Series B,9425000.0,2023-03-16,recent_2020_2025,2023,Real Estate
BharatPe,Saas,DevTools,Pune,"Elevation Capital, Matrix Partners India, Ribbit Capital",Seed,596000.0,2021-08-19,recent_2020_2025,2021,SaaS
Ola,Retail,Grocery,Ahmedabad,"Blume Ventures, IFC",Series A,5333000.0,2022-07-11,recent_2020_2025,2022,Retail
FreshSolutions,Realestate,Home Services,Mumbai,Accel,Seed,187000.0,2022-03-24,recent_2020_2025,2022,Real Estate
FarmBox,Fintech,InsurTech,Noida,Matrix Partners India,Series C,27201000.0,2020-06-19,recent_2020_2025,2020,Fintech
HyperLoop,Foodtech,Food Delivery,Gurugram,"Nexus Venture Partners, Ribbit Capital",Seed,595000.0,2021-08-04,recent_2020_2025,2021,Foodtech
Lenskart,Fintech,Payments,Pune,"IFC, Mirae Asset",Growth,197383000.0,2021-10-28,recent_2020_2025,2021,Fintech
SkillFlow,Healthtech,Diagnostics,Ahmedabad,"A91 Partners, Falcon Edge, Ribbit Capital",Series A,8097000.0,2023-07-16,recent_2020_2025,2023,Healthtech
FreshTech,Consumer Electronics,Smart Home,Gurugram,Y Combinator,Series C,81807000.0,2022-06-23,recent_2020_2025,2022,Consumer Electronics
Swiggy,Healthtech,Pharmacy,Bengaluru,SoftBank Vision Fund,Pre-Seed,142000.0,2024-07-27,recent_2020_2025,2024,Healthtech
CoreSpace,Media,Content,Kolkata,"Bessemer Venture Partners, Omidyar Network",Seed,383000.0,2024-04-17,recent_2020_2025,2024,Media
MediHive,Edtech,Coding Bootcamp,Noida,Kedaara Capital,Series A,4568000.0,2021-05-26,recent_2020_2025,2021,Edtech
UrbanDrive,Edtech,UpSkilling,Mumbai,"LCatterton, Ventures India",Pre-Series A,753000.0,2021-05-05,recent_2020_2025,2021,Edtech
SkillFlow,Media,Streaming,Hyderabad,Blume Ventures,Pre-Series A,253000.0,2024-10-13,recent_2020_2025,2024,Media
Cars24,E-Commerce,Fashion,Ahmedabad,"Mirae Asset, SoftBank Vision Fund",Series A,1438000.0,2023-12-05,recent_2020_2025,2023,Ecommerce
WorkPay_557,Mobility,Ride Sharing,Delhi,Nexus Venture Partners,Bridge,56000.0,2021-07-31,recent_2020_2025,2021,Mobility
Dailyhunt,Media,Social,Gurugram,"Kalaari Capital, Lightspeed India",Seed,810000.0,2020-01-31,recent_2020_2025,2020,Media
Chargebee,Saas,MarTech,Bengaluru,Tiger Global,Seed,493000.0,2024-09-23,recent_2020_2025,2024,SaaS
DriveFit_560,Consumer Electronics,Audio,Gurugram,"Nexus Venture Partners, Zodius Capital",Angel,41000.0,2021-05-27,recent_2020_2025,2021,Consumer Electronics
LogiMart,Consumer Electronics,Audio,Bengaluru,Falcon Edge,Seed,110000.0,2024-02-14,recent_2020_2025,2024,Consumer Electronics
FarmTech,Realestate,Home Services,Pune,Ventures India,Seed,83000.0,2024-01-31,recent_2020_2025,2024,Real Estate
NeoTech,Realestate,Home Services,Gurugram,"Accel, Lightspeed India, Ribbit Capital",Pre-Series A,103000.0,2020-04-16,recent_2020_2025,2020,Real Estate
NeoSense_564,Retail,Grocery,Ahmedabad,Sequoia Capital India,Seed,182000.0,2024-06-04,recent_2020_2025,2024,Retail
Razorpay,Agritech,Marketplace,Kolkata,Bessemer Venture Partners,Series B,25663000.0,2020-11-13,recent_2020_2025,2020,Agritech
LogiMart,E-Commerce,Grocery,Pune,"Blume Ventures, Tiger Global, Y Combinator",Angel,16000.0,2024-04-04,recent_2020_2025,2024,Ecommerce
AeroStack,Edtech,UpSkilling,Noida,Bessemer Venture Partners,Series C,65394000.0,2024-03-29,recent_2020_2025,2024,Edtech
Dailyhunt,Media,Social,Bengaluru,"LCatterton, Mirae Asset, Nexus Venture Partners",Series B,61332000.0,2022-01-03,recent_2020_2025,2022,Media
Dailyhunt,Mobility,EV,Noida,"Blume Ventures, Y Combinator",Series B,13131000.0,2021-01-23,recent_2020_2025,2021,Mobility
InMobi,Logistics,Fleet Management,Noida,Info Edge,Seed,333000.0,2022-12-23,recent_2020_2025,2022,Logistics
CureFit,Mobility,EV,Kolkata,"Blume Ventures, Y Combinator",Pre-Seed,122000.0,2023-07-30,recent_2020_2025,2023,Mobility
PhonePe,Agritech,Smart Farming,Ahmedabad,Prosus Ventures,Seed,216000.0,2024-01-16,recent_2020_2025,2024,Agritech
UrbanDrive,Realestate,Home Services,Noida,Kalaari Capital,Seed,496000.0,2021-08-02,recent_2020_2025,2021,Real Estate
AgriSense,Mobility,Micro Mobility,Mumbai,Blume Ventures,Pre-Seed,146000.0,2025-04-04,recent_2020_2025,2025,Mobility
GreenMart,Consumer Electronics,Audio,Mumbai,"Falcon Edge, Prosus Ventures",Pre-Seed,178000.0,2023-08-07,recent_2020_2025,2023,Consumer Electronics
CloudSolutions_576,Edtech,Test Prep,Bengaluru,"Accel, LCatterton, Mirae Asset",Angel,8000.0,2021-03-03,recent_2020_2025,2021,Edtech
HealthWorks,Media,Content,Pune,"Matrix Partners India, Tiger Global",Series C,245913000.0,2020-04-29,recent_2020_2025,2020,Media
Groww,Enterprise,Security,Mumbai,"Accel, Kedaara Capital",Bridge,307000.0,2025-05-21,recent_2020_2025,2025,Enterprise
AeroHub,Mobility,Micro Mobility,Gurugram,A91 Partners,Series A,2012000.0,2025-04-24,recent_2020_2025,2025,Mobility
SkillRise,Retail,Fashion,Ahmedabad,"Blume Ventures, IFC, Prosus Ventures",Pre-Series A,288000.0,2022-07-28,recent_2020_2025,2022,Retail
BlueTech,Mobility,EV,Delhi,"LCatterton, Peak XV",Series A,14210000.0,2023-05-13,recent_2020_2025,2023,Mobility
NeoSense,Foodtech,Grocery,Chennai,"A91 Partners, Matrix Partners India",Series C,75927000.0,2021-10-24,recent_2020_2025,2021,Foodtech
UrbanSolutions,Media,Content,Pune,Sequoia Capital India,Bridge,168000.0,2022-07-05,recent_2020_2025,2022,Media
HealthAnalytics,Mobility,Ride Sharing,Hyderabad,IFC,Pre-Seed,86000.0,2021-03-30,recent_2020_2025,2021,Mobility
DataAnalytics,Media,Content,Noida,"Blume Ventures, Sequoia Capital India",Series A,1916000.0,2023-03-14,recent_2020_2025,2023,Media
Licious,Healthtech,Diagnostics,Hyderabad,Matrix Partners India,Pre-Series A,119000.0,2023-04-07,recent_2020_2025,2023,Healthtech
Delhivery,E-Commerce,Grocery,Chennai,"Accel, Mirae Asset, SoftBank Vision Fund",Series A,1418000.0,2021-03-21,recent_2020_2025,2021,Ecommerce
Myntra,Enterprise,Automation,Ahmedabad,"Ribbit Capital, Sequoia Capital India",Series C,28289000.0,2020-07-14,recent_2020_2025,2020,Enterprise
QuantumAnalytics_589,Fintech,WealthTech,Pune,"Nexus Venture Partners, Peak XV",Growth,74657000.0,2022-06-08,recent_2020_2025,2022,Fintech
HomeFoods,Enterprise,Automation,Bengaluru,"Falcon Edge, Tiger Global",Series B,7347000.0,2023-07-18,recent_2020_2025,2023,Enterprise
FoodLoop,Healthtech,Pharmacy,Noida,Prosus Ventures,Series B,29557000.0,2020-11-09,recent_2020_2025,2020,Healthtech
DriveFit,Retail,Fashion,Ahmedabad,"Elevation Capital, Kalaari Capital",Series A,1636000.0,2021-03-30,recent_2020_2025,2021,Retail
LogiSense,Consumer Electronics,Smart Home,Bengaluru,Kalaari Capital,Series A,2550000.0,2021-06-21,recent_2020_2025,2021,Consumer Electronics
DriveEdge,Healthtech,Diagnostics,Kolkata,"Lightspeed India, Ribbit Capital",Series A,11342000.0,2022-09-26,recent_2020_2025,2022,Healthtech
LogiMart,Logistics,Supply Chain,Pune,Accel,Series B,18607000.0,2023-03-25,recent_2020_2025,2023,Logistics
Flipkart,Foodtech,Food Delivery,Pune,"Bessemer Venture Partners, Prosus Ventures",Seed,587000.0,2021-12-06,recent_2020_2025,2021,Foodtech
Lenskart,Saas,MarTech,Ahmedabad,Lightspeed India,Seed,94000.0,2020-04-01,recent_2020_2025,2020,SaaS
NimbusWorks,Media,Social,Mumbai,"IFC, Peak XV",Series B,8521000.0,2021-05-12,recent_2020_2025,2021,Media
SmartTech_599,Media,Social,Hyderabad,Lightspeed India,Series A,1117000.0,2020-02-16,recent_2020_2025,2020,Media
Meesho,Edtech,UpSkilling,Noida,Kedaara Capital,Series A,1580000.0,2024-02-03,recent_2020_2025,2024,Edtech
PhonePe,Foodtech,Grocery,Noida,Elevation Capital,Pre-Seed,38000.0,2020-12-14,recent_2020_2025,2020,Foodtech
SkillFlow_602,Realestate,PropTech,Mumbai,"IFC, Prosus Ventures",Pre-Series A,150000.0,2021-07-09,recent_2020_2025,2021,Real Estate
PhonePe,Logistics,Fleet Management,Chennai,"Accel, Tiger Global Management",Seed,69000.0,2022-02-18,recent_2020_2025,2022,Logistics
HyperLabs,Agritech,Marketplace,Mumbai,"A91 Partners, Kedaara Capital",Seed,78000.0,2022-10-22,recent_2020_2025,2022,Agritech
Razorpay,Edtech,UpSkilling,Pune,Sequoia Capital India,Series A,3483000.0,2024-03-04,recent_2020_2025,2024,Edtech
AgriFit,Logistics,Last Mile,Noida,"Kalaari Capital, Matrix Partners India, Tiger Global Management",Seed,107000.0,2020-05-06,recent_2020_2025,2020,Logistics
ClearTax,Mobility,EV,Gurugram,"Accel, Prosus Ventures",Seed,192000.0,2025-01-11,recent_2020_2025,2025,Mobility
QuantumAnalytics,Realestate,Rental Tech,Gurugram,Info Edge,Pre-Series A,319000.0,2023-03-19,recent_2020_2025,2023,Real Estate
FreshTech,Saas,MarTech,Noida,Omidyar Network,Seed,638000.0,2023-08-29,recent_2020_2025,2023,SaaS
CloudPay,Logistics,Fleet Management,Noida,Prosus Ventures,Angel,6000.0,2022-05-30,recent_2020_2025,2022,Logistics
NextSense,Mobility,Micro Mobility,Mumbai,Kedaara Capital,Seed,954000.0,2024-09-15,recent_2020_2025,2024,Mobility
FoodLoop,Foodtech,Food Delivery,Hyderabad,"Bessemer Venture Partners, Elevation Capital, Peak XV",Series A,5476000.0,2025-03-27,recent_2020_2025,2025,Foodtech
AeroStack,Fintech,NeoBank,Ahmedabad,Matrix Partners India,Seed,68000.0,2023-03-07,recent_2020_2025,2023,Fintech
GrowthFlow,Media,Content,Delhi,"Kedaara Capital, Y Combinator",Series A,10651000.0,2023-05-23,recent_2020_2025,2023,Media
UrbanDrive,Healthtech,Diagnostics,Gurugram,Peak XV,Seed,1494000.0,2022-04-16,recent_2020_2025,2022,Healthtech
Flipkart,Edtech,K12,Gurugram,"IFC, Mirae Asset",Seed,63000.0,2025-03-13,recent_2020_2025,2025,Edtech
NeoSense,Edtech,Coding Bootcamp,Chennai,"Kalaari Capital, Kedaara Capital, Zodius Capital",Series C,42331000.0,2023-05-30,recent_2020_2025,2023,Edtech
GrowthConnect,Consumer Electronics,Wearables,Bengaluru,"Falcon Edge, Tiger Global Management",Growth,419740000.0,2021-05-18,recent_2020_2025,2021,Consumer Electronics
Razorpay,Mobility,EV,Noida,Blume Ventures,Series C,151723000.0,2025-05-25,recent_2020_2025,2025,Mobility
Dailyhunt,Foodtech,Food Delivery,Hyderabad,Omidyar Network,Series A,1648000.0,2022-05-15,recent_2020_2025,2022,Foodtech
Udaan,Media,Streaming,Delhi,"Accel, Falcon Edge",Series A,1763000.0,2023-08-16,recent_2020_2025,2023,Media
BlueTech,Media,Streaming,Delhi,"Info Edge, Sequoia Capital India",Pre-Series A,235000.0,2021-10-24,recent_2020_2025,2021,Media
CloudPay,E-Commerce,D2C,Pune,"Bessemer Venture Partners, Kedaara Capital, Nexus Venture Partners",Series B,19160000.0,2025-01-31,recent_2020_2025,2025,Ecommerce
Porter,Media,Content,Pune,"Kedaara Capital, Tiger Global Management",Seed,489000.0,2023-12-19,recent_2020_2025,2023,Media
NextSense,Foodtech,Cloud Kitchen,Delhi,"Blume Ventures, IFC, Nexus Venture Partners",Angel,15000.0,2023-03-04,recent_2020_2025,2023,Foodtech
Udaan,Foodtech,Food Delivery,Hyderabad,"Blume Ventures, Elevation Capital",Series B,18027000.0,2025-05-22,recent_2020_2025,2025,Foodtech
LogiSense,Fintech,NeoBank,Hyderabad,"A91 Partners, Sequoia Capital India",Pre-Seed,112000.0,2022-10-16,recent_2020_2025,2022,Fintech
NimbusLabs,Agritech,Marketplace,Kolkata,Omidyar Network,Series A,1104000.0,2022-06-23,recent_2020_2025,2022,Agritech
MediHive,Mobility,EV,Ahmedabad,Tiger Global,Series A,1981000.0,2024-08-06,recent_2020_2025,2024,Mobility
GreenConnect_630,Saas,B2B SaaS,Delhi,"Elevation Capital, Zodius Capital",Series D,258416000.0,2023-09-28,recent_2020_2025,2023,SaaS
Unacademy,Fintech,Payments,Chennai,"Elevation Capital, Kedaara Capital, Prosus Ventures",Debt,26070000.0,2020-11-26,recent_2020_2025,2020,Fintech
EduTech,Media,Streaming,Pune,SoftBank Vision Fund,Angel,23000.0,2020-07-09,recent_2020_2025,2020,Media
QuantumAnalytics,Retail,Grocery,Noida,Nexus Venture Partners,Seed,356000.0,2022-08-22,recent_2020_2025,2022,Retail
SkillSolutions,Foodtech,Grocery,Gurugram,Accel,Series B,6730000.0,2023-06-07,recent_2020_2025,2023,Foodtech
Unacademy,Consumer Electronics,Smart Home,Ahmedabad,Info Edge,Angel,19000.0,2023-12-18,recent_2020_2025,2023,Consumer Electronics
FoodLoop,Agritech,Marketplace,Pune,"Kedaara Capital, Mirae Asset",Angel,25000.0,2023-06-12,recent_2020_2025,2023,Agritech
Chargebee,Consumer Electronics,Audio,Ahmedabad,Sequoia Capital India,Seed,122000.0,2021-08-17,recent_2020_2025,2021,Consumer Electronics
GrowthFlow,Retail,E-Retail,Gurugram,"Tiger Global, Y Combinator",Series C,41465000.0,2022-04-29,recent_2020_2025,2022,Retail
Meesho,Fintech,Lending,Hyderabad,Elevation Capital,Seed,201000.0,2020-05-18,recent_2020_2025,2020,Fintech
AgriSense,E-Commerce,D2C,Pune,"Peak XV, Zodius Capital",Pre-Series A,105000.0,2023-03-11,recent_2020_2025,2023,Ecommerce
CloudLabs,Saas,MarTech,Kolkata,Mirae Asset,Series C,47844000.0,2023-08-15,recent_2020_2025,2023,SaaS
LogiRise,Mobility,EV,Kolkata,"A91 Partners, Falcon Edge, Tiger Global",Series C,35458000.0,2022-04-27,recent_2020_2025,2022,Mobility
HyperLabs,Fintech,Lending,Ahmedabad,Tiger Global,Series B,12397000.0,2024-06-25,recent_2020_2025,2024,Fintech
WorkPay,Fintech,WealthTech,Chennai,A91 Partners,Series A,1383000.0,2024-09-21,recent_2020_2025,2024,Fintech
UrbanDrive,E-Commerce,D2C,Pune,"Accel, IFC",Series B,59057000.0,2021-07-10,recent_2020_2025,2021,Ecommerce
NimbusWorks,Logistics,Last Mile,Noida,Bessemer Venture Partners,Seed,447000.0,2020-08-17,recent_2020_2025,2020,Logistics
CloudPay,Consumer Electronics,Smart Home,Bengaluru,"Blume Ventures, SoftBank Vision Fund",Series C,125810000.0,2025-01-27,recent_2020_2025,2025,Consumer Electronics
AgriHive,Mobility,EV,Pune,Zodius Capital,Seed,919000.0,2024-11-20,recent_2020_2025,2024,Mobility
LogiSense,Fintech,InsurTech,Chennai,Sequoia Capital India,Series B,19914000.0,2022-12-05,recent_2020_2025,2022,Fintech
FarmFit,Agritech,Supply Chain,Pune,Falcon Edge,Series A,1265000.0,2020-04-04,recent_2020_2025,2020,Agritech
FreshTech_651,Retail,Grocery,Gurugram,Elevation Capital,Seed,363000.0,2021-01-29,recent_2020_2025,2021,Retail
FoodLoop,Realestate,PropTech,Hyderabad,Sequoia Capital India,Seed,436000.0,2021-07-14,recent_2020_2025,2021,Real Estate
Zomato,Edtech,UpSkilling,Noida,"A91 Partners, Bessemer Venture Partners, Blume Ventures",Seed,782000.0,2020-10-16,recent_2020_2025,2020,Edtech
FreshTech,Saas,MarTech,Bengaluru,"Accel, Tiger Global, Y Combinator",Seed,246000.0,2022-08-22,recent_2020_2025,2022,SaaS
DriveFit,Agritech,Marketplace,Kolkata,Zodius Capital,Series A,1413000.0,2021-10-01,recent_2020_2025,2021,Agritech
HealthRise,Retail,Grocery,Ahmedabad,"Info Edge, Mirae Asset, Prosus Ventures",Seed,142000.0,2024-07-22,recent_2020_2025,2024,Retail
InMobi,Consumer Electronics,Audio,Gurugram,"Matrix Partners India, Y Combinator",Seed,191000.0,2025-01-08,recent_2020_2025,2025,Consumer Electronics
BlueTech,Realestate,Home Services,Pune,Mirae Asset,Series A,5750000.0,2020-03-02,recent_2020_2025,2020,Real Estate
NextFlow,Enterprise,Analytics,Hyderabad,"Accel, Nexus Venture Partners",Series C,93825000.0,2023-05-22,recent_2020_2025,2023,Enterprise
AeroStack,Realestate,PropTech,Hyderabad,"Kalaari Capital, Ribbit Capital",Series A,2623000.0,2022-03-31,recent_2020_2025,2022,Real Estate
NextSense,Foodtech,Cloud Kitchen,Pune,"Info Edge, Tiger Global Management",Seed,1903000.0,2023-11-22,recent_2020_2025,2023,Foodtech
DataHive,Edtech,K12,Mumbai,"Accel, Zodius Capital",Series B,26816000.0,2023-12-28,recent_2020_2025,2023,Edtech
SmartMart,E-Commerce,Fashion,Delhi,Omidyar Network,Seed,120000.0,2022-04-11,recent_2020_2025,2022,Ecommerce
QuantumAnalytics,Realestate,Rental Tech,Bengaluru,LCatterton,Seed,73000.0,2024-07-31,recent_2020_2025,2024,Real Estate
Rapido,Retail,E-Retail,Delhi,"Info Edge, Ribbit Capital",Series A,1513000.0,2021-08-19,recent_2020_2025,2021,Retail
CoreFlow,Saas,HRTech,Ahmedabad,LCatterton,Series C,38931000.0,2023-10-23,recent_2020_2025,2023,SaaS
DriveEdge,Saas,B2B SaaS,Ahmedabad,IFC,Pre-Seed,29000.0,2022-11-11,recent_2020_2025,2022,SaaS
HealthWorks,Mobility,Ride Sharing,Bengaluru,Accel,Series B,8387000.0,2024-08-07,recent_2020_2025,2024,Mobility
HealthAnalytics,Edtech,Coding Bootcamp,Ahmedabad,"A91 Partners, Y Combinator",Pre-Series A,193000.0,2021-10-13,recent_2020_2025,2021,Edtech
NoBroker,Consumer Electronics,Audio,Gurugram,Zodius Capital,Series A,1599000.0,2024-09-23,recent_2020_2025,2024,Consumer Electronics
HyperLoop,Enterprise,Automation,Delhi,"Kedaara Capital, Mirae Asset, Sequoia Capital India",Seed,1367000.0,2020-05-26,recent_2020_2025,2020,Enterprise
DriveEdge,Healthtech,Telemedicine,Delhi,"Kedaara Capital, LCatterton",Series B,6246000.0,2022-05-01,recent_2020_2025,2022,Healthtech
Innovaccer,Agritech,Supply Chain,Kolkata,"Kalaari Capital, Lightspeed India",Series A,4139000.0,2023-02-04,recent_2020_2025,2023,Agritech
Innovaccer,Agritech,Supply Chain,Ahmedabad,Kedaara Capital,Series A,3039000.0,2024-02-05,recent_2020_2025,2024,Agritech
NextStack,Mobility,Micro Mobility,Pune,"Mirae Asset, Y Combinator",Pre-Seed,192000.0,2020-03-18,recent_2020_2025,2020,Mobility
AgriHive,E-Commerce,Marketplace,Noida,Mirae Asset,Debt,201000.0,2024-03-17,recent_2020_2025,2024,Ecommerce
HealthRise,Agritech,Supply Chain,Gurugram,"Accel, Peak XV, Ribbit Capital",Series A,2937000.0,2024-02-27,recent_2020_2025,2024,Agritech
FreshTech,Saas,B2B SaaS,Kolkata,"A91 Partners, SoftBank Vision Fund",Series A,13810000.0,2025-01-29,recent_2020_2025,2025,SaaS
AgriFit,Retail,Grocery,Hyderabad,"Kedaara Capital, Ventures India",Seed,1218000.0,2023-11-24,recent_2020_2025,2023,Retail
Swiggy,Fintech,InsurTech,Ahmedabad,"Ribbit Capital, Tiger Global Management, Zodius Capital",Seed,1019000.0,2020-04-15,recent_2020_2025,2020,Fintech
SmartTech,Healthtech,Telemedicine,Hyderabad,Elevation Capital,Seed,129000.0,2023-06-15,recent_2020_2025,2023,Healthtech
CloudSolutions_682,E-Commerce,Grocery,Delhi,Prosus Ventures,Angel,8000.0,2024-02-22,recent_2020_2025,2024,Ecommerce
Nykaa,Retail,E-Retail,Hyderabad,"Blume Ventures, Falcon Edge",Series C,122297000.0,2021-04-28,recent_2020_2025,2021,Retail
GreenMart,E-Commerce,Marketplace,Ahmedabad,"Kalaari Capital, Ventures India",Angel,81000.0,2020-11-11,recent_2020_2025,2020,Ecommerce
AeroHub,Consumer Electronics,Smart Home,Delhi,Tiger Global,Seed,390000.0,2024-02-12,recent_2020_2025,2024,Consumer Electronics
CureFit,Retail,E-Retail,Bengaluru,"Elevation Capital, Ventures India",Seed,412000.0,2022-03-27,recent_2020_2025,2022,Retail
PharmEasy,Foodtech,Grocery,Chennai,"IFC, Sequoia Capital India",Series A,2134000.0,2020-10-24,recent_2020_2025,2020,Foodtech
EduMart,Saas,B2B SaaS,Mumbai,Peak XV,Angel,50000.0,2023-07-29,recent_2020_2025,2023,SaaS
Paytm,Agritech,Marketplace,Hyderabad,Matrix Partners India,Seed,100000.0,2021-06-30,recent_2020_2025,2021,Agritech
DriveFit,Realestate,Rental Tech,Gurugram,Falcon Edge,Series B,12266000.0,2023-04-20,recent_2020_2025,2023,Real Estate
BlueTech,Fintech,Payments,Mumbai,"Accel, Info Edge",Pre-Seed,53000.0,2020-07-19,recent_2020_2025,2020,Fintech
HomeAnalytics,Logistics,Last Mile,Bengaluru,Peak XV,Pre-Seed,64000.0,2020-07-07,recent_2020_2025,2020,Logistics
GreenEdge,Realestate,PropTech,Mumbai,Y Combinator,Seed,122000.0,2023-05-23,recent_2020_2025,2023,Real Estate
DataEdge,Media,Social,Hyderabad,Ribbit Capital,Seed,76000.0,2023-09-14,recent_2020_2025,2023,Media
SkillSolutions,Media,Streaming,Pune,Elevation Capital,Seed,476000.0,2024-05-17,recent_2020_2025,2024,Media
HealthWorks,Saas,B2B SaaS,Hyderabad,Info Edge,Bridge,145000.0,2021-06-26,recent_2020_2025,2021,SaaS
NeoLabs,Edtech,Coding Bootcamp,Delhi,A91 Partners,Series B,25052000.0,2020-08-10,recent_2020_2025,2020,Edtech
Paytm,Edtech,Test Prep,Kolkata,Tiger Global,Series B,7671000.0,2020-07-30,recent_2020_2025,2020,Edtech
AutoStack,Fintech,InsurTech,Delhi,Prosus Ventures,Series B,18981000.0,2020-01-02,recent_2020_2025,2020,Fintech
NextStack,Saas,MarTech,Ahmedabad,"Kalaari Capital, Mirae Asset",Pre-Seed,68000.0,2023-12-20,recent_2020_2025,2023,SaaS
CRED,Mobility,Ride Sharing,Bengaluru,"Falcon Edge, Nexus Venture Partners",Pre-Series A,113000.0,2023-11-12,recent_2020_2025,2023,Mobility
Licious,Saas,HRTech,Chennai,"Accel, Falcon Edge, Peak XV",Seed,173000.0,2025-05-17,recent_2020_2025,2025,SaaS
HealthRise,Retail,Grocery,Gurugram,"Elevation Capital, Prosus Ventures",Seed,82000.0,2020-03-21,recent_2020_2025,2020,Retail
UrbanDrive,Realestate,Rental Tech,Pune,"Blume Ventures, Info Edge, Sequoia Capital India",Series A,1187000.0,2024-12-17,recent_2020_2025,2024,Real Estate
GrowthFlow,Agritech,Supply Chain,Kolkata,"Mirae Asset, Ribbit Capital",Pre-Series A,977000.0,2024-06-11,recent_2020_2025,2024,Agritech
EduBox,Fintech,Payments,Pune,"Bessemer Venture Partners, Nexus Venture Partners, Tiger Global",Seed,164000.0,2024-06-01,recent_2020_2025,2024,Fintech
LogiRise,Enterprise,Automation,Delhi,Sequoia Capital India,Series B,47223000.0,2021-04-22,recent_2020_2025,2021,Enterprise
SmartCare,Fintech,InsurTech,Ahmedabad,"Blume Ventures, Nexus Venture Partners, Tiger Global",Pre-Seed,36000.0,2023-12-07,recent_2020_2025,2023,Fintech
BigBasket,Enterprise,Analytics,Kolkata,"Tiger Global, Zodius Capital",Series A,6332000.0,2024-09-06,recent_2020_2025,2024,Enterprise
Porter,Consumer Electronics,Smart Home,Ahmedabad,Info Edge,Seed,826000.0,2024-07-05,recent_2020_2025,2024,Consumer Electronics
FoodFit,Realestate,Rental Tech,Noida,Ventures India,Seed,450000.0,2024-09-09,recent_2020_2025,2024,Real Estate
NoBroker,Saas,B2B SaaS,Mumbai,"Blume Ventures, Y Combinator",Seed,285000.0,2024-03-31,recent_2020_2025,2024,SaaS
Dream11,Consumer Electronics,Audio,Ahmedabad,"Bessemer Venture Partners, Omidyar Network, Sequoia Capital India",Pre-Seed,52000.0,2020-07-23,recent_2020_2025,2020,Consumer Electronics
Myntra,E-Commerce,Quick Commerce,Bengaluru,"Kalaari Capital, LCatterton, Ribbit Capital",Seed,181000.0,2020-07-01,recent_2020_2025,2020,Ecommerce
FarmBox,Edtech,K12,Hyderabad,Peak XV,Series A,12394000.0,2022-04-23,recent_2020_2025,2022,Edtech
GrowthConnect,Media,Content,Ahmedabad,Y Combinator,Bridge,1071000.0,2023-07-08,recent_2020_2025,2023,Media
MediHive,Edtech,Test Prep,Noida,IFC,Bridge,1758000.0,2023-06-21,recent_2020_2025,2023,Edtech
ClearDekho,Edtech,Coding Bootcamp,Gurugram,Bessemer Venture Partners,Seed,79000.0,2021-01-31,recent_2020_2025,2021,Edtech
FarmBox,Healthtech,Telemedicine,Bengaluru,Info Edge,Series B,37933000.0,2021-08-06,recent_2020_2025,2021,Healthtech
WorkStack,Retail,Grocery,Bengaluru,"Bessemer Venture Partners, Blume Ventures",Seed,1593000.0,2020-04-17,recent_2020_2025,2020,Retail
Myntra,Mobility,Ride Sharing,Mumbai,"Omidyar Network, SoftBank Vision Fund",Angel,9000.0,2024-01-17,recent_2020_2025,2024,Mobility
BlueRise,Saas,DevTools,Mumbai,Ventures India,Seed,64000.0,2020-07-19,recent_2020_2025,2020,SaaS
CloudPay,Edtech,Test Prep,Kolkata,"Nexus Venture Partners, Peak XV",Series A,7441000.0,2020-04-21,recent_2020_2025,2020,Edtech
AutoFlow,Saas,DevTools,Kolkata,Tiger Global Management,Series B,24587000.0,2023-07-18,recent_2020_2025,2023,SaaS
CloudPay,Fintech,NeoBank,Bengaluru,"Blume Ventures, Info Edge",Seed,1116000.0,2020-08-15,recent_2020_2025,2020,Fintech
DataHive,Logistics,Fleet Management,Delhi,"LCatterton, Omidyar Network",Series C,29202000.0,2023-07-30,recent_2020_2025,2023,Logistics
HomeFoods,Enterprise,Automation,Kolkata,Mirae Asset,Growth,407801000.0,2021-03-19,recent_2020_2025,2021,Enterprise
UrbanStack,Media,Social,Gurugram,LCatterton,Seed,105000.0,2023-04-01,recent_2020_2025,2023,Media
WorkPay,Fintech,InsurTech,Bengaluru,"Falcon Edge, Sequoia Capital India, Ventures India",Pre-Seed,29000.0,2022-08-21,recent_2020_2025,2022,Fintech
GrowthCare,Media,Social,Kolkata,"Kedaara Capital, Ventures India",Series A,1560000.0,2020-06-19,recent_2020_2025,2020,Media
Freshworks,Edtech,K12,Pune,Sequoia Capital India,Seed,1009000.0,2023-08-19,recent_2020_2025,2023,Edtech
BigBasket,Healthtech,Health Analytics,Ahmedabad,"Mirae Asset, Nexus Venture Partners",Series B,31619000.0,2020-02-19,recent_2020_2025,2020,Healthtech
CoreConnect,Enterprise,Security,Kolkata,"LCatterton, SoftBank Vision Fund, Tiger Global",Series B,21321000.0,2020-01-03,recent_2020_2025,2020,Enterprise
GreenMart,Retail,Grocery,Ahmedabad,Bessemer Venture Partners,Series A,2643000.0,2024-06-15,recent_2020_2025,2024,Retail
HealthRise,Saas,B2B SaaS,Noida,LCatterton,Bridge,1271000.0,2023-10-13,recent_2020_2025,2023,SaaS
FreshToHome,Foodtech,Food Delivery,Kolkata,Blume Ventures,Series A,2894000.0,2022-01-18,recent_2020_2025,2022,Foodtech
CRED,Mobility,Micro Mobility,Gurugram,A91 Partners,Seed,1017000.0,2021-11-16,recent_2020_2025,2021,Mobility
GrowthCare,Retail,Fashion,Gurugram,SoftBank Vision Fund,Series C,65689000.0,2024-04-07,recent_2020_2025,2024,Retail
NextStack,Foodtech,Food Delivery,Bengaluru,"Falcon Edge, Mirae Asset",Seed,201000.0,2021-12-08,recent_2020_2025,2021,Foodtech
NeoTech,Mobility,Micro Mobility,Noida,"Prosus Ventures, Y Combinator",Angel,20000.0,2022-07-14,recent_2020_2025,2022,Mobility
Byju's,Edtech,Coding Bootcamp,Mumbai,Elevation Capital,Seed,152000.0,2025-01-12,recent_2020_2025,2025,Edtech
Dunzo,E-Commerce,Marketplace,Hyderabad,"Lightspeed India, Nexus Venture Partners",Seed,788000.0,2020-10-30,recent_2020_2025,2020,Ecommerce
DataAnalytics,Realestate,Rental Tech,Delhi,"Sequoia Capital India, Ventures India",Series A,3902000.0,2022-05-10,recent_2020_2025,2022,Real Estate
FinFoods_744,Enterprise,Analytics,Noida,"Ribbit Capital, SoftBank Vision Fund",Series B,9519000.0,2022-04-23,recent_2020_2025,2022,Enterprise
NeoSense,Realestate,Rental Tech,Noida,"Elevation Capital, Nexus Venture Partners",Series D,396775000.0,2022-06-30,recent_2020_2025,2022,Real Estate
BigBasket,Healthtech,Pharmacy,Gurugram,Bessemer Venture Partners,Series A,2828000.0,2025-06-11,recent_2020_2025,2025,Healthtech
Postman,Healthtech,Pharmacy,Hyderabad,"Kedaara Capital, Peak XV",Series A,4358000.0,2020-12-06,recent_2020_2025,2020,Healthtech
SmartTech,Healthtech,Diagnostics,Delhi,A91 Partners,Seed,1416000.0,2020-03-25,recent_2020_2025,2020,Healthtech
Dailyhunt,Logistics,Supply Chain,Delhi,Prosus Ventures,Seed,500000.0,2023-12-19,recent_2020_2025,2023,Logistics
FoodSolutions,Consumer Electronics,Smart Home,Delhi,Kalaari Capital,Series A,1372000.0,2020-09-05,recent_2020_2025,2020,Consumer Electronics
Chargebee,Retail,E-Retail,Kolkata,Tiger Global Management,Angel,84000.0,2020-11-15,recent_2020_2025,2020,Retail
ClearDekho,Saas,HRTech,Kolkata,"Bessemer Venture Partners, Prosus Ventures",Angel,33000.0,2025-06-08,recent_2020_2025,2025,SaaS
Ola,Saas,B2B SaaS,Kolkata,"A91 Partners, Kalaari Capital, SoftBank Vision Fund",Angel,14000.0,2020-10-12,recent_2020_2025,2020,SaaS
HomeAnalytics,E-Commerce,D2C,Bengaluru,"Bessemer Venture Partners, Falcon Edge",Series A,1458000.0,2021-02-03,recent_2020_2025,2021,Ecommerce
QuantumSolutions,E-Commerce,Grocery,Kolkata,Tiger Global Management,Series B,45193000.0,2025-05-15,recent_2020_2025,2025,Ecommerce
DriveFit,Saas,B2B SaaS,Pune,Y Combinator,Pre-Series A,417000.0,2024-01-06,recent_2020_2025,2024,SaaS
HealthAnalytics,Logistics,Supply Chain,Noida,"Kalaari Capital, Ventures India",Seed,358000.0,2024-01-30,recent_2020_2025,2024,Logistics
Ola,Logistics,Last Mile,Chennai,Zodius Capital,Series B,59611000.0,2022-04-28,recent_2020_2025,2022,Logistics
Unacademy,Healthtech,Diagnostics,Hyderabad,"Tiger Global, Tiger Global Management",Series A,8462000.0,2024-11-11,recent_2020_2025,2024,Healthtech
UrbanSolutions,Foodtech,Grocery,Hyderabad,"Kedaara Capital, Ventures India",Pre-Series A,142000.0,2023-02-12,recent_2020_2025,2023,Foodtech
FinSense,Enterprise,Security,Hyderabad,Zodius Capital,Series A,2326000.0,2020-03-27,recent_2020_2025,2020,Enterprise
Oyo,Consumer Electronics,Smart Home,Kolkata,Blume Ventures,Seed,125000.0,2024-06-08,recent_2020_2025,2024,Consumer Electronics
Delhivery,Realestate,Rental Tech,Kolkata,Kalaari Capital,Seed,778000.0,2023-09-25,recent_2020_2025,2023,Real Estate
NeoLabs,Realestate,PropTech,Bengaluru,"Tiger Global, Tiger Global Management",Seed,57000.0,2021-07-21,recent_2020_2025,2021,Real Estate
ShareChat,Agritech,Smart Farming,Ahmedabad,"Prosus Ventures, Tiger Global Management, Zodius Capital",Series A,4680000.0,2021-06-12,recent_2020_2025,2021,Agritech
NimbusWorks,Agritech,Supply Chain,Hyderabad,SoftBank Vision Fund,Seed,833000.0,2020-04-29,recent_2020_2025,2020,Agritech
HyperSpace,Fintech,WealthTech,Pune,Tiger Global,Pre-Series A,753000.0,2025-02-10,recent_2020_2025,2025,Fintech
Cars24,Mobility,Micro Mobility,Mumbai,"Accel, Blume Ventures, Ventures India",Series A,2525000.0,2024-04-18,recent_2020_2025,2024,Mobility
AgriSense,Enterprise,Automation,Hyderabad,"Falcon Edge, Y Combinator",Seed,1034000.0,2023-11-30,recent_2020_2025,2023,Enterprise
SmartCare_770,Mobility,EV,Pune,LCatterton,Series C,26986000.0,2022-04-23,recent_2020_2025,2022,Mobility
BharatPe,E-Commerce,Marketplace,Delhi,Bessemer Venture Partners,Series A,9897000.0,2024-08-30,recent_2020_2025,2024,Ecommerce
Porter,Foodtech,Food Delivery,Mumbai,Mirae Asset,Seed,80000.0,2020-09-25,recent_2020_2025,2020,Foodtech
FreshTech,Healthtech,Health Analytics,Ahmedabad,Blume Ventures,Series A,2933000.0,2025-06-09,recent_2020_2025,2025,Healthtech
Oyo,Fintech,Payments,Gurugram,Prosus Ventures,Seed,947000.0,2023-11-22,recent_2020_2025,2023,Fintech
BigBasket,Healthtech,Diagnostics,Delhi,"Accel, Sequoia Capital India, Ventures India",Debt,254000.0,2022-05-20,recent_2020_2025,2022,Healthtech
AgriHive,Fintech,Lending,Mumbai,"Mirae Asset, Omidyar Network",Pre-Seed,34000.0,2023-09-13,recent_2020_2025,2023,Fintech
AutoStack_777,Logistics,Fleet Management,Bengaluru,LCatterton,Series C,141405000.0,2024-05-21,recent_2020_2025,2024,Logistics
CoreFlow,Edtech,K12,Pune,"Peak XV, Y Combinator",Pre-Seed,105000.0,2020-10-25,recent_2020_2025,2020,Edtech
BharatPe,Enterprise,Automation,Ahmedabad,Accel,Seed,532000.0,2023-03-13,recent_2020_2025,2023,Enterprise
UrbanStack,Media,Social,Hyderabad,"Kedaara Capital, Sequoia Capital India",Seed,647000.0,2024-03-24,recent_2020_2025,2024,Media
Meesho,Mobility,Micro Mobility,Kolkata,Info Edge,Pre-Series A,349000.0,2023-04-22,recent_2020_2025,2023,Mobility
AeroStack,Saas,MarTech,Chennai,"Accel, Tiger Global Management",Seed,127000.0,2021-04-11,recent_2020_2025,2021,SaaS
NeoTech,Mobility,Ride Sharing,Kolkata,A91 Partners,Series C,51004000.0,2023-12-14,recent_2020_2025,2023,Mobility
Razorpay,E-Commerce,D2C,Kolkata,"Omidyar Network, SoftBank Vision Fund",Seed,98000.0,2021-08-03,recent_2020_2025,2021,Ecommerce
Ola,Edtech,Coding Bootcamp,Hyderabad,IFC,Debt,28306000.0,2022-05-26,recent_2020_2025,2022,Edtech
FarmBox,Saas,DevTools,Bengaluru,"Accel, Info Edge, Prosus Ventures",Debt,3755000.0,2022-10-03,recent_2020_2025,2022,SaaS
WorkFit,Foodtech,Food Delivery,Ahmedabad,Tiger Global,Bridge,219000.0,2024-02-27,recent_2020_2025,2024,Foodtech
BlueRise,Agritech,Smart Farming,Mumbai,"Mirae Asset, Ventures India",Seed,275000.0,2022-05-19,recent_2020_2025,2022,Agritech
SkillFlow,Retail,Fashion,Chennai,"Peak XV, Tiger Global Management",Pre-Series A,886000.0,2023-09-27,recent_2020_2025,2023,Retail
QuantumSolutions,Consumer Electronics,Audio,Mumbai,Ribbit Capital,Seed,88000.0,2022-10-15,recent_2020_2025,2022,Consumer Electronics
HyperSpace_791,Media,Social,Mumbai,Y Combinator,Series A,4892000.0,2020-02-24,recent_2020_2025,2020,Media
NeoSense,Agritech,Marketplace,Mumbai,"Bessemer Venture Partners, Ventures India",Series C,78705000.0,2023-09-15,recent_2020_2025,2023,Agritech
CloudPay,Consumer Electronics,Wearables,Noida,"A91 Partners, Peak XV",Seed,477000.0,2021-12-04,recent_2020_2025,2021,Consumer Electronics
GreenMart,E-Commerce,Fashion,Kolkata,"Info Edge, Sequoia Capital India",Seed,53000.0,2022-02-09,recent_2020_2025,2022,Ecommerce
Oyo,Media,Social,Kolkata,"A91 Partners, Kalaari Capital, Ventures India",Series A,10610000.0,2021-10-01,recent_2020_2025,2021,Media
NeoLabs,Realestate,Rental Tech,Ahmedabad,Falcon Edge,Series A,12481000.0,2023-02-25,recent_2020_2025,2023,Real Estate
DriveFit,Agritech,Smart Farming,Ahmedabad,SoftBank Vision Fund,Series B,23958000.0,2024-04-18,recent_2020_2025,2024,Agritech
ClearTax,Agritech,Supply Chain,Delhi,"Omidyar Network, Ribbit Capital, Ventures India",Series D,248669000.0,2021-12-15,recent_2020_2025,2021,Agritech
QuantumAnalytics,Saas,HRTech,Chennai,Matrix Partners India,Pre-Series A,837000.0,2023-09-16,recent_2020_2025,2023,SaaS
FreshTech,Media,Social,Hyderabad,Falcon Edge,Seed,679000.0,2020-12-13,recent_2020_2025,2020,Media
GrowthConnect,Enterprise,Security,Ahmedabad,Sequoia Capital India,Series A,1511000.0,2022-05-12,recent_2020_2025,2022,Enterprise
CoreSpace,Saas,MarTech,Ahmedabad,Zodius Capital,Pre-Series A,377000.0,2023-03-18,recent_2020_2025,2023,SaaS
Practo,Media,Streaming,Gurugram,"Omidyar Network, SoftBank Vision Fund, Y Combinator",Seed,469000.0,2022-10-26,recent_2020_2025,2022,Media
DriveEdge,Realestate,PropTech,Noida,Elevation Capital,Seed,239000.0,2021-06-27,recent_2020_2025,2021,Real Estate
FoodFit,Agritech,Marketplace,Mumbai,Omidyar Network,Series B,38525000.0,2023-03-30,recent_2020_2025,2023,Agritech
SkillFlow_806,Retail,Fashion,Kolkata,Ribbit Capital,Pre-Series A,860000.0,2021-12-12,recent_2020_2025,2021,Retail
Oyo,Mobility,EV,Chennai,Kalaari Capital,Series B,65083000.0,2021-10-03,recent_2020_2025,2021,Mobility
AutoStack,Consumer Electronics,Smart Home,Noida,"A91 Partners, IFC, Kedaara Capital",Seed,264000.0,2020-02-08,recent_2020_2025,2020,Consumer Electronics
Meesho,Realestate,Rental Tech,Kolkata,"IFC, Zodius Capital",Seed,76000.0,2023-07-30,recent_2020_2025,2023,Real Estate
DriveEdge,Media,Streaming,Bengaluru,Nexus Venture Partners,Series A,14397000.0,2022-01-16,recent_2020_2025,2022,Media
Delhivery,Enterprise,Security,Chennai,Ribbit Capital,Seed,1104000.0,2024-08-27,recent_2020_2025,2024,Enterprise
Flipkart,Logistics,Supply Chain,Delhi,Kalaari Capital,Seed,79000.0,2023-05-16,recent_2020_2025,2023,Logistics
Porter,Healthtech,Diagnostics,Bengaluru,Mirae Asset,Seed,1494000.0,2024-08-21,recent_2020_2025,2024,Healthtech
DriveEdge,Fintech,Lending,Delhi,Bessemer Venture Partners,Seed,1238000.0,2020-02-29,recent_2020_2025,2020,Fintech
QuantumSolutions,Healthtech,Telemedicine,Kolkata,SoftBank Vision Fund,Series C,81514000.0,2020-04-23,recent_2020_2025,2020,Healthtech
Delhivery,Enterprise,Analytics,Chennai,"Kalaari Capital, LCatterton, Zodius Capital",Angel,29000.0,2023-10-07,recent_2020_2025,2023,Enterprise
FinSense,Agritech,Marketplace,Noida,"Peak XV, Zodius Capital",Angel,17000.0,2022-12-04,recent_2020_2025,2022,Agritech
AutoStack,E-Commerce,Marketplace,Ahmedabad,SoftBank Vision Fund,Seed,61000.0,2024-07-10,recent_2020_2025,2024,Ecommerce
UrbanDrive,Media,Social,Chennai,Lightspeed India,Seed,172000.0,2020-08-06,recent_2020_2025,2020,Media
SkillSolutions,Logistics,Fleet Management,Bengaluru,"Info Edge, Peak XV, SoftBank Vision Fund",Series A,8795000.0,2022-02-06,recent_2020_2025,2022,Logistics
LogiMart,Retail,E-Retail,Pune,Sequoia Capital India,Series A,1013000.0,2022-01-23,recent_2020_2025,2022,Retail
GreenMart,Realestate,PropTech,Gurugram,Ribbit Capital,Seed,171000.0,2022-02-26,recent_2020_2025,2022,Real Estate
ShareChat,Retail,Fashion,Mumbai,"Kalaari Capital, LCatterton",Series A,2940000.0,2021-04-29,recent_2020_2025,2021,Retail
DriveFit,Logistics,Supply Chain,Mumbai,Elevation Capital,Angel,25000.0,2024-03-29,recent_2020_2025,2024,Logistics
BharatPe,Consumer Electronics,Smart Home,Pune,"IFC, Kalaari Capital, Sequoia Capital India",Growth,566555000.0,2024-04-19,recent_2020_2025,2024,Consumer Electronics
NeoLabs,Foodtech,Food Delivery,Chennai,Zodius Capital,Growth,124717000.0,2024-08-06,recent_2020_2025,2024,Foodtech
Swiggy,Mobility,Ride Sharing,Pune,"Info Edge, Ventures India",Pre-Series A,222000.0,2024-02-02,recent_2020_2025,2024,Mobility
ClearTax,Retail,E-Retail,Delhi,"Kalaari Capital, Nexus Venture Partners, Ribbit Capital",Series B,38638000.0,2024-06-08,recent_2020_2025,2024,Retail
HyperLabs,E-Commerce,Marketplace,Gurugram,"IFC, Prosus Ventures, Ventures India",Series A,3403000.0,2025-06-08,recent_2020_2025,2025,Ecommerce
FoodLoop,Enterprise,Automation,Delhi,"Bessemer Venture Partners, Zodius Capital",Seed,114000.0,2023-11-08,recent_2020_2025,2023,Enterprise
BlueRise,Saas,DevTools,Chennai,"Lightspeed India, Peak XV",Growth,165015000.0,2025-04-18,recent_2020_2025,2025,SaaS
HomeFoods,Consumer Electronics,Audio,Hyderabad,Kalaari Capital,Series B,7389000.0,2020-12-11,recent_2020_2025,2020,Consumer Electronics
DriveLoop,Healthtech,Telemedicine,Pune,Sequoia Capital India,Seed,96000.0,2023-03-07,recent_2020_2025,2023,Healthtech
DriveEdge,Consumer Electronics,Smart Home,Kolkata,Blume Ventures,Seed,314000.0,2024-01-01,recent_2020_2025,2024,Consumer Electronics
NextStack,Consumer Electronics,Wearables,Delhi,"Lightspeed India, Zodius Capital",Series A,3110000.0,2021-02-27,recent_2020_2025,2021,Consumer Electronics
FinFoods,Foodtech,Cloud Kitchen,Bengaluru,Ribbit Capital,Seed,1461000.0,2021-06-20,recent_2020_2025,2021,Foodtech
LogiMart,Realestate,Rental Tech,Kolkata,IFC,Seed,190000.0,2022-08-18,recent_2020_2025,2022,Real Estate
AutoMart,Media,Content,Chennai,Accel,Series B,25007000.0,2021-06-08,recent_2020_2025,2021,Media
HealthWorks_839,Edtech,Coding Bootcamp,Pune,"Omidyar Network, Tiger Global Management, Ventures India",Debt,5087000.0,2025-04-07,recent_2020_2025,2025,Edtech
FarmFit_840,Mobility,Micro Mobility,Chennai,"A91 Partners, Tiger Global Management, Y Combinator",Seed,52000.0,2022-03-19,recent_2020_2025,2022,Mobility
EduTech,Mobility,EV,Pune,SoftBank Vision Fund,Growth,288051000.0,2020-09-27,recent_2020_2025,2020,Mobility
Paytm,Healthtech,Pharmacy,Mumbai,Mirae Asset,Seed,96000.0,2025-06-27,recent_2020_2025,2025,Healthtech
QuantumSolutions,Foodtech,Food Delivery,Hyderabad,Falcon Edge,Series A,13499000.0,2024-04-08,recent_2020_2025,2024,Foodtech
DriveEdge,Saas,MarTech,Delhi,"Blume Ventures, Info Edge, Ribbit Capital",Series A,1496000.0,2025-03-05,recent_2020_2025,2025,SaaS
Udaan,Edtech,K12,Bengaluru,"LCatterton, Mirae Asset, Nexus Venture Partners",Series A,3074000.0,2020-11-30,recent_2020_2025,2020,Edtech
NimbusLabs_846,Saas,MarTech,Kolkata,"Accel, IFC, Nexus Venture Partners",Series A,1260000.0,2024-09-28,recent_2020_2025,2024,SaaS
HealthAnalytics,Healthtech,Pharmacy,Ahmedabad,Omidyar Network,Angel,99000.0,2023-04-14,recent_2020_2025,2023,Healthtech
MediHive,Agritech,Supply Chain,Chennai,"LCatterton, Prosus Ventures",Angel,23000.0,2021-05-19,recent_2020_2025,2021,Agritech
GrowthFlow,Realestate,PropTech,Chennai,Zodius Capital,Pre-Series A,394000.0,2025-03-17,recent_2020_2025,2025,Real Estate
HyperLoop_850,Consumer Electronics,Smart Home,Kolkata,Omidyar Network,Series A,1199000.0,2025-05-10,recent_2020_2025,2025,Consumer Electronics
MediHive,Fintech,NeoBank,Kolkata,"Bessemer Venture Partners, LCatterton, Nexus Venture Partners",Seed,795000.0,2024-02-07,recent_2020_2025,2024,Fintech
Postman,Retail,Fashion,Hyderabad,"Peak XV, Tiger Global, Y Combinator",Seed,108000.0,2020-04-23,recent_2020_2025,2020,Retail
FoodFit,Edtech,Coding Bootcamp,Mumbai,Kalaari Capital,Pre-Seed,158000.0,2021-03-02,recent_2020_2025,2021,Edtech
CoreConnect,Retail,Fashion,Delhi,"LCatterton, Ventures India",Seed,107000.0,2022-10-02,recent_2020_2025,2022,Retail
LogiSense,E-Commerce,D2C,Noida,"A91 Partners, Mirae Asset",Seed,101000.0,2022-07-01,recent_2020_2025,2022,Ecommerce
Innovaccer,E-Commerce,Fashion,Pune,"Info Edge, SoftBank Vision Fund, Tiger Global",Series A,1104000.0,2022-06-08,recent_2020_2025,2022,Ecommerce
SmartMart,Realestate,Rental Tech,Delhi,"Accel, Mirae Asset, Ribbit Capital",Angel,21000.0,2022-12-15,recent_2020_2025,2022,Real Estate
HealthRise,Consumer Electronics,Wearables,Delhi,Zodius Capital,Debt,3346000.0,2023-11-02,recent_2020_2025,2023,Consumer Electronics
DriveLoop,Fintech,NeoBank,Mumbai,Falcon Edge,Angel,6000.0,2022-11-17,recent_2020_2025,2022,Fintech
Flipkart,E-Commerce,Fashion,Ahmedabad,Omidyar Network,Series C,163351000.0,2021-12-28,recent_2020_2025,2021,Ecommerce
AeroAnalytics_861,Media,Streaming,Kolkata,"Kalaari Capital, Tiger Global",Seed,266000.0,2021-01-08,recent_2020_2025,2021,Media
Delhivery,Saas,MarTech,Kolkata,Tiger Global Management,Series A,4137000.0,2021-06-26,recent_2020_2025,2021,SaaS
DataEdge,E-Commerce,Grocery,Hyderabad,"Falcon Edge, Sequoia Capital India",Growth,160008000.0,2020-08-05,recent_2020_2025,2020,Ecommerce
Porter,Fintech,Lending,Kolkata,"Mirae Asset, Omidyar Network, Tiger Global Management",Series A,2960000.0,2022-04-09,recent_2020_2025,2022,Fintech
ShareChat,Media,Streaming,Chennai,Nexus Venture Partners,Series C,91037000.0,2020-06-28,recent_2020_2025,2020,Media
FinFoods,Fintech,Lending,Bengaluru,Ribbit Capital,Seed,89000.0,2023-08-21,recent_2020_2025,2023,Fintech
DriveEdge,Enterprise,Automation,Gurugram,"Kalaari Capital, Nexus Venture Partners",Seed,98000.0,2024-04-25,recent_2020_2025,2024,Enterprise
Porter,Healthtech,Diagnostics,Kolkata,IFC,Bridge,1201000.0,2022-08-23,recent_2020_2025,2022,Healthtech
HomeMart,Agritech,Smart Farming,Bengaluru,"IFC, Info Edge, Kalaari Capital",Seed,1639000.0,2020-07-29,recent_2020_2025,2020,Agritech
NimbusLabs,Agritech,Marketplace,Noida,"Falcon Edge, Kalaari Capital",Debt,1018000.0,2020-03-16,recent_2020_2025,2020,Agritech
Myntra,Edtech,Test Prep,Noida,A91 Partners,Pre-Seed,37000.0,2023-03-26,recent_2020_2025,2023,Edtech
NextStack,Foodtech,Food Delivery,Mumbai,"Kedaara Capital, Sequoia Capital India, Y Combinator",Series A,5720000.0,2025-04-06,recent_2020_2025,2025,Foodtech
SmartTech,Consumer Electronics,Wearables,Kolkata,"LCatterton, SoftBank Vision Fund",Seed,226000.0,2021-03-25,recent_2020_2025,2021,Consumer Electronics
InMobi,Healthtech,Pharmacy,Chennai,"Mirae Asset, Ribbit Capital, Y Combinator",Bridge,55000.0,2024-09-02,recent_2020_2025,2024,Healthtech
BharatPe,Agritech,Supply Chain,Hyderabad,"Blume Ventures, Mirae Asset",Series B,7709000.0,2020-06-25,recent_2020_2025,2020,Agritech
NeoLabs,Foodtech,Food Delivery,Hyderabad,Tiger Global Management,Seed,701000.0,2023-02-14,recent_2020_2025,2023,Foodtech
Licious,Logistics,Supply Chain,Delhi,"Sequoia Capital India, Tiger Global",Seed,568000.0,2024-10-26,recent_2020_2025,2024,Logistics
Paytm,E-Commerce,Grocery,Gurugram,"Matrix Partners India, SoftBank Vision Fund",Seed,55000.0,2021-04-03,recent_2020_2025,2021,Ecommerce
AgriFit,Retail,Fashion,Hyderabad,"Accel, IFC, Omidyar Network",Angel,10000.0,2024-10-13,recent_2020_2025,2024,Retail
Postman,Consumer Electronics,Wearables,Mumbai,"IFC, Omidyar Network",Bridge,117000.0,2024-05-19,recent_2020_2025,2024,Consumer Electronics
Zomato,Enterprise,Automation,Bengaluru,"Lightspeed India, Nexus Venture Partners, Y Combinator",Series A,6169000.0,2020-12-08,recent_2020_2025,2020,Enterprise
Cars24,Media,Content,Noida,Blume Ventures,Series A,1055000.0,2024-11-17,recent_2020_2025,2024,Media
Mobikwik,Saas,DevTools,Mumbai,"Sequoia Capital India, Ventures India",Series D,63545000.0,2022-06-18,recent_2020_2025,2022,SaaS
FarmBox,Mobility,Ride Sharing,Mumbai,"Prosus Ventures, Y Combinator",Seed,956000.0,2024-01-04,recent_2020_2025,2024,Mobility
WorkPay,Mobility,EV,Gurugram,LCatterton,Seed,97000.0,2022-05-28,recent_2020_2025,2022,Mobility
ShareChat,Fintech,InsurTech,Delhi,"Accel, Peak XV",Series C,117144000.0,2024-01-09,recent_2020_2025,2024,Fintech
HyperLabs,Retail,E-Retail,Chennai,Prosus Ventures,Seed,120000.0,2024-04-03,recent_2020_2025,2024,Retail
WorkPay,Fintech,NeoBank,Hyderabad,"IFC, Kedaara Capital",Pre-Series A,126000.0,2024-12-19,recent_2020_2025,2024,Fintech
HyperLabs,Fintech,WealthTech,Noida,"Kalaari Capital, LCatterton, Ribbit Capital",Series A,1932000.0,2020-10-27,recent_2020_2025,2020,Fintech
Ola,Media,Content,Chennai,Accel,Series C,141411000.0,2024-12-09,recent_2020_2025,2024,Media
WorkStack,Media,Streaming,Delhi,Lightspeed India,Series A,10148000.0,2023-01-12,recent_2020_2025,2023,Media
FreshTech,Retail,Fashion,Delhi,"Matrix Partners India, Omidyar Network",Pre-Seed,135000.0,2024-12-28,recent_2020_2025,2024,Retail
Oyo,Media,Content,Noida,Matrix Partners India,Seed,216000.0,2020-05-02,recent_2020_2025,2020,Media
ClearDekho,Saas,B2B SaaS,Bengaluru,Info Edge,Series C,122112000.0,2025-04-11,recent_2020_2025,2025,SaaS
MediHive,Edtech,K12,Pune,"A91 Partners, Nexus Venture Partners, Y Combinator",Seed,107000.0,2023-09-27,recent_2020_2025,2023,Edtech
LogiMart,Mobility,Micro Mobility,Gurugram,"Accel, Kedaara Capital",Series C,44238000.0,2022-01-09,recent_2020_2025,2022,Mobility
Flipkart,E-Commerce,Quick Commerce,Bengaluru,"Accel, Lightspeed India",Pre-Series A,788000.0,2020-09-23,recent_2020_2025,2020,Ecommerce
CoreConnect,Mobility,EV,Hyderabad,"Prosus Ventures, Tiger Global Management",Series A,1036000.0,2023-07-27,recent_2020_2025,2023,Mobility
NeoLabs,Foodtech,Cloud Kitchen,Delhi,"Falcon Edge, Info Edge, Tiger Global Management",Series A,1261000.0,2022-09-19,recent_2020_2025,2022,Foodtech
Housejoy,Media,Social,Kolkata,Peak XV,Series A,1756000.0,2024-03-08,recent_2020_2025,2024,Media
Nykaa,E-Commerce,Grocery,Chennai,"Elevation Capital, Falcon Edge",Seed,55000.0,2022-01-26,recent_2020_2025,2022,Ecommerce
Housejoy,Saas,HRTech,Pune,Bessemer Venture Partners,Seed,98000.0,2022-09-22,recent_2020_2025,2022,SaaS
SmartCare,Foodtech,Cloud Kitchen,Hyderabad,Zodius Capital,Private Equity,382861000.0,2021-03-17,recent_2020_2025,2021,Foodtech
NeoLabs_904,Mobility,EV,Mumbai,A91 Partners,Growth,152047000.0,2022-05-05,recent_2020_2025,2022,Mobility
BlueSpace,Consumer Electronics,Smart Home,Ahmedabad,"Ribbit Capital, Ventures India",Seed,1346000.0,2020-10-10,recent_2020_2025,2020,Consumer Electronics
EduMart,Media,Content,Mumbai,"Kalaari Capital, Matrix Partners India",Series C,182986000.0,2023-09-22,recent_2020_2025,2023,Media
AutoMart,Fintech,InsurTech,Hyderabad,Kedaara Capital,Series B,12899000.0,2024-11-08,recent_2020_2025,2024,Fintech
FreshTech,E-Commerce,Grocery,Mumbai,"A91 Partners, Tiger Global",Seed,130000.0,2023-06-21,recent_2020_2025,2023,Ecommerce
FinFoods,Mobility,Ride Sharing,Mumbai,Tiger Global Management,Series B,14327000.0,2022-12-25,recent_2020_2025,2022,Mobility
SkillSolutions,Edtech,Coding Bootcamp,Mumbai,Kalaari Capital,Series C,98917000.0,2023-05-27,recent_2020_2025,2023,Edtech
FarmFit,Fintech,WealthTech,Chennai,"Matrix Partners India, SoftBank Vision Fund",Seed,134000.0,2020-02-19,recent_2020_2025,2020,Fintech
Porter,E-Commerce,Grocery,Delhi,Ventures India,Seed,500000.0,2021-01-09,recent_2020_2025,2021,Ecommerce
HyperLoop,Foodtech,Grocery,Delhi,Blume Ventures,Seed,226000.0,2025-05-22,recent_2020_2025,2025,Foodtech
NimbusMart,E-Commerce,D2C,Delhi,Y Combinator,Pre-Series A,356000.0,2021-10-25,recent_2020_2025,2021,Ecommerce
Housejoy,Fintech,Lending,Gurugram,Mirae Asset,Series C,65156000.0,2023-04-15,recent_2020_2025,2023,Fintech
ClearDekho,Foodtech,Cloud Kitchen,Hyderabad,"Kalaari Capital, Mirae Asset",Seed,148000.0,2022-08-09,recent_2020_2025,2022,Foodtech
Freshworks,Realestate,PropTech,Bengaluru,"Matrix Partners India, Prosus Ventures",Seed,1654000.0,2025-05-27,recent_2020_2025,2025,Real Estate
FreshSolutions,Foodtech,Food Delivery,Mumbai,Bessemer Venture Partners,Series D,290119000.0,2022-10-21,recent_2020_2025,2022,Foodtech
SmartCare,Healthtech,Diagnostics,Noida,"Info Edge, Sequoia Capital India",Bridge,84000.0,2025-05-22,recent_2020_2025,2025,Healthtech
SmartMart,Agritech,Smart Farming,Delhi,"Elevation Capital, Matrix Partners India",Pre-Seed,148000.0,2025-03-26,recent_2020_2025,2025,Agritech
QuantumAnalytics,Enterprise,Automation,Gurugram,Tiger Global,Series A,3743000.0,2022-11-11,recent_2020_2025,2022,Enterprise
CRED,Logistics,Last Mile,Chennai,Kedaara Capital,Series B,59720000.0,2024-08-27,recent_2020_2025,2024,Logistics
QuantumSolutions,Edtech,UpSkilling,Pune,"Info Edge, Matrix Partners India, Tiger Global Management",Series B,45929000.0,2025-06-29,recent_2020_2025,2025,Edtech
DataHive,Agritech,Smart Farming,Bengaluru,"LCatterton, Omidyar Network, Sequoia Capital India",Angel,18000.0,2020-09-30,recent_2020_2025,2020,Agritech
MediSpace,Foodtech,Grocery,Kolkata,Bessemer Venture Partners,Series C,21255000.0,2023-01-07,recent_2020_2025,2023,Foodtech
Dunzo,Mobility,Ride Sharing,Kolkata,"Y Combinator, Zodius Capital",Series B,10531000.0,2021-12-23,recent_2020_2025,2021,Mobility
EduTech,Retail,Fashion,Bengaluru,Info Edge,Seed,369000.0,2022-01-28,recent_2020_2025,2022,Retail
HomeAnalytics,Retail,Grocery,Pune,"Ribbit Capital, Zodius Capital",Seed,517000.0,2024-07-29,recent_2020_2025,2024,Retail
HomeAnalytics,Consumer Electronics,Wearables,Bengaluru,"Kedaara Capital, Lightspeed India",Seed,129000.0,2025-01-26,recent_2020_2025,2025,Consumer Electronics
AutoMart,Logistics,Fleet Management,Noida,Prosus Ventures,Series A,1458000.0,2023-02-04,recent_2020_2025,2023,Logistics
NoBroker,E-Commerce,Grocery,Delhi,Peak XV,Series B,50620000.0,2020-09-17,recent_2020_2025,2020,Ecommerce
HomeFoods,Media,Content,Gurugram,"Omidyar Network, Prosus Ventures",Series D,482361000.0,2020-02-17,recent_2020_2025,2020,Media
AutoFlow_933,Foodtech,Grocery,Bengaluru,"Kalaari Capital, Zodius Capital",Series D,167749000.0,2021-10-23,recent_2020_2025,2021,Foodtech
NeoTech,Consumer Electronics,Wearables,Pune,"Elevation Capital, Kalaari Capital, Lightspeed India",Series A,1592000.0,2020-03-30,recent_2020_2025,2020,Consumer Electronics
EduMart,Foodtech,Cloud Kitchen,Pune,Tiger Global Management,Seed,137000.0,2023-03-17,recent_2020_2025,2023,Foodtech
Zepto,Media,Content,Mumbai,SoftBank Vision Fund,Angel,5000.0,2021-02-07,recent_2020_2025,2021,Media
Byju's,Realestate,Rental Tech,Mumbai,Omidyar Network,Pre-Seed,164000.0,2022-06-03,recent_2020_2025,2022,Real Estate
WorkStack,Edtech,Test Prep,Kolkata,Zodius Capital,Seed,77000.0,2021-11-28,recent_2020_2025,2021,Edtech
FinSpace,Retail,Fashion,Ahmedabad,"Info Edge, Nexus Venture Partners, Tiger Global Management",Series A,4765000.0,2020-07-14,recent_2020_2025,2020,Retail
GreenMart,Enterprise,Automation,Mumbai,"Omidyar Network, Tiger Global",Series C,42009000.0,2020-05-06,recent_2020_2025,2020,Enterprise
Paytm,E-Commerce,Quick Commerce,Bengaluru,"Kalaari Capital, Ribbit Capital",Series A,4485000.0,2021-08-26,recent_2020_2025,2021,Ecommerce
Flipkart,Edtech,Test Prep,Kolkata,"IFC, Ribbit Capital",Pre-Series A,448000.0,2024-06-16,recent_2020_2025,2024,Edtech
BlueSpace,Realestate,PropTech,Kolkata,Accel,Series A,9459000.0,2023-04-18,recent_2020_2025,2023,Real Estate
UrbanStack,E-Commerce,Grocery,Gurugram,"Falcon Edge, Mirae Asset, Y Combinator",Angel,9000.0,2020-09-15,recent_2020_2025,2020,Ecommerce
Ola,Healthtech,Diagnostics,Delhi,SoftBank Vision Fund,Series C,20605000.0,2020-05-03,recent_2020_2025,2020,Healthtech
DriveEdge,Realestate,Home Services,Hyderabad,Nexus Venture Partners,Series A,1449000.0,2023-01-13,recent_2020_2025,2023,Real Estate
FreshTech,Logistics,Supply Chain,Bengaluru,"Matrix Partners India, Nexus Venture Partners, Zodius Capital",Series A,11442000.0,2023-09-08,recent_2020_2025,2023,Logistics
Udaan,Foodtech,Food Delivery,Gurugram,Bessemer Venture Partners,Bridge,1256000.0,2023-08-04,recent_2020_2025,2023,Foodtech
DataHive,Consumer Electronics,Smart Home,Kolkata,"A91 Partners, SoftBank Vision Fund",Series A,5042000.0,2021-11-09,recent_2020_2025,2021,Consumer Electronics
Delhivery,Foodtech,Food Delivery,Delhi,Mirae Asset,Seed,458000.0,2024-11-29,recent_2020_2025,2024,Foodtech
Rapido,Realestate,PropTech,Gurugram,Mirae Asset,Series A,6055000.0,2021-03-12,recent_2020_2025,2021,Real Estate
FreshBox,Foodtech,Cloud Kitchen,Chennai,Sequoia Capital India,Seed,95000.0,2020-01-14,recent_2020_2025,2020,Foodtech
Licious,Fintech,NeoBank,Mumbai,Ribbit Capital,Seed,1459000.0,2022-06-20,recent_2020_2025,2022,Fintech
ShareChat,Fintech,Payments,Gurugram,LCatterton,Seed,234000.0,2020-12-22,recent_2020_2025,2020,Fintech
NoBroker,Saas,DevTools,Delhi,LCatterton,Seed,205000.0,2020-12-26,recent_2020_2025,2020,SaaS
DataAnalytics,Healthtech,Health Analytics,Mumbai,Info Edge,Seed,339000.0,2021-03-06,recent_2020_2025,2021,Healthtech
Nykaa,Retail,Grocery,Delhi,IFC,Bridge,59000.0,2025-06-24,recent_2020_2025,2025,Retail
Byju's,E-Commerce,Marketplace,Delhi,Y Combinator,Series C,31376000.0,2021-01-27,recent_2020_2025,2021,Ecommerce
DriveLoop,Edtech,Test Prep,Ahmedabad,"Elevation Capital, Nexus Venture Partners",Series A,7379000.0,2024-10-15,recent_2020_2025,2024,Edtech
LogiMart_960,Retail,Grocery,Delhi,"LCatterton, Lightspeed India",Series D,60502000.0,2025-06-06,recent_2020_2025,2025,Retail
HealthRise,Retail,Fashion,Ahmedabad,"Ribbit Capital, Ventures India",Seed,463000.0,2022-11-07,recent_2020_2025,2022,Retail
NimbusWorks,Consumer Electronics,Audio,Pune,"Mirae Asset, Peak XV",Series B,9872000.0,2022-12-12,recent_2020_2025,2022,Consumer Electronics
FoodFit,Retail,Fashion,Bengaluru,Info Edge,Seed,210000.0,2025-01-06,recent_2020_2025,2025,Retail
FinSpace,Logistics,Supply Chain,Chennai,Matrix Partners India,Series A,2185000.0,2025-03-30,recent_2020_2025,2025,Logistics
WorkFit,E-Commerce,D2C,Kolkata,"Falcon Edge, Tiger Global",Series A,2620000.0,2021-04-16,recent_2020_2025,2021,Ecommerce
BlueSpace,Consumer Electronics,Wearables,Chennai,Elevation Capital,Pre-Series A,524000.0,2022-10-15,recent_2020_2025,2022,Consumer Electronics
GrowthFlow,Edtech,UpSkilling,Mumbai,Zodius Capital,Pre-Series A,198000.0,2020-06-17,recent_2020_2025,2020,Edtech
HealthRise,Edtech,Test Prep,Mumbai,Lightspeed India,Seed,404000.0,2020-03-19,recent_2020_2025,2020,Edtech
FreshBox,Media,Streaming,Hyderabad,Tiger Global Management,Seed,289000.0,2023-05-22,recent_2020_2025,2023,Media
Swiggy,Fintech,WealthTech,Hyderabad,"Peak XV, Zodius Capital",Series C,120661000.0,2024-05-22,recent_2020_2025,2024,Fintech
UrbanStack,Mobility,Ride Sharing,Chennai,"Lightspeed India, Matrix Partners India, Omidyar Network",Seed,1584000.0,2024-01-21,recent_2020_2025,2024,Mobility
InMobi,Media,Content,Pune,Info Edge,Series C,145412000.0,2021-10-03,recent_2020_2025,2021,Media
SkillRise,Consumer Electronics,Smart Home,Bengaluru,Elevation Capital,Pre-Series A,164000.0,2023-03-28,recent_2020_2025,2023,Consumer Electronics
MediSpace,Realestate,Home Services,Pune,"Prosus Ventures, Ventures India",Seed,56000.0,2022-05-21,recent_2020_2025,2022,Real Estate
Delhivery,Saas,B2B SaaS,Ahmedabad,Nexus Venture Partners,Series C,40689000.0,2025-03-03,recent_2020_2025,2025,SaaS
FreshBox,Retail,Fashion,Ahmedabad,"Kalaari Capital, Lightspeed India",Series A,5010000.0,2022-03-11,recent_2020_2025,2022,Retail
AeroHub,E-Commerce,D2C,Ahmedabad,Accel,Bridge,60000.0,2023-08-01,recent_2020_2025,2023,Ecommerce
Zomato,Realestate,Rental Tech,Delhi,"Blume Ventures, Mirae Asset",Pre-Seed,63000.0,2023-11-12,recent_2020_2025,2023,Real Estate
CRED,Foodtech,Food Delivery,Gurugram,Tiger Global,Seed,452000.0,2023-09-12,recent_2020_2025,2023,Foodtech
MediSpace,Enterprise,Security,Chennai,Falcon Edge,Seed,172000.0,2020-08-14,recent_2020_2025,2020,Enterprise
GrowthCare,Foodtech,Cloud Kitchen,Delhi,"Prosus Ventures, Zodius Capital",Growth,382414000.0,2021-09-26,recent_2020_2025,2021,Foodtech
NextSense,Logistics,Fleet Management,Gurugram,"Elevation Capital, Sequoia Capital India",Series A,1335000.0,2023-11-03,recent_2020_2025,2023,Logistics
SmartCare,Enterprise,Security,Ahmedabad,LCatterton,Series C,24513000.0,2022-12-12,recent_2020_2025,2022,Enterprise
NeoLabs,Agritech,Supply Chain,Mumbai,"Y Combinator, Zodius Capital",Seed,734000.0,2024-12-09,recent_2020_2025,2024,Agritech
Delhivery,Foodtech,Grocery,Delhi,"Info Edge, Ventures India",Pre-Series A,313000.0,2021-01-02,recent_2020_2025,2021,Foodtech
BlueTech,E-Commerce,Fashion,Bengaluru,Elevation Capital,Seed,634000.0,2024-11-17,recent_2020_2025,2024,Ecommerce
Cars24,Realestate,PropTech,Gurugram,"Nexus Venture Partners, Y Combinator",Angel,18000.0,2022-04-22,recent_2020_2025,2022,Real Estate
Zomato,Mobility,EV,Chennai,Falcon Edge,Series A,1949000.0,2021-06-01,recent_2020_2025,2021,Mobility
SmartMart_989,Realestate,Rental Tech,Kolkata,"IFC, Kalaari Capital",Pre-Series A,659000.0,2024-03-07,recent_2020_2025,2024,Real Estate
MediSpace,Media,Social,Pune,"Accel, Info Edge",Series B,45874000.0,2022-08-08,recent_2020_2025,2022,Media
HomeMart,Consumer Electronics,Audio,Kolkata,Blume Ventures,Series C,131237000.0,2024-09-19,recent_2020_2025,2024,Consumer Electronics
PhonePe,Agritech,Supply Chain,Delhi,"Accel, Kalaari Capital, Ventures India",Seed,136000.0,2022-12-30,recent_2020_2025,2022,Agritech
SkillFlow,Saas,DevTools,Gurugram,"Falcon Edge, Info Edge, Tiger Global",Series B,25685000.0,2025-01-02,recent_2020_2025,2025,SaaS
Zomato,Foodtech,Grocery,Hyderabad,Tiger Global,Series A,2658000.0,2023-05-10,recent_2020_2025,2023,Foodtech
UrbanSolutions,Edtech,UpSkilling,Gurugram,Sequoia Capital India,Seed,70000.0,2020-02-02,recent_2020_2025,2020,Edtech
CloudLabs,E-Commerce,Marketplace,Mumbai,"Blume Ventures, Kalaari Capital",Series C,239814000.0,2024-08-27,recent_2020_2025,2024,Ecommerce
AeroStack,Saas,DevTools,Ahmedabad,"Nexus Venture Partners, Peak XV",Seed,83000.0,2023-01-14,recent_2020_2025,2023,SaaS
Meesho,E-Commerce,D2C,Pune,"Info Edge, Kalaari Capital, SoftBank Vision Fund",Seed,1665000.0,2022-04-03,recent_2020_2025,2022,Ecommerce
Byju's,Realestate,Home Services,Ahmedabad,Kalaari Capital,Pre-Series A,279000.0,2020-05-17,recent_2020_2025,2020,Real Estate
Chargebee,E-Commerce,Grocery,Ahmedabad,Omidyar Network,Seed,99000.0,2025-05-18,recent_2020_2025,2025,Ecommerce
UrbanDrive,Retail,Fashion,Delhi,"IFC, Mirae Asset, SoftBank Vision Fund",Seed,369000.0,2023-07-25,recent_2020_2025,2023,Retail
WorkStack_1002,Agritech,Smart Farming,Chennai,Falcon Edge,Series A,10633000.0,2024-02-28,recent_2020_2025,2024,Agritech
UrbanStack,Agritech,Supply Chain,Hyderabad,Ribbit Capital,Seed,745000.0,2022-05-27,recent_2020_2025,2022,Agritech
HealthWorks,Consumer Electronics,Wearables,Gurugram,"Omidyar Network, Peak XV, Sequoia Capital India",Seed,980000.0,2021-02-22,recent_2020_2025,2021,Consumer Electronics
Ola,Media,Content,Delhi,Falcon Edge,Seed,568000.0,2023-08-11,recent_2020_2025,2023,Media
SkillRise,Logistics,Last Mile,Gurugram,Matrix Partners India,Series D,246176000.0,2021-11-09,recent_2020_2025,2021,Logistics
Udaan,Realestate,PropTech,Gurugram,"Info Edge, SoftBank Vision Fund",Series A,9971000.0,2022-02-20,recent_2020_2025,2022,Real Estate
MediHive_1008,Consumer Electronics,Audio,Gurugram,Nexus Venture Partners,Seed,126000.0,2020-10-16,recent_2020_2025,2020,Consumer Electronics
NoBroker,Agritech,Marketplace,Gurugram,"Kedaara Capital, SoftBank Vision Fund",Seed,304000.0,2020-06-09,recent_2020_2025,2020,Agritech
BlueRise,Healthtech,Diagnostics,Hyderabad,"IFC, Lightspeed India, Mirae Asset",Seed,113000.0,2022-07-07,recent_2020_2025,2022,Healthtech
ShareChat,Foodtech,Food Delivery,Delhi,"Info Edge, Omidyar Network",Series A,14507000.0,2022-05-15,recent_2020_2025,2022,Foodtech
HyperLoop,Retail,Grocery,Bengaluru,Ventures India,Series C,257828000.0,2022-05-25,recent_2020_2025,2022,Retail
Delhivery,Agritech,Marketplace,Delhi,Y Combinator,Series A,1113000.0,2020-12-25,recent_2020_2025,2020,Agritech
BigBasket,Consumer Electronics,Wearables,Chennai,SoftBank Vision Fund,Series A,6758000.0,2022-09-11,recent_2020_2025,2022,Consumer Electronics
CoreSpace,Edtech,Test Prep,Bengaluru,"Kalaari Capital, Y Combinator",Growth,574676000.0,2024-02-04,recent_2020_2025,2024,Edtech
AutoMart,Saas,MarTech,Kolkata,Kalaari Capital,Seed,97000.0,2023-04-19,recent_2020_2025,2023,SaaS
GrowthConnect,E-Commerce,Fashion,Ahmedabad,"Bessemer Venture Partners, Peak XV",Seed,406000.0,2024-04-11,recent_2020_2025,2024,Ecommerce
NextFlow,Consumer Electronics,Smart Home,Pune,"Peak XV, Ventures India",Series B,63289000.0,2023-08-26,recent_2020_2025,2023,Consumer Electronics
HomeMart,Enterprise,Security,Bengaluru,Matrix Partners India,Series B,5493000.0,2023-08-14,recent_2020_2025,2023,Enterprise
AutoFlow,Healthtech,Pharmacy,Gurugram,"Bessemer Venture Partners, Sequoia Capital India, Zodius Capital",Series A,6610000.0,2025-05-03,recent_2020_2025,2025,Healthtech
AeroHub,Agritech,Supply Chain,Noida,"Blume Ventures, Info Edge",Angel,12000.0,2024-11-29,recent_2020_2025,2024,Agritech
Oyo,Mobility,Micro Mobility,Chennai,"Peak XV, Ventures India",Series A,12223000.0,2024-02-12,recent_2020_2025,2024,Mobility
Unacademy,E-Commerce,Grocery,Pune,"Kedaara Capital, Lightspeed India, Ventures India",Series C,277385000.0,2021-07-04,recent_2020_2025,2021,Ecommerce
MediHive,Enterprise,Security,Bengaluru,"Elevation Capital, Kalaari Capital",Seed,1628000.0,2024-05-03,recent_2020_2025,2024,Enterprise
Paytm,Healthtech,Diagnostics,Pune,Mirae Asset,Seed,288000.0,2020-10-02,recent_2020_2025,2020,Healthtech
AeroAnalytics,Consumer Electronics,Smart Home,Gurugram,"Blume Ventures, Matrix Partners India, Ventures India",Seed,1202000.0,2020-04-30,recent_2020_2025,2020,Consumer Electronics
Freshworks,Consumer Electronics,Smart Home,Ahmedabad,Accel,Seed,1127000.0,2023-07-27,recent_2020_2025,2023,Consumer Electronics
WorkFit,Logistics,Last Mile,Pune,"Mirae Asset, Ventures India",Pre-Seed,42000.0,2021-04-25,recent_2020_2025,2021,Logistics
MediSpace_1029,Retail,E-Retail,Ahmedabad,Lightspeed India,Series C,188760000.0,2020-03-26,recent_2020_2025,2020,Retail
MediHive,Mobility,EV,Kolkata,"Info Edge, Y Combinator",Series A,1105000.0,2021-11-21,recent_2020_2025,2021,Mobility
DataHive,Enterprise,Analytics,Pune,"Tiger Global, Y Combinator",Series B,26119000.0,2022-02-14,recent_2020_2025,2022,Enterprise
FreshBox,Fintech,InsurTech,Chennai,Sequoia Capital India,Series B,9461000.0,2024-12-23,recent_2020_2025,2024,Fintech
NeoTech,Logistics,Fleet Management,Gurugram,"Kalaari Capital, Mirae Asset, Prosus Ventures",Pre-Series A,132000.0,2023-06-20,recent_2020_2025,2023,Logistics
FinFoods_1034,Realestate,Home Services,Bengaluru,Tiger Global Management,Series B,6189000.0,2024-11-23,recent_2020_2025,2024,Real Estate
NeoSense,Edtech,Coding Bootcamp,Chennai,Y Combinator,Series B,34466000.0,2024-06-14,recent_2020_2025,2024,Edtech
FarmBox,Enterprise,Automation,Mumbai,"Lightspeed India, Nexus Venture Partners",Series B,12830000.0,2021-08-24,recent_2020_2025,2021,Enterprise
ClearDekho,Fintech,Lending,Kolkata,"Mirae Asset, Tiger Global Management",Series C,142371000.0,2021-09-09,recent_2020_2025,2021,Fintech
EduMart,Consumer Electronics,Smart Home,Noida,Ventures India,Seed,64000.0,2021-03-09,recent_2020_2025,2021,Consumer Electronics
Unacademy,E-Commerce,Fashion,Bengaluru,LCatterton,Seed,160000.0,2025-03-17,recent_2020_2025,2025,Ecommerce
QuantumSolutions,Logistics,Fleet Management,Kolkata,Prosus Ventures,Bridge,366000.0,2023-10-05,recent_2020_2025,2023,Logistics
NeoLabs,Media,Content,Gurugram,"SoftBank Vision Fund, Tiger Global",Angel,53000.0,2024-04-18,recent_2020_2025,2024,Media
QuantumAnalytics,Retail,Fashion,Chennai,Nexus Venture Partners,Series C,47415000.0,2021-04-02,recent_2020_2025,2021,Retail
Unacademy,E-Commerce,Quick Commerce,Pune,Ventures India,Series B,28354000.0,2025-04-03,recent_2020_2025,2025,Ecommerce
Porter,Agritech,Smart Farming,Delhi,"A91 Partners, Sequoia Capital India",Series D,384546000.0,2025-05-07,recent_2020_2025,2025,Agritech
HealthWorks,Edtech,Coding Bootcamp,Chennai,"Nexus Venture Partners, Peak XV, Prosus Ventures",Seed,485000.0,2022-01-17,recent_2020_2025,2022,Edtech
HomeAnalytics,Fintech,NeoBank,Kolkata,Zodius Capital,Seed,118000.0,2024-07-29,recent_2020_2025,2024,Fintech
Chargebee,Realestate,Home Services,Delhi,"Bessemer Venture Partners, Kedaara Capital, Prosus Ventures",Series A,1068000.0,2020-10-25,recent_2020_2025,2020,Real Estate
FoodLoop,Media,Social,Hyderabad,"Mirae Asset, Zodius Capital",Debt,22303000.0,2023-12-17,recent_2020_2025,2023,Media
NimbusLabs,Foodtech,Cloud Kitchen,Pune,IFC,Seed,54000.0,2024-01-07,recent_2020_2025,2024,Foodtech
Zepto,Media,Streaming,Bengaluru,IFC,Angel,69000.0,2024-05-08,recent_2020_2025,2024,Media
DriveFit,Enterprise,Automation,Delhi,"Prosus Ventures, SoftBank Vision Fund",Debt,2677000.0,2023-01-27,recent_2020_2025,2023,Enterprise
NextFlow,Foodtech,Cloud Kitchen,Noida,"A91 Partners, Kedaara Capital, LCatterton",Series B,67565000.0,2021-08-01,recent_2020_2025,2021,Foodtech
Wakefit,Healthtech,Pharmacy,Ahmedabad,"Elevation Capital, Omidyar Network, Prosus Ventures",Growth,411602000.0,2020-04-20,recent_2020_2025,2020,Healthtech
Ola,Media,Content,Hyderabad,Bessemer Venture Partners,Angel,99000.0,2021-03-05,recent_2020_2025,2021,Media
BlueRise,Fintech,WealthTech,Ahmedabad,Y Combinator,Seed,182000.0,2024-05-27,recent_2020_2025,2024,Fintech
DriveLoop,Healthtech,Telemedicine,Mumbai,Peak XV,Pre-Series A,585000.0,2022-08-28,recent_2020_2025,2022,Healthtech
Housejoy,Mobility,Micro Mobility,Pune,Ribbit Capital,Series A,2970000.0,2025-06-09,recent_2020_2025,2025,Mobility
CoreConnect,E-Commerce,Marketplace,Chennai,"Peak XV, Ribbit Capital",Series A,3668000.0,2023-11-09,recent_2020_2025,2023,Ecommerce
UrbanSolutions,Retail,Fashion,Mumbai,"Info Edge, Ribbit Capital, Y Combinator",Series C,109404000.0,2024-11-06,recent_2020_2025,2024,Retail
MediSpace,E-Commerce,Quick Commerce,Kolkata,"Lightspeed India, Omidyar Network",Series B,56361000.0,2025-02-03,recent_2020_2025,2025,Ecommerce
GrowthCare,Media,Social,Ahmedabad,"Elevation Capital, Kedaara Capital, Nexus Venture Partners",Seed,1886000.0,2022-09-18,recent_2020_2025,2022,Media
NeoSense_1062,Enterprise,Automation,Delhi,Kalaari Capital,Pre-Series A,587000.0,2023-12-06,recent_2020_2025,2023,Enterprise
NeoLabs_1063,Enterprise,Automation,Noida,"Nexus Venture Partners, Tiger Global Management, Ventures India",Series B,15923000.0,2024-06-06,recent_2020_2025,2024,Enterprise
Housejoy,Healthtech,Diagnostics,Bengaluru,Nexus Venture Partners,Series A,3130000.0,2024-06-27,recent_2020_2025,2024,Healthtech
FreshSolutions,Realestate,PropTech,Mumbai,Accel,Series A,7370000.0,2024-10-09,recent_2020_2025,2024,Real Estate
NeoTech,Saas,DevTools,Chennai,Matrix Partners India,Bridge,121000.0,2023-09-09,recent_2020_2025,2023,SaaS
FarmFit,Mobility,EV,Noida,"Falcon Edge, Kedaara Capital",Series A,1349000.0,2023-03-27,recent_2020_2025,2023,Mobility
AgriFit,Mobility,Ride Sharing,Mumbai,Sequoia Capital India,Series B,13365000.0,2020-04-01,recent_2020_2025,2020,Mobility
SmartCare,Enterprise,Analytics,Delhi,"Nexus Venture Partners, Y Combinator",Series A,2177000.0,2021-03-18,recent_2020_2025,2021,Enterprise
Innovaccer,E-Commerce,Grocery,Hyderabad,Kalaari Capital,Seed,149000.0,2023-08-23,recent_2020_2025,2023,Ecommerce
WorkFit,Realestate,Home Services,Delhi,"Kedaara Capital, Tiger Global Management, Ventures India",Series A,1883000.0,2020-05-24,recent_2020_2025,2020,Real Estate
CloudLabs,Agritech,Marketplace,Noida,SoftBank Vision Fund,Series A,1121000.0,2022-05-09,recent_2020_2025,2022,Agritech
DriveEdge,Agritech,Supply Chain,Mumbai,Prosus Ventures,Seed,53000.0,2022-12-24,recent_2020_2025,2022,Agritech
Freshworks,E-Commerce,D2C,Mumbai,Nexus Venture Partners,Pre-Series A,972000.0,2021-11-14,recent_2020_2025,2021,Ecommerce
Zepto,Logistics,Last Mile,Mumbai,Y Combinator,Pre-Series A,268000.0,2025-06-07,recent_2020_2025,2025,Logistics
Zomato,Retail,E-Retail,Delhi,Omidyar Network,Series A,2831000.0,2024-11-28,recent_2020_2025,2024,Retail
NeoLabs,Saas,HRTech,Noida,Blume Ventures,Seed,613000.0,2020-07-21,recent_2020_2025,2020,SaaS
UrbanDrive,Retail,Fashion,Noida,"Mirae Asset, Nexus Venture Partners",Series A,1806000.0,2024-12-11,recent_2020_2025,2024,Retail
MediSpace,Media,Social,Delhi,"LCatterton, Matrix Partners India, Ribbit Capital",Seed,1663000.0,2023-03-08,recent_2020_2025,2023,Media
Nykaa,Media,Social,Ahmedabad,Info Edge,Pre-Series A,611000.0,2022-07-26,recent_2020_2025,2022,Media
AgriFit,Mobility,EV,Hyderabad,"Elevation Capital, IFC, Zodius Capital",Bridge,70000.0,2022-12-02,recent_2020_2025,2022,Mobility
Unacademy,Logistics,Supply Chain,Pune,Tiger Global,Series D,130783000.0,2023-07-23,recent_2020_2025,2023,Logistics
MediWorks,Healthtech,Telemedicine,Mumbai,"Sequoia Capital India, Zodius Capital",Series B,57218000.0,2023-02-08,recent_2020_2025,2023,Healthtech
Innovaccer,Realestate,Rental Tech,Delhi,"Kedaara Capital, LCatterton, Tiger Global Management",Series A,12915000.0,2022-11-20,recent_2020_2025,2022,Real Estate
CoreConnect_1085,Edtech,Test Prep,Chennai,Matrix Partners India,Series B,18272000.0,2024-03-15,recent_2020_2025,2024,Edtech
Razorpay,Agritech,Smart Farming,Delhi,"Blume Ventures, LCatterton",Series B,27390000.0,2024-12-11,recent_2020_2025,2024,Agritech
Mobikwik,Enterprise,Analytics,Noida,"Blume Ventures, Mirae Asset",Pre-Series A,147000.0,2020-04-14,recent_2020_2025,2020,Enterprise
FreshToHome,Saas,DevTools,Noida,Elevation Capital,Series D,489935000.0,2024-10-22,recent_2020_2025,2024,SaaS
AgriHive,Edtech,Test Prep,Ahmedabad,Peak XV,Pre-Series A,170000.0,2025-03-05,recent_2020_2025,2025,Edtech
GrowthConnect,Agritech,Smart Farming,Bengaluru,"SoftBank Vision Fund, Y Combinator",Pre-Series A,876000.0,2023-06-14,recent_2020_2025,2023,Agritech
MediHive,Media,Social,Chennai,"Accel, Mirae Asset",Pre-Series A,446000.0,2020-07-26,recent_2020_2025,2020,Media
HyperLoop,Consumer Electronics,Audio,Delhi,Mirae Asset,Series C,103701000.0,2021-05-27,recent_2020_2025,2021,Consumer Electronics
NimbusWorks,Foodtech,Cloud Kitchen,Noida,"Info Edge, Prosus Ventures",Series C,80168000.0,2020-08-10,recent_2020_2025,2020,Foodtech
FinSense,Foodtech,Cloud Kitchen,Pune,Accel,Private Equity,170086000.0,2023-12-23,recent_2020_2025,2023,Foodtech
HealthAnalytics_1095,Foodtech,Food Delivery,Pune,"Lightspeed India, Mirae Asset, Prosus Ventures",Angel,8000.0,2020-11-24,recent_2020_2025,2020,Foodtech
NextStack,Consumer Electronics,Smart Home,Kolkata,SoftBank Vision Fund,Series C,36336000.0,2024-01-02,recent_2020_2025,2024,Consumer Electronics
FoodFit,Media,Content,Delhi,Nexus Venture Partners,Seed,99000.0,2020-08-08,recent_2020_2025,2020,Media
FoodSolutions,Retail,Fashion,Gurugram,Info Edge,Seed,887000.0,2024-08-26,recent_2020_2025,2024,Retail
MediSpace,Logistics,Supply Chain,Kolkata,Ribbit Capital,Seed,182000.0,2022-05-28,recent_2020_2025,2022,Logistics
BYJU’S,E-Tech,E-learning,Bengaluru,Tiger Global Management,Private Equity Round,200000000.0,2020-01-09,early_2015_2019,2020,Other
Shuttl,Transportation,App based shuttle service,Gurgaon,Susquehanna Growth Equity,Series C,8048394.0,2020-01-13,early_2015_2019,2020,Other
Mamaearth,E-Commerce,Retailer of baby and toddler products,Bengaluru,Sequoia Capital India,Series B,18358860.0,2020-01-09,early_2015_2019,2020,Ecommerce
https://www.wealthbucket.in/,Fintech,Online Investment,New Delhi,Vinod Khatumal,Pre-series A,3000000.0,2020-01-02,early_2015_2019,2020,Fintech
Fashor,Fashion And Apparel,Embroiled Clothes For Women,Mumbai,Sprout Venture Partners,Seed Round,1800000.0,2020-01-02,early_2015_2019,2020,Other
Pando,Logistics,"Open-market, freight management platform",Chennai,Chiratae Ventures,Series A,9000000.0,2020-01-13,early_2015_2019,2020,Logistics
Zomato,Hospitality,Online Food Delivery Platform,Gurgaon,Ant Financial,Private Equity Round,150000000.0,2020-01-10,early_2015_2019,2020,Other
Ecozen,Technology,Agritech,Pune,Sathguru Catalyzer Advisors,Series A,6000000.0,2019-12-12,early_2015_2019,2019,Technology
CarDekho,E-Commerce,Automobile,Gurgaon,Ping An Global Voyager Fund,Series D,70000000.0,2019-12-06,early_2015_2019,2019,Ecommerce
Dhruva Space,Aerospace,Satellite Communication,Bengaluru,"Mumbai Angels, Ravikanth Reddy",Seed,50000000.0,2019-12-03,early_2015_2019,2019,Other
Rivigo,Technology,Logistics Services and Solutions,Gurgaon,"SAIF Partners, Spring Canter Investment Ltd.",Series F,20000000.0,2019-12-13,early_2015_2019,2019,Technology
Healthians,B2B-Focused Foodtech Startup,Food Solutions For Corporate,Bengaluru,"Paytm, NPTK, Sabre Partners and Neoplux",Series C,12000000.0,2019-12-17,early_2015_2019,2019,Other
Licious,E-Commerce,Online Meat And Seafood Ordering Startup,Bengaluru,Vertex Growth Fund,Series E,30000000.0,2019-12-16,early_2015_2019,2019,Ecommerce
InCred,Finance,Non-Banking Financial Company,Mumbai,,Debt Funding,5900000.0,2019-12-16,early_2015_2019,2019,Finance
Trell,Video,Experience Discovery Platform,Bengaluru,Ruizheng Investment,Seed Round,2000000.0,2019-12-14,early_2015_2019,2019,Other
Rein Games,Gaming,Real money based gaming startup,Noida,Manipal Education and Medical Group (MEMG),Seed Round,50000000.0,2019-12-11,early_2015_2019,2019,Other
Lenskart.com,E-Commerce,Online Eyewear Shopping Portal,Faridabad,SoftBank Vision Fund,Series G,231000000.0,2019-12-20,early_2015_2019,2019,Ecommerce
Freshworks,Software,Business and customer engagement tools,San Francisco,"Sequoia, CapitalG, Accel",Series H,150000000.0,2019-11-13,early_2015_2019,2019,Other
Misters,Health And Wellness,Men's Health and Wellness brand,Gurgaon,"Sauce.vc, Rainforest Ventures",Series B,486000.0,2019-11-14,early_2015_2019,2019,Other
Sunstone Eduversity Pvt. Ltd,Education,Elearning,Gurgaon,"Prime Venture Partners, LetsVenture, PS1 Venture and GlobalLogic co-founder Rajul Garg",Seed,1500000.0,2019-11-13,early_2015_2019,2019,Education
Healthians,Health And Wellness,Healthcare services,Gurgaon,"DG Daiwa Ventures, DG Incubation",Series B,12000000.0,2019-11-18,early_2015_2019,2019,Other
Ninjacart,B2B Marketing,Agritech,Bengaluru,Trifecta Capital Advisors,Debt Funding,26000000.0,2019-11-15,early_2015_2019,2019,Other
Aye Finance,Fintech,Financial Services To MSMEs,Gurgaon,FinTech,Debt Funding,17411265.0,2019-11-20,early_2015_2019,2019,Fintech
SuperGaming,Video Games,Social gaming platform,Pune,Dream Incubator,Seed Funding,1300000.0,2019-11-12,early_2015_2019,2019,Other
Clumio,Saas,Recovery software,"San Jose,","Altimeter Capital, Sutter Hill Ventures",Series C,135000000.0,2019-11-20,early_2015_2019,2019,SaaS
eBikeGo,Last Mile Transportation,Electric bike rental,Amritsar,Startup Buddy,Seed,300000.0,2019-11-11,early_2015_2019,2019,Other
Digital Mall Asia,E-Commerce,Virtual e-commerce platform,Delhi,Amour Infrastructure,Seed Funding,220000000.0,2019-11-19,early_2015_2019,2019,Ecommerce
Medikabazaar,Healthcare,B2B platform for medical supplies,Mumbai,"Ackermans & van Haaren, HealthQuad, Rebright Partners, Toppan Printing",Series B,15800000.0,2019-11-18,early_2015_2019,2019,Healthcare
Vogo Automotive,Last Mile Transportation,Scooter sharing app,Kormangala,"Matrix Partners, Stellaris Venture Partners, Kalaari Capital",Series B,283000000.0,2019-11-15,early_2015_2019,2019,Other
Furtados School of Music,Education,Music Education,Tulangan,IAN Fund and DSG Consumer Partners,,200000000.0,2019-11-19,early_2015_2019,2019,Education
Paytm,Fintech,Mobile Wallet,Noida,Vijay Shekhar Sharma,Funding Round,1000000000.0,2019-11-25,early_2015_2019,2019,Fintech
Dunzo,Customer Service,Delivery Service,Bengaluru,Lightbox,Series D,45000000.0,2019-10-04,early_2015_2019,2019,Other
Udaan,B2B,Business development,Bengaluru,"Altimeter Capital, DST Global",Series D,585000000.0,2019-10-02,early_2015_2019,2019,Other
FPL Technologies,Fintech,Financial Services,Pune,"Matrix Partners India, Sequoia India",Maiden Round,4500000.0,2019-09-05,early_2015_2019,2019,Fintech
Cashflo,Fintech,Invoice discounting platform and SME lending marketplace,Mumbai,SAIF Partners,Series A,3300000.0,2019-09-04,early_2015_2019,2019,Fintech
Digital F5,"Advertising, Marketing",Digital marketing firm,Mumbai,TIW Private Equity,Private Equity Round,6000000.0,2019-09-04,early_2015_2019,2019,Other
3rdFlix,Saas,Education Technology,Hyderabad,Exfinity Venture Partners,pre-series A,5000000.0,2019-09-04,early_2015_2019,2019,SaaS
75F,Iot,Building automation system,Burnsville,Breakthrough Energy Ventures,Series A,18000000.0,2019-09-04,early_2015_2019,2019,Other
Myelin Foundry,Information Technology,Deep-technology,Bengaluru,Endiya Partners,Seed,1000000.0,2019-09-04,early_2015_2019,2019,Other
Atomberg Technology,Consumer Technology,"Consumer Electronics, Home Appliances",Mumbai,A91 Partners,Series A,10000000.0,2019-09-04,early_2015_2019,2019,Other
GOQii,Health And Wellness,Wearable Fitness Bands,Menlo Park,Bennett Coleman and Company Ltd (BCCL),Series C,450000000.0,2019-09-04,early_2015_2019,2019,Other
Vyapar App,Accounting,Mobile-based Accounting Software,Bengaluru,"India Quotient, Axilor Ventures",Series A,5000000.0,2019-09-03,early_2015_2019,2019,Other
CarDekho,E-Commerce,Automotive,Gurgaon,SC GG India Mobility Holdings LLC,Series C,20000000.0,2019-08-01,early_2015_2019,2019,Ecommerce
Progcap,Finance,Supply Chain Management,New Delhi,Sequoia India,Series A,5000000.0,2019-08-01,early_2015_2019,2019,Finance
MyPetrolPump,Retail,Fuel Delivery,Bengaluru,,Seed Funding Round,1600000.0,2019-08-01,early_2015_2019,2019,Retail
Alteria Capital,Finance,VC Funds,Mumbai,"Azim Premji, Binny Bansal",Single Venture,140000000.0,2019-08-01,early_2015_2019,2019,Finance
Pine Labs,Information Technology,Last-mile retail transaction technology,Noida,Pine Labs Pte Ltd,Corporate Round,38080000.0,2019-08-01,early_2015_2019,2019,Other
Meesho,E-Commerce,Social Commerce,Bengaluru,Naspers,Series D,125000000.0,2019-08-12,early_2015_2019,2019,Ecommerce
Cars24,E-Commerce,Car Retail,Gurugram,MS Dhoni,Series D,11000000.0,2019-08-13,early_2015_2019,2019,Ecommerce
Uniphore,Customer Service Platform,Conversational AI,Palo Alto,March Capital Partners,Series C,51000000.0,2019-08-13,early_2015_2019,2019,Other
Zendrive,Automotive,Road Safety Analytics,San Francisco,XL Innovate,Series B,37000000.0,2019-08-23,early_2015_2019,2019,Other
Lo! Foods,Consumer Goods,Low carb food for Diabetics,Bengaluru,"Rashmi Daga (founder, FreshMenu), Raveen Sastry (co-founder, Myntra) and Mitesh Shah (finance chief, BookMyShow)",Seed Round,500000.0,2019-08-23,early_2015_2019,2019,Other
Tala,Fintech,Digital Lending Platform,Santa Monica,RPS Ventures,Series D,110000000.0,2019-08-23,early_2015_2019,2019,Fintech
INDwealth,Fintech,Wealth Management,Gurgaon,Tiger Global Management,Venture Round,15000000.0,2019-08-22,early_2015_2019,2019,Fintech
HungerBox,Food And Beverage,B2B Foodtech,Bengaluru,One97 Communications Ltd.,Series C,6590000.0,2019-08-21,early_2015_2019,2019,Other
AdmitKard,Edtech,University Admissions,Noida,Growth DNA,Seed Round,1000000.0,2019-08-23,early_2015_2019,2019,Edtech
Grofers,E-Commerce,Grocery Delivery,Gurgaon,Softbank Vision Fund,Series F,70000000.0,2019-08-19,early_2015_2019,2019,Ecommerce
RenewBuy,Finance,Auto Insurance,Gurgaon,"Lok Capital, IIFL Wealth",Series B,19000000.0,2019-07-02,early_2015_2019,2019,Finance
Atlan,Information Technology,Big Data,Singapore,WaterBridge Ventures,Pre-Series A,2500000.0,2019-07-02,early_2015_2019,2019,Other
WizCounsel,Compliance,Consulting,New Delhi,Kapil Dev,Angel,145000.0,2019-07-01,early_2015_2019,2019,Other
Ola Cabs,Transport,Cabs,Kormangala,"DIG Investment Ab, Deshe Holdings, Samih Toukan and Hussam Khoury",Series J,1000000.0,2019-07-03,early_2015_2019,2019,Other
Uniphore,Artificial Intelligence,Speech Recognition,Taramani,March Capital Partners,Series C,38080000.0,2019-07-01,early_2015_2019,2019,Other
Daalchini Technologies,Food And Beverage,Digital Vending Machine,New Delhi,Artha Venture,Seed Round,500000.0,2019-07-04,early_2015_2019,2019,Other
"""BYJU\\'S""",Edtech,Education,Bengaluru,Qatar Investment Authority,Private Equity Round,150000000.0,2019-07-10,early_2015_2019,2019,Edtech
Moglix,E-Commerce,Industrial Tools and Equipments,Singapore,"Composite Capital Management, Sequoia Capital India, Tiger Global Management",Series D,60000000.0,2019-07-11,early_2015_2019,2019,Ecommerce
Ezyhaul,Tech,Logistics,Singapore,Undisclosed,Series B,16000000.0,2019-07-10,early_2015_2019,2019,Other
Indus OS,Tech,Smartphone Operating System,Andheri,Ventureast,Series B,5750000.0,2019-07-10,early_2015_2019,2019,Other
HealthAssure,Health Care,Primary care medical network,Mumbai,Blume Ventures,Series A,2500000.0,2019-07-10,early_2015_2019,2019,Other
House of Msasaba,Luxury Label,Clothes and Apparel,Mumbai,Binny Bansal,Series A,1000000.0,2019-07-09,early_2015_2019,2019,Other
Board Infinity,Edtech,Full-stack career platform,Chembur,Multiple Angel Investors,Angel Round,319605.0,2019-07-08,early_2015_2019,2019,Edtech
NoBroker,E-Commerce,Real Estate,Bengaluru,General Atlantic,Series C,51000000.0,2019-06-05,early_2015_2019,2019,Ecommerce
Bira91,Food And Beverage,Brewery,New Delhi,Anicut Capital,Debt Funding,10000000.0,2019-06-04,early_2015_2019,2019,Other
FabHotels,E-Commerce,Hospitality,Gurgaon,"Goldman Sachs, Accel Partners and Qualcomm",,4889975.54,2019-06-03,early_2015_2019,2019,Ecommerce
Avail Finance,Finance,FinTech,Bengaluru,Matrix Partners,Series A,9000000.0,2019-06-03,early_2015_2019,2019,Finance
BharatPe,Finance,FinTech,New Delhi,Insight Partners,Series B,75000000.0,2019-06-04,early_2015_2019,2019,Finance
Recykal,Waste Management Service,Optimization,Hyderabad,"Triton Investment Advisors, Pidilite Industries director Ajay Parekh",pre-Series A,26000000.0,2019-06-04,early_2015_2019,2019,Other
Agara Labs,Deep-Tech,Artificial Intelligence,Bengaluru,Blume Ventures and RTP Global,pre-Series A,2500000.0,2019-06-03,early_2015_2019,2019,Other
Sistema.bio,Agriculture,Hybrid Reactor Biodigestor,Nairobi,"Shell Foundation, DILA CAPITAL, Engie RDE Fund, EcoEnterprise Fund, EDFIMC (ElectriFI), Endeavor Catalyst Fund, CoCapital, Triodos, Alpha Mundi, and Lendahand",,2739034.68,2019-06-06,early_2015_2019,2019,Other
Chakr Innovation,Energy,Renewable Energy,New Delhi,IAN Fund,Series A,26000000.0,2019-06-06,early_2015_2019,2019,Other
Pratilipi,Digital Media,E-Books,Bengaluru,Qiming Venture Partners,Series B,15109500.0,2019-06-06,early_2015_2019,2019,Other
Bolo App,Digital Media,Video Platform,Bengaluru,Nexus Venture Partners,Seed Funding,430200.0,2019-06-10,early_2015_2019,2019,Other
OkCredit,Fintech,Financial Services,Haryana,Tiger Global Management,Series A,15500000.0,2019-06-10,early_2015_2019,2019,Fintech
Biz2Credit,Fintech,Online Lending Platform,New York,WestBridge Capital,Series B,52000000.0,2019-06-06,early_2015_2019,2019,Fintech
Vogo Automotive Pvt. Ltd.,Transportation,Dockless Scooter Rental Company,Karnataka,Alteria Capital,Debt Funding,3584000.0,2019-06-08,early_2015_2019,2019,Other
Leegality,Services,Digital Documentation,Mumbai/Bengaluru,Mumbai Angels,Series A,3400000.0,2019-06-04,early_2015_2019,2019,Other
Saahas Zero Waste,Waste Management Service,Optimization,Bengaluru,C4D Partners,Venture - Series Unknown,868600.0,2019-05-06,early_2015_2019,2019,Other
BlackBuck,Transport,Logistics,Bengaluru,"Goldman Sachs Investment Partners and Silicon Valley-based Accel, Wellington, Sequoia Capital, B Capital, LightStreet, Sands Capital and International Finance Corporation,",Series D,150000000.0,2019-05-01,early_2015_2019,2019,Other
Zenoti,Saas,Beauty and Wellness Industry,Hyderabad,Tiger Global Management,Series C,50000000.0,2019-05-02,early_2015_2019,2019,SaaS
Ather Energy,Automobile,Electric Vehicle,Bengaluru,Sachin Bansal,Series C,51000000.0,2019-05-28,early_2015_2019,2019,Other
FreshVnF,Agtech,Fresh Agriculture Produces,Mumbai,Equanimity Ventures,Seed Round,140000000.0,2019-05-28,early_2015_2019,2019,Other
GlowRoad,E-Commerce,Retail,Bengaluru,"Korea Investment Partners, Vertex Ventures",Series B,11500000.0,2019-05-30,early_2015_2019,2019,Ecommerce
Bira91,Food And Beverage,Brewery,New Delhi,Sixth Sense Ventures,Series B,5600000.0,2019-05-31,early_2015_2019,2019,Other
Kuvera,Finance,Wealth Management,Bengaluru,Eight Roads,Series A,45000000.0,2019-04-16,early_2015_2019,2019,Finance
Medlife,E-Commerce,Online Medicine,Bengaluru,Prasid Uno Family Trust,Private Equity,17000000.0,2019-04-12,early_2015_2019,2019,Ecommerce
Kabadiwala,E-Commerce,Waste Management,Bhopal,"Unilever, Beehive Capital Advisor, ABCOM Investments, Parekh Marine Transport,",Private Equity,430665.0,2019-04-10,early_2015_2019,2019,Ecommerce
Tripoto,Social Media,Travel,New Delhi,"Orchid India, Hornbill Orchid India Fund, Chiratae Ventures (formerly IDG Ventures), 3one4 Capital, Lasmer NV",Series B,3591375.0,2019-04-13,early_2015_2019,2019,Other
Azah,Health And Wellness,Organic wellness,Gurugram,Unnamed angel investors,Seed Funding,200000.0,2019-04-12,early_2015_2019,2019,Other
Setu,Fintech,Banking,Bengaluru,Lightspeed India Partners,Seed Funding,3500000.0,2019-04-11,early_2015_2019,2019,Fintech
Toppr,Edtech,E-learning,Mumbai,Milestone,Debt and Preference capital,6320820.0,2019-04-10,early_2015_2019,2019,Edtech
Craftsvilla,E-Commerce,Fashion and Apparel,Mumbai,Supera Pte Ltd,Inhouse Funding,2443495.0,2019-04-10,early_2015_2019,2019,Ecommerce
Unacademy,Edtech,E-learning,Bengaluru,Kalyan Krishnamurthy,Seed/ Angel Funding,307000.0,2019-04-10,early_2015_2019,2019,Edtech
CleverTap,Saas,Mobile analytics and marketing,Mumbai,"Sequoia India, Tiger Global Management, Accel Partners",Series B,26000000.0,2019-04-11,early_2015_2019,2019,SaaS
My Healthcare,E-Commerce,Software Solutions,Bengaluru And Gurugram,Sixth Sense Ventures,Series A,3000000.0,2019-04-19,early_2015_2019,2019,Ecommerce
Shuttl,Transportation,Bus Aggregation,Gurugram,New Atlantic Ventures,Venture Round,5000000.0,2019-04-17,early_2015_2019,2019,Other
Increff,Technology,Supply-chain technology solutions,Bengaluru,"021 Capita, Binny Bansal",Series A,3000000.0,2019-04-17,early_2015_2019,2019,Technology
Zilingo,Ecommerce,Fashion & Apparel,India/Singapore,"Sequoia Capital and Temasek Holdings, EDBI, Burda Principal Investments, and Sofina",Series D,226000000.0,2019-02-08,early_2015_2019,2019,Ecommerce
NanoClean Global,Nanotechnology,Anti-Pollution,New Delhi,"LetsVenture, PitchRight Venture, 91SpringBoard, AL Nour International Holdings and Mark V Investments",Series A,600000.0,2019-02-13,early_2015_2019,2019,Other
OyoRooms,Hospitality,Budget Rooms,Gurgaon,DiDi Chuxing,Equity,100000000.0,2018-02-14,early_2015_2019,2018,Other
CarDekho,Automobile,Online Marketplace,Jaipur,"Sequoia India, Hillhouse Capital, Alphabet\\xe2\\x80\\x99s growth investment arm Capital G and Axis Bank",Series C,110000000.0,2019-01-03,early_2015_2019,2019,Other
Vyome Therapeutics Inc.,Health And Wellness,Specialty pharmaceutical,India/Us,"Iron Pillar, Perceptive Advisors, Romulus Capital and Kalaari Capital",Series D,22000000.0,2019-01-04,early_2015_2019,2019,Other
Samunnati Financial Intermediation & Services Pvt. Ltd,Finance,Non-banking financial company,Chennai,"MASSIF, a Dutch government fund",Debt-Funding,5000000.0,2019-01-04,early_2015_2019,2019,Finance
Manch,Social Media,Hyperlocal Content,Delhi,Stellaris Venture Partners,Seed Funding,700000.0,2018-12-04,early_2015_2019,2018,Other
UrbanClap Technologies Pvt. Ltd,Services Platform,Home services marketplace,New Delhi,Steadview Capital and Vy Capital.,Series D,50000000.0,2018-12-01,early_2015_2019,2018,Other
Guiddoo,Travel Tech,Platform for travel agents,Mumbai,Individual Investors,Pre-Series A,800000.0,2018-12-02,early_2015_2019,2018,Other
Career Anna,Online Education,"Video-based certification, trainings",Gurugram,Individual Investors,Pre-Series A,572000.0,2018-12-02,early_2015_2019,2018,Other
Nagpur Wholesale,Online Marketplace,eCommerce,Nagpur,Omphalos Ventures India LLP,Seed Funding,143000.0,2018-12-04,early_2015_2019,2018,Other
ShopKirana,B2B,eCommerce,Indore,"Info Edge, AET Fund, Akatsuki and Incubate Fund from Japan and Better Capital AngelList syndicate.",Seed Funding,2000000.0,2018-12-06,early_2015_2019,2018,Other
BuildSupply,"Saas, Ecommerce","Real Estate, ERP",Gurugram,"Venture Highway, GREE Ventures, Space Matrix, Individual Investors",Series A,3500000.0,2018-12-06,early_2015_2019,2018,Other
GoDesi,Food And Beverage,Regional Flavours,Bengaluru,Lead Angels Network,Seed/ Angel Funding,138995.0,2018-11-01,early_2015_2019,2018,Other
Veritas Finance Ltd.,Nbfc,MSME Finance,Chennai,"Norwest Venture Partners, CDC Group, the UK\\xe2\\x80\\x99s Development Finance Institution and P Surendra Pai",Series D,27799000.0,2018-11-03,early_2015_2019,2018,Other
Meesho,Ecommerce,Social Commerce,Bengaluru,"Shunwei Capital, DST Partners and RPS Ventures",Series C,50000000.0,2018-11-06,early_2015_2019,2018,Ecommerce
Mobile Premier League,Gaming,Mobile e-Sports,Bengaluru,Undisclosed,Series A,500000.0,2018-11-08,early_2015_2019,2018,Other
A&R Bon Vivants,Food,Meat Retail Chain,Jaipur,"RB Investments, Singapore",Equity,1000000.0,2018-11-08,early_2015_2019,2018,Other
Blackbuck,Food Tech,POS For Online Ordering,"New York, Bengaluru",Tiger Global,Series A,1000000.0,2018-11-12,early_2015_2019,2018,Other
MilkBAsket,Food,Micro-delivery grocery service,New Delhi,Mayfield Fund,Series B,1300000.0,2018-11-12,early_2015_2019,2018,Other
DriveU,Transport,On-Demand Drivers,Bengaluru,Stevens Creek Ventures,Mezzanine,1000000.0,2018-11-13,early_2015_2019,2018,Other
CleanseCar,Services,Car Wash,Bengaluru,Venture Catalysts,Seed/ Angel Funding,500000.0,2018-11-14,early_2015_2019,2018,Other
Automation Anywhere,Automation,Robotics,California,SoftBank Vision Fund,Series B,300000000.0,2018-11-19,early_2015_2019,2018,Other
HealthifyMe,Health And Wellness,Wellness Coach,Bengaluru,"Sistema Asia Fund, VC Samsung NEXT, Chiratae Ventures, Inventus Capital, Blume Ventures and Innoven Capital.",Series B (Extension),6000000.0,2018-11-20,early_2015_2019,2018,Other
Genius Corner,Education,Personalized Learning,Noida,Individual investors,Seed Funding,278000.0,2018-11-21,early_2015_2019,2018,Education
Aavishkaar-Intellecap Group,Investment,SME Funding,Mumbai,Teachers Insurance and Annuity Association (TIAA),Equity Based Funding,31000000.0,2018-11-22,early_2015_2019,2018,Other
Signzy,Financial Tech,Digital Onboarding Solution,Mumbai/Bengaluru,"Stellaris Venture Partners and Kalaari Capital, Rajan Anandan from Google, Dilip Khandwelwal from SAP Labs India, and Amrish Rau from PayU India",Series A,3400000.0,2018-11-23,early_2015_2019,2018,Other
Engineer.ai,Software,AI Platform,India/Us,"Lakestar and Jungle Ventures, Softbank\\xe2\\x80\\x99s DeepCore.",Series A,29500000.0,2018-11-24,early_2015_2019,2018,Other
InCred Finance,Finance,SME Lending,India,"Paragon Partners, Individual Investors",Private Equity,42000000.0,2018-11-25,early_2015_2019,2018,Finance
Roposo,Social Media,Video Sharing,Delhi,Bertelsmann India Investments,Series B,1700000.0,2018-11-25,early_2015_2019,2018,Other
Origo Commodities India Pvt. Ltd,Logistics,Supply Chain,Hyderabad,"Cooperative Oikocredit, Caspian and Hivos-Triodos Fund",Seed/ Angel Funding,11000000.0,2018-10-02,early_2015_2019,2018,Logistics
Grover Zampa,Food,Wine,Mumbai,Ravi Viswanathan,Private Equity,8200000.0,2018-10-04,early_2015_2019,2018,Other
Droom,Automobile,New and Used Cars Platform,Gurgaon,ZigExN,Series E,3000000.0,2018-10-05,early_2015_2019,2018,Other
Innov8,Real Estate,Co-Working,New Delhi,Credence Family Office,Pre-Series A,4000000.0,2018-10-11,early_2015_2019,2018,Real Estate
Blackbuck,Logistics Tech,Largest Trucking Platform,Bengaluru,Sequoia Capital India,Private Funding,14680000.0,2018-10-12,early_2015_2019,2018,Other
LetsTransport,Logistics Tech,Book Trucks Online,Bengaluru,Fosun International,Series C,12000000.0,2018-10-12,early_2015_2019,2018,Other
Netmeds,Consumer Internet,Online Pharmacy Chain,Chennai,"Sistema Asia Fund, Sistema JSFC and Tanncam Investment",Private Equity,35000000.0,2018-09-01,early_2015_2019,2018,Consumer Internet
Udaan,B2B Platform,Logistics and Shipping,Bengaluru,DST Global and Lightspeed Venture Partners\\xe2\\x80\\x99 global fund.,Private Equity,225000000.0,2018-09-03,early_2015_2019,2018,Other
Daily hunt,Consumer Internet,News and ebooks Mobile App\\xc2\\xa0,Bengaluru,Falcon Edge,Private Equity,6390000.0,2018-09-03,early_2015_2019,2018,Consumer Internet
3HCare,Healthcare,Healthcare Service Provider,Delhi,,Seed / Angel Funding,1000000.0,2018-09-04,early_2015_2019,2018,Healthcare
Nykaa,Consumer Internet,Online Marketplace For Multi-brand Beauty Cosmetic and Wellness Products,Mumbai,Lighthouse,Private Equity,157200000.0,2018-09-05,early_2015_2019,2018,Consumer Internet
Dream11,Consumer Internet,Online Gaming Platform,Mumbai,"Tencent, Kalaari Capital and Private equity firm Multiples Alternate Asset Management",Private Equity,100000000.0,2018-09-06,early_2015_2019,2018,Consumer Internet
MamaEarth,Healthcare,Online Marketplace For Mother and Babycare Products,Gurugram,Stellaris Ventures & Others,Private Equity,4000000.0,2018-09-10,early_2015_2019,2018,Healthcare
AutoGrid,Technology,AI-Based Energy Optimisation and Control Provider,Bengaluru,"CLP Holdings Group, Innogy, \\xc3\\x98rstead, and Tenaska",Private Equity,32000000.0,2018-09-11,early_2015_2019,2018,Technology
Pharmeasy,Consumer Internet,Online Marketplace For Pharmaceutical Products,Mumbai,InnoVen Capital,Debt Funding,5500000.0,2018-09-11,early_2015_2019,2018,Consumer Internet
Upwards,Fin-Tech,Online Micro Lending Marketplace,Mumbai,"Shunwei Capital,Quotient, Mayfield & Others",Private Equity,5000000.0,2018-09-11,early_2015_2019,2018,Other
Kissht,Fin-Tech,Online lending Platform,Mumbai,"Vertex Ventures Southeast Asia (SEA) and India and Sistema Asia Fund, Fosun RZ Capital, Ventureast, and Endiya Partners.\\n\\n",Private Equity,30000000.0,2018-09-12,early_2015_2019,2018,Other
dishq,Food-Tech,Personalisation Technology Firm Focusing On The Food And Beverage Industry,Bengaluru,"Farm To Fork, Arts Alliance, The Syndicate Fund, Sven Hensen, Zeroth and Artesian Venture Partners",Seed/ Angel Funding,400000.0,2018-08-01,early_2015_2019,2018,Foodtech
Samosa Labs,Consumer Internet,Social Media and Chat Entertainment Platform,Hyderabad,Xiaomi and Sequoia Capital India,Private Equity,7000000.0,2018-08-02,early_2015_2019,2018,Consumer Internet
ZiffyHomes,Consumer Internet,Online Home Rental Marketplace,Gurugram,Y Combinator,Private Equity,120000.0,2018-08-03,early_2015_2019,2018,Consumer Internet
My OmNamo,Consumer Internet,Holy Platform Offering Customised Puja Packages To Individuals and Corporates,Mumbai,,Seed/ Angel Funding,1000000.0,2018-08-07,early_2015_2019,2018,Consumer Internet
ShopX,Consumer Internet,Assisted E-commerce Platform,Bengaluru,Fung Strategic Holdings,Private Equity,35000000.0,2018-08-07,early_2015_2019,2018,Consumer Internet
MakeMyTrip,Consumer Internet,Online Travel Aggregator,Gurugram,MakeMyTrip Limited,Private Equity,10000000.0,2018-08-07,early_2015_2019,2018,Consumer Internet
Hansel io,Consumer Internet,Real-time Mobile App Management,Bengaluru,Vertex Ventures,Seed/ Angel Funding,4000000.0,2018-08-08,early_2015_2019,2018,Consumer Internet
Metro Bikes,Consumer Internet,Online Bike Rental Marketplace,Bengaluru,"Sequoia Capital India Advisors, Accel Partners and G Raghunandan",Private Equity,12200000.0,2018-08-08,early_2015_2019,2018,Consumer Internet
Phone Pe,Consumer Internet,UPI Payments App,Bengaluru,Flipkart,Private Equity,66000000.0,2018-08-08,early_2015_2019,2018,Consumer Internet
quizizz,Ed-Tech,e-learning Platform,Bengaluru,"Nexus Venture Partners, Prime Venture Partners and Others",Seed/ Angel Funding,3000000.0,2018-08-09,early_2015_2019,2018,Edtech
Happy EMI,Fin-Tech,Consumer Financing Platform,Bengaluru,AJ Ventures and Jain International Trade Organisation (JITO),Seed/ Angel Funding,1000000.0,2018-08-09,early_2015_2019,2018,Other
Inthree,Consumer Internet,Rural E-commerce Platform,Chennai,"Ventureast, Orios Venture Partners and the IAN Fund",Seed/ Angel Funding,4000000.0,2018-08-13,early_2015_2019,2018,Consumer Internet
Observe AI,Technology,AI Based Solutions Platform,Bengaluru,"Nexus Venture Partners, MGV, Liquid 2 Ventures, Hack VC, Emergent Ventures and Y Combinator",Private Equity,8000000.0,2018-08-13,early_2015_2019,2018,Technology
Enakshi,Consumer Internet,AI Based Solutions Platform,Ahemadabad,,Seed/ Angel Funding,114811.0,2018-08-16,early_2015_2019,2018,Consumer Internet
EazyDiner,Consumer Internet,Online Restaurant Table Reservation Platform,Gurugram,Denlow Investment Trust and Beenext,Private Equity,5850000.0,2018-08-17,early_2015_2019,2018,Consumer Internet
Finzy,Finance,Online Loan Matchmaking Platform,Bengaluru,,Seed / Angel Funding,1000000.0,2018-08-20,early_2015_2019,2018,Finance
RawPressery,Consumer Internet,Online Organic Juice Delivery Service,Mumbai,Alteria Capital,Debt Funding,4800000.0,2018-08-20,early_2015_2019,2018,Consumer Internet
Pi Ventures,Technology,Applied Artificial Intelligence and IoT focused\\xc2\\xa0Platform,Bengaluru,CDC Group plc\\xc2\\xa0,Private Equity,6000000.0,2018-08-22,early_2015_2019,2018,Technology
Revv,Consumer Internet,Online Indian Car Rental Platform,Gurugram,"Hyundai, Edelweiss and Beenext, Dream Incubator, Sunjay Kapoor and Telama Investment",Private Equity,14270000.0,2018-08-22,early_2015_2019,2018,Consumer Internet
ZestMoney,Consumer Internet,Online Lending Platform,Bengaluru,"Xiaomi,PayU, Ribbit Capital and Omidyar Network",Private Equity,13400000.0,2018-08-26,early_2015_2019,2018,Consumer Internet
Shubh Loans,Fin-Tech,\\xc2\\xa0Customer Sourcing Platform\\xc2\\xa0,Bengaluru,"Saama Capital, SRI Capital, Beenext, and Pravega Ventures",Private Equity,4200000.0,2018-08-26,early_2015_2019,2018,Other
MyUpchar,Healthcare,Local Language Health Content App,Delhi,"Nexus Venture Partners, Omidyar Network and Shunwei Capital",Private Equity,5000000.0,2018-08-27,early_2015_2019,2018,Healthcare
Narvar,It,Post-Purchase Customer Engagement Platform\\xc2\\xa0,Bengaluru,Accel (formerly known as Accel Partners),Private Equity,3000000.0,2018-08-28,early_2015_2019,2018,Other
True North,Finance,Private Equity Firm,Mumbai,,Private Equity,600000000.0,2018-08-30,early_2015_2019,2018,Finance
Biryani By Kilo,Consumer Internet,Online Food Delivery,Gurugram,Ajay Relan and Vinay Mittal,Seed/ Angel Funding,1000000.0,2018-07-02,early_2015_2019,2018,Consumer Internet
Anchanto,It,E-commerce Fulfilment Platform,Pune,MDI Ventures & Telkom Indonesia,Private Equity,4000000.0,2018-07-04,early_2015_2019,2018,Other
PolicyBazaar,Consumer Internet,Online Insurance Selling Platform,Gurugram,Info Edge (India) Ltd and Temasek,Private Equity,27700000.0,2018-07-06,early_2015_2019,2018,Consumer Internet
zippserv,Consumer Internet,Online Platform For Risk-Assessment Services For Real Estate Investments,Bengaluru,Info Edge (India) Ltd,Seed/ Angel Funding,440000.0,2018-07-09,early_2015_2019,2018,Consumer Internet
Groww,Consumer Internet,Online Platform That Sells Direct Plans Of Mutual Funds,Bengaluru,"Insignia Ventures Partners, Lightbridge Partners & Kairos",Seed/ Angel Funding,1100000.0,2018-07-09,early_2015_2019,2018,Consumer Internet
Avenue Growth,Consumer Internet,Online Platform That Connects Brands With Freelance Sales Professionals,Gurugram,"Avtar Monga, chief operating office at IDFC Bank, Aditya Malik & Others",Seed/ Angel Funding,437000.0,2018-07-10,early_2015_2019,2018,Consumer Internet
Kinara Capital,Finance,Lending Platform For Micro and Small Enterprises,Bengaluru,ResponsAbility,Private Equity,5000000.0,2018-07-10,early_2015_2019,2018,Finance
Shop 101,Consumer Internet,Mobile Storefront And Commerce Platform For Sellers,Mumbai,"Stellaris Venture Partners, Vy Capital, Raghunandan G, and Ramakant Sharma",Private Equity,5000000.0,2018-07-10,early_2015_2019,2018,Consumer Internet
Sambandh,Consumer Internet,Online Micro Lending Platform,Rourkela,Base of Pyramid Asia (BOPA) Pte Ltd,Private Equity,2500000.0,2018-07-11,early_2015_2019,2018,Consumer Internet
19th mile,It,Artificial intelligence-based sales acceleration software platform,Gurugram,"Rishi Vasudev, Excelsior Investments, Ritesh Vohra, Praveer Kumar, Prashant Gupta and Others",Seed/ Angel Funding,180000.0,2018-07-12,early_2015_2019,2018,Other
5th Vital,Healthcare,Home diagnostics services provider,Bengaluru,Brand Capital and Others,Seed/ Angel Funding,500000.0,2018-07-12,early_2015_2019,2018,Healthcare
MEngage,Healthcare,A Doctor-Patient Engagement Platform,Jaipur,"Siddharth Agarwal, Mahavir Sharma, Amit Singal, 100 Co-founders Lab and others.",Seed/ Angel Funding,175000.0,2018-07-13,early_2015_2019,2018,Healthcare
Ofbusiness,Finance,Online Lending Platform For SME,Gurugram,"Creation Investments, Falcon Edge, Matrix Partners India and Zodius Capital",Private Equity,29000000.0,2018-07-17,early_2015_2019,2018,Finance
Cars24,Consumer Internet,Online Used Car Marketplace,Gurugram,"Kingsway FCI Fund, KCK Global & Others",Private Equity,49700000.0,2018-07-17,early_2015_2019,2018,Consumer Internet
The Ken,Consumer Internet,Subscription-Only News Website,Bengaluru,Omidyar Network & Others,Seed/ Angel Funding,1500000.0,2018-07-18,early_2015_2019,2018,Consumer Internet
Book My Show,Consumer Internet,Online Ticketing Platform,Mumbai,"TPG Growth, The Rise Fund & Others",Private Equity,100000000.0,2018-07-19,early_2015_2019,2018,Consumer Internet
HousingMan,Consumer Internet,Property Discovery Platform,Bengaluru,,Seed/ Angel Funding,1500000.0,2018-07-20,early_2015_2019,2018,Consumer Internet
PaySense,Consumer Internet,Online Consumer Lending Platform,Mumbai,PayU & Others,Private Equity,18000000.0,2018-07-21,early_2015_2019,2018,Consumer Internet
VTION,Technology,Media Analytics,Gurugram,"AngelList, Rahul Khanna, Rajeev Arora and Ram Ramsundar.",Seed/ Angel Funding,280000.0,2018-07-23,early_2015_2019,2018,Technology
Log9 Materials,Technology,Nanotechnology Company Specializing In Graphene,Bengaluru,"Metaform Ventures, Hemant Luthra, Micro venture capital firm GEMS Partners and Others",Seed/ Angel Funding,436000.0,2018-07-23,early_2015_2019,2018,Technology
kidovators,Ed-Tech,Skill Learning Platform,Bengaluru,Gray Matters,Seed/ Angel Funding,180000.0,2018-07-24,early_2015_2019,2018,Edtech
Digit,Consumer Internet,Online Insurance Startup,Pune,Fairfax,Private Equity,45000000.0,2018-07-24,early_2015_2019,2018,Consumer Internet
Black Soil,Finance,Non-Banking Financial Company,Mumbai,"Allcargo Logistics, Navneet Education and Mahavir Agency",Private Equity,17000000.0,2018-07-25,early_2015_2019,2018,Finance
Trell,Consumer Internet,Mobile-First Video Blogging App,Bengaluru,"BeeNext , WEH Ventures and Sprout Ventures",Seed/ Angel Funding,1250000.0,2018-07-25,early_2015_2019,2018,Consumer Internet
iqlect,Technology,Data Analytics Firm,Bengaluru,Ventureast and Exfinity,Seed/ Angel Funding,2500000.0,2018-07-25,early_2015_2019,2018,Technology
Entropik,It,Software-As-A-Service Platform,Bengaluru,"Bharat Innovation, IDFC-Parampara Capital, Arthavida Ventures, Jitendra Gupta & Others",Seed/ Angel Funding,1100000.0,2018-07-26,early_2015_2019,2018,Other
TheCapitalNet,Fin-Tech,Unified Global Investments Ecosystem,Hyderabad,Lindwall Family Investments LLC (LFI),Private Equity,500000.0,2018-07-26,early_2015_2019,2018,Other
Shuttl,Consumer Internet,Bus Aggregation Platform,Gurugram,Amazon Alexa Fund & Dentsu Ventures,Private Equity,11000000.0,2018-07-30,early_2015_2019,2018,Consumer Internet
Cure Fit,Consumer Internet,Health and fitness Platform,Bengaluru,"IDG Ventures, Accel Partners, Kalaari Capital and Others",Private Equity,120000000.0,2018-07-30,early_2015_2019,2018,Consumer Internet
Five Star Group,Fin-Tech,Non-Bank Lending Platform For SME,Chennai,"TPG, Norwest Venture Partners, Sequoia Capital & Matrix Partners",Private Equity,100000000.0,2018-07-31,early_2015_2019,2018,Other
Healthsignz,Healthcare,Health and Well being Platform,Hyderabad,Kantilal Patel,Seed/ Angel Funding,5000000.0,2018-07-31,early_2015_2019,2018,Healthcare
CoinTribe,Finance,Credit-Based Lending Marketplace For Small And Medium Enterprises,Gurugram,"Sabre Partners, Puneet Dalmia & Others",Private Equity,10000000.0,2018-06-01,early_2015_2019,2018,Finance
Digiconectt,Technology,Sales Analytics and Enablement Platform,Bengaluru,Aspire Logistics LLC,Seed/ Angel Funding,125000.0,2018-06-04,early_2015_2019,2018,Technology
Annapurna Finance,Finance,Non-Banking Financial Company,Bhubneswar,Oman India Joint Investment Fund (OIJIF),Private Equity,23000000.0,2018-06-07,early_2015_2019,2018,Finance
Meesho,Consumer Internet,Online Marketplace For Resellers,Bengaluru,"Sequoia Capital India, SAIF Partners, Y Combinator and Venture Highway",Private Equity,11500000.0,2018-06-07,early_2015_2019,2018,Consumer Internet
AyeFinance,Finance,Online Lending Platform,Gurugram,"CapitalG, SAIF Partners and LGT Impact Ventures",Private Equity,21500000.0,2018-06-10,early_2015_2019,2018,Finance
Alpha Capital,Finance,Supplychain Finance,Mumbai,Alpha Capital,Private Equity,14800000.0,2018-06-12,early_2015_2019,2018,Finance
eshakti,E-Commerce,Fashion e-tailer,Chennai,Paragon Partners,Private Equity,10100000.0,2018-06-12,early_2015_2019,2018,Ecommerce
Daily Ninja,Consumer Internet,Hyperlocal Delivery Platform,Bengaluru,Saama Capital and Sequoia Capital,Seed/ Angel Funding,3000000.0,2018-06-12,early_2015_2019,2018,Consumer Internet
NirogStreet,Healthcare,An Online Platform That Connects Ayurveda Doctors With Patients,Gurugram,"Spiral Ventures, Subho Ray and Samir Kumar",Seed/ Angel Funding,300000.0,2018-06-13,early_2015_2019,2018,Healthcare
Nivesh,Finance,Mass Market Mutual Fund Investment Platform,Noida,"LetsVenture, Rajan Anandan, Basab Pradhan, Vivek Khare and Bijoy George",Seed/ Angel Funding,450000.0,2018-06-13,early_2015_2019,2018,Finance
HomeLane,Consumer Internet,Online Home Furnishing Solutions,Bengaluru,Brand Capital,Seed/ Angel Funding,3450000.0,2018-06-14,early_2015_2019,2018,Consumer Internet
Network Intelligence,Technology,Cybersecurity Specialist,Mumbai,Helix Investments,Private Equity,4800000.0,2018-06-14,early_2015_2019,2018,Technology
Tynor Othontics,Healthcare,Prosthetics Manufacturers,Chandigarh,Lighthouse Funds & Thuasne Participations,Private Equity,21000000.0,2018-06-18,early_2015_2019,2018,Healthcare
Elucidata,It,Data Analytics (SaaS),Delhi & Cambridge,Hyperplane Venture Capital and several angel investors,Seed/ Angel Funding,1700000.0,2018-06-18,early_2015_2019,2018,Other
RentSher,Consumer Internet,Online Rental Marketplace,Bengaluru,"Shorooq Investments, LetsVenture & Others",Seed/ Angel Funding,1100000.0,2018-06-19,early_2015_2019,2018,Consumer Internet
Drip capital,Finance,Trade Finance Firm,Mumbai,"Accel Partners, Sequoia India, Y Combinator and others.",Private Equity,15000000.0,2018-06-20,early_2015_2019,2018,Finance
WickedRide,Consumer Internet,Online Motorbike And Scooter Rental Platforms,Bengaluru,"Sequoia Capital, Accel Partners & Raghunandan Gangappa",Private Equity,9100000.0,2018-06-22,early_2015_2019,2018,Consumer Internet
PolicyBazaar,Consumer Internet,Online Insurance Selling Platform,Gurugram,SoftBank Vision Fund & Info Edge (India) Ltd,Private Equity,200000000.0,2018-06-25,early_2015_2019,2018,Consumer Internet
HipBar,Consumer Internet,Digital Payment Platform For Beverage Delivery,Bengaluru,Diageo India,Private Equity,4000000.0,2018-06-25,early_2015_2019,2018,Consumer Internet
Sqqrl,Finance,App-based investment platform,Gurugram,Equanimity Venture Fund,Seed/ Angel Funding,1000000.0,2018-06-25,early_2015_2019,2018,Finance
Paytm,Technology,Digital Payment Platform,Noida,One 97 Communications,Private Equity,8950000.0,2018-06-26,early_2015_2019,2018,Technology
Sigtuple,Healthcare,Data Driven Intelligence Solutions Platform,Bengaluru,"Accel Partners, IDG Venture, Endiya Partners, pi Ventures, VH Capital, Axilor Ventures and Binny Bansal",Private Equity,19000000.0,2018-06-26,early_2015_2019,2018,Healthcare
Wow Express,Technology,E-commerce Logistics Platform,Mumbai,Undisclosed Existing Investors As Well As The Tamarind Family Trust,Private Equity,4500000.0,2018-06-27,early_2015_2019,2018,Technology
Front Desk AI,Technology,An AI Platform Offering Automated Customer Service Software,Bengaluru,Speciale Invest & Others,Seed/ Angel Funding,1100000.0,2018-06-28,early_2015_2019,2018,Technology
Edureka,Ed-Tech,Online Education Platform,Bengaluru,Leo Capital,Seed/ Angel Funding,2000000.0,2018-06-28,early_2015_2019,2018,Edtech
OpenTap,Finance,Online Lending Platform,Chennai,Unknown High Net-Worth Individuals,Seed / Angel Funding,450000.0,2018-05-02,early_2015_2019,2018,Finance
Bizongo,Consumer Internet,Aggregator For Packaging Material,Mumbai,"B Capital, International Finance Corporation (IFC), Accel Partners and IDG Ventures",Private Equity,22000000.0,2018-05-02,early_2015_2019,2018,Consumer Internet
Disprz,It,SaaS,Chennai,"IL&FS Private Equity, Kae Capital & Others",Seed / Angel Funding,2500000.0,2018-05-03,early_2015_2019,2018,Other
PaisaDukan,Consumer Internet,P2P Lending Platform,Mumbai,,Seed / Angel Funding,225000.0,2018-05-07,early_2015_2019,2018,Consumer Internet
i3sysytems,Technology,AI product company For Health and Life Insurane Companies,Mumbai,"Unitus Ventures, Behram Vakil and Jerxis Vandrevala",Seed / Angel Funding,1000000.0,2018-05-09,early_2015_2019,2018,Technology
Earth Food,Consumer Internet,Agri-tech,Pune,Rairah Corporation,Seed / Angel Funding,949000.0,2018-05-11,early_2015_2019,2018,Consumer Internet
Nykaa,Consumer Internet,Beauty e-tailer,Mumbai,"Sunil Munjal, Harsh Mariwala, Dalip Pathak and Others",Private Equity,24000000.0,2018-05-14,early_2015_2019,2018,Consumer Internet
mfine,Healthcare,Doctor-Consultation App,Bengaluru,"Prime Venture Partners, Stellaris Venture Partners and Mayur Abhaya Srisrimal",Private Equity,4200000.0,2018-05-16,early_2015_2019,2018,Healthcare
Rocketium,Technology,Online Video Creation Platform,Bengaluru,Blume ventures,Seed/ Angel Funding,300000.0,2018-05-21,early_2015_2019,2018,Technology
MilkBasket,Technology,Micro-Delivery Grocery Startup,Gurugram,"Kalaari Capital, Unilever Ventures and Blume Ventures",Private Equity,7000000.0,2018-05-21,early_2015_2019,2018,Technology
Vola,Finance,Micro Lending Platform,Bengaluru,Credika and unnamed angel investors,Seed/ Angel Funding,500000.0,2018-05-22,early_2015_2019,2018,Finance
Cashkumar,Consumer Internet,P2P Lending Platform,Bengaluru,LetsVenture,Seed/ Angel Funding,735000.0,2018-05-22,early_2015_2019,2018,Consumer Internet
Edyoo,E-Commerce,Products For Shoolgoing Children,Bengaluru,RS Shanbag,Seed/ Angel Funding,735000.0,2018-05-23,early_2015_2019,2018,Ecommerce
Aashiyaan,Finance,Housing Finance For Low-Income Families,Kolkata,"Insistor, Oikocredit",Seed/ Angel Funding,2000000.0,2018-05-23,early_2015_2019,2018,Finance
Smartivity,Ed-Tech,Designer Of Toys and Learning Projects For Kids,Delhi,"Ashish Kacholi, S Chand Group",Seed/ Angel Funding,2000000.0,2018-05-24,early_2015_2019,2018,Edtech
Bonphulapl,Clean-Tech,Oxygen Optimiser Manufacturer,Delhi,Atul Gupta and Saurabh Rastogi,Seed/ Angel Funding,293000.0,2018-05-24,early_2015_2019,2018,Other
Acko,Consumer Internet,Online Insurance Platform,Mumbai,"Amazon, Ashish Dhawan, Catamaran Ventures, NR Narayana Murthy.",Seed/ Angel Funding,12000000.0,2018-05-27,early_2015_2019,2018,Consumer Internet
HWell24,Healthcare,Home Healthcare Aggregator,Mumbai,"Prashant Mehta, Mitali Pawar, Nikhil G and Bhavesh P, R Ranganathan, ONCOTRUST and Medintel Services Pvt. Ltd",Seed/ Angel Funding,200000.0,2018-05-28,early_2015_2019,2018,Healthcare
Toffee,Consumer Internet,Online Insurance Platform,Gurugram,"Kalaari Capital, Omidyar Network and Accion Venture Labs",Seed/ Angel Funding,1500000.0,2018-05-29,early_2015_2019,2018,Consumer Internet
Tonetag,Technology,Mobile Payments Technology Platform,Bengaluru,Amazon Inc. and Mastercard,Private Equity,8000000.0,2018-05-29,early_2015_2019,2018,Technology
Stellaps,Technology,Iot Application Platform In Agriculture,Bengaluru,"IndusAge Partners, Bill & Melinda Gates Foundation, Qualcomm Venture, ABB Technology Ventures, Omnivore, Blume Ventures, Venture Highway and BEENEXT",Private Equity,14000000.0,2018-05-30,early_2015_2019,2018,Technology
Credright,Consumer Internet,Lending Platform For SMEs,Hyderabad,"Accion Venture Lab, YourNest Venture Capital And Other Angel Investors",Seed/ Angel Funding,1300000.0,2018-05-31,early_2015_2019,2018,Consumer Internet
Fitternity,Consumer Internet,Online Fitness Discovey Platform,Mumbai,"Exfinity Venture, Saha fund Partners, Arihant Patni of Patni Family Office, Anjali Bansal, Shardul Amarchand Mangaldas, Satish Khanna and Taparia family office.",Private Equity,2000000.0,2018-04-02,early_2015_2019,2018,Consumer Internet
Synctag,Technology,Social Media Anlaytics Platform,Coimbatore,Subhkam Ventures and Mohit Khadaria,Seed / Angel Funding,307600.0,2018-04-02,early_2015_2019,2018,Technology
Finzy,Consumer Internet,Online Loan Matchmaking Platform,Bengaluru,,Seed / Angel Funding,1300000.0,2018-04-02,early_2015_2019,2018,Consumer Internet
Varthana,Finance,Loans and Services To Affordable Private Schools in India,Bengaluru,"ChrysCapital, Existing investors, Elevar Equity, LGT Impact, Omidyar Network and Kaizen Private Equity also participated in the round",Private Equity,55000000.0,2018-04-04,early_2015_2019,2018,Finance
IndigoLearn,Ed-Tech,Online Education Platform,Hyderabad,"Maheshwar Peri, founder and chairman of career information portal Careers360, and Jamshed Jeejeebhoy, director at Byramjee Jeejeebhoy Pvt. Ltd were among the angels",Seed / Angel Funding,150000.0,2018-04-05,early_2015_2019,2018,Edtech
Vedantu,Ed-Tech,Interactive Online Tutoring Platform,Bangalore,"Accel Partners, Tiger Global And Others",Private Equity,10000000.0,2018-04-05,early_2015_2019,2018,Edtech
Kaleidofin,Fiinance,Digital Financial Services Platform,Chennai,Omidyar Network. Blume Ventures and Professor Shlomo Ben-Haim,Seed / Angel Funding,2800000.0,2018-04-09,early_2015_2019,2018,Other
Pipabella,Consumer Internet,Fashion Accessories Etailer,Mumbai,Fireside Ventures,Seed / Angel Funding,1000000.0,2018-04-09,early_2015_2019,2018,Consumer Internet
Kriger Campus,Ed-Tech,Mobile-Based Education Network,Delhi,,Seed / Angel Funding,46140.0,2018-04-09,early_2015_2019,2018,Edtech
TravelTriangle,Consumer Internet,Online Travel Marketplace,Gurugram,"Fundamentum, SAIF Partners, Bessemer Venture Partners, RB investments & Others",Private Equity,12000000.0,2018-04-10,early_2015_2019,2018,Consumer Internet
Letsmd,Healthcare,Platform To Discover Healthcare Financing Options,Delhi,"SRI Capital, Waterbridge Ventures and ThinKuvate",Seed / Angel Funding,1000000.0,2018-04-12,early_2015_2019,2018,Healthcare
AyeFinance,Finance,Online Lending Platform,Gurugram,"BlueOrchard Finance Ltd, Hinduja Leyland Finance and IntelleGrow",Debt Funding,4600000.0,2018-04-12,early_2015_2019,2018,Finance
mintifi,Finance,Online Lending Platform,Mumbai,Lok Capital,Seed / Angel Funding,2000000.0,2018-04-13,early_2015_2019,2018,Finance
icanstay,Consumer Internet,Online Platform For Luxury Hotel Stay For Business Travelers,Delhi,Mr. Manoj Prasad,Seed / Angel Funding,500000.0,2018-04-16,early_2015_2019,2018,Consumer Internet
Coverfox,Consumer Internet,Online Insurance Aggregator,Mumbai,"International Finance Corporation, Transamerica and others.",Private Equity,22000000.0,2018-04-18,early_2015_2019,2018,Consumer Internet
Fyle Technologies,Technology,AI Based Expense Management Platform,Bengaluru,Pravega Ventures and Beenext,Seed / Angel Funding,1100000.0,2018-04-19,early_2015_2019,2018,Technology
True Balance,Technology,Mobile Balance Checking App,Gurugram,"Line Ventures Corporation, Line Corp, Naver, Shinhan Bank and TS Investment",Private Equity,23000000.0,2018-04-19,early_2015_2019,2018,Technology
Doxper,Healthcare,Digitized Health-Tech Solutions For Practitioners,Mumbai,Vidal Healthcare,Seed / Angel Funding,1900000.0,2018-04-22,early_2015_2019,2018,Healthcare
Nykaa,Consumer Internet,Beauty e-tailer,Mumbai,"Sunil Munjal, Harsh Mariwala, Dalip Pathak and Others",Private Equity,11000000.0,2018-04-22,early_2015_2019,2018,Consumer Internet
Mihuru,Finance,Online Platform Providing Micro Loans For Air Travel,Mumbai,,Seed / Angel Funding,150000.0,2018-04-23,early_2015_2019,2018,Finance
Capital Float,Finance,Online Lending Platform,Bengaluru,Amazon,Private Equity,22000000.0,2018-04-23,early_2015_2019,2018,Finance
Trip shelf,Consumer Internet,Online Travel Marketplace,Delhi,"GEMS Advisory, Alok Mittal and Sachin Bhatia",Seed / Angel Funding,246000.0,2018-04-25,early_2015_2019,2018,Consumer Internet
POPxo,Technology,Women Focussed Digital Media Platform,Delhi,"Neoplux, OPPO, IDG Ventures India, Kalaari Capital, GREE Ventures and Summit Media",Private Equity,5500000.0,2018-04-26,early_2015_2019,2018,Technology
1mg,Consumer Internet,Online Pharmacy Store,Gurugram,"Sequoia Capital, Maverick Capital Ltd and HBM Healthcare Investments Ltd",Private Equity,10000000.0,2018-04-27,early_2015_2019,2018,Consumer Internet
Samco,Consumer Internet,Online Stock Broker,Mumbai,Bay Capital Investments and Others,Private Equity,7500000.0,2018-04-30,early_2015_2019,2018,Consumer Internet
MyLoanCare,Finance,B2C Online Loans Marketplace,Gurgaon,SAR Group,Seed / Angel Funding,978000.0,2018-04-30,early_2015_2019,2018,Finance
Buddy4studdy,Consumer Internet,Online Scholarship Portal,Noida,CBA Capital and others,Private Equity,3000000.0,2018-03-01,early_2015_2019,2018,Consumer Internet
Urban Ladder,E-Commerce,Online Furniture Store,Bengaluru,"Sequoia Capital, SAIF Partners and Kalaari capital",Private Equity,12000000.0,2018-03-01,early_2015_2019,2018,Ecommerce
Kuvera,Consumer Internet,Online Financial Planning,Bengaluru,"Baskar Subramanian, Saket Kumar, Gaurav Suri and Ankit Kesarwani",Seed / Angel Funding,250000.0,2018-03-03,early_2015_2019,2018,Consumer Internet
Gramophone,Technology,Agri-tech,Indore,InfoEdge,Seed/Angel Funding,1000000.0,2018-03-04,early_2015_2019,2018,Technology
Wellthy,Healthcare,Therapeutics,Mumbai,"Ranjan Pai, Apoorva Patni, Beenext Ventures,GrowX Ventures",Private Equity,2100000.0,2018-03-05,early_2015_2019,2018,Healthcare
MedGenome,Healthcare,"Genetic Screening, DNA Diagnostics Labs & Research Centers",Bengaluru,"HDFC Life, HDFC Asset Management",Private Equity,10000000.0,2018-03-05,early_2015_2019,2018,Healthcare
Finova Capital,Consumer Internet,Online Lending,Jaipur,Sequoia Capital,Private Equity,6000000.0,2018-03-05,early_2015_2019,2018,Consumer Internet
Hotelogix,Technology,Cloud based Online Hotel Management Software,Noida,"Vertex Ventures, Accel Partners and Saama Capital",Private Equity,5000000.0,2018-03-05,early_2015_2019,2018,Technology
Livehealth,Consumer Internet,Health Service Aggregator Platform,Pune,Nexus Venture Partners,Seed / Angel Funding,1100000.0,2018-03-04,early_2015_2019,2018,Consumer Internet
Ad2pro,Technology,"Creative Design, Brand, Media and Technology Platform Solutions",Chennai,Avendus Finance Pvt. Ltd,Debt Funding,9700000.0,2018-03-06,early_2015_2019,2018,Technology
Coverfox,Consumer Internet,Online Insurance Aggregator,Mumbai,Aegon NV,Private Equity,7600000.0,2018-03-06,early_2015_2019,2018,Consumer Internet
Pepperfry,Consumer Internet,Online Furniture Shopping Store,Mumbai,State Street Global Advisors,Private Equity,38400000.0,2018-03-08,early_2015_2019,2018,Consumer Internet
Magicpin,Consumer Internet,Hyperlocal Discovery,Gurugram,Trifecta Capital,Debt Funding,1000000.0,2018-03-08,early_2015_2019,2018,Consumer Internet
HealthCare,Consumer Internet,Healthcare Aggregator,Mumbai,HR Fund,Seed / Angel Funding,1000000.0,2018-03-12,early_2015_2019,2018,Consumer Internet
PineLabs,Technology,Digital Payment Platform,Mumbai,"Actis, Altimeter Capital",Private Equity,82000000.0,2018-03-13,early_2015_2019,2018,Technology
AvailFinance,Consumer Internet,Online Lending Platform,Bengaluru,"Matrix Partners, Bhavish Aggarwal, Ankit Bhati, Binny Bansal, Kunal Shah and Manish Patel.",Private Equity,17200000.0,2018-03-14,early_2015_2019,2018,Consumer Internet
Grofers,Consumer Internet,Online Grocery Shop,Gurugram,"SoftBank, Tiger Global and Apoletto Managers.",Private Equity,62000000.0,2018-03-15,early_2015_2019,2018,Consumer Internet
Fingerlix,Consumer Internet,Ready To cook Food Solution,Mumbai,Alteria Capital,Debt Funding,1310000.0,2018-03-19,early_2015_2019,2018,Consumer Internet
Karma Healthcare,Healthcare,Technology enabled equitable healthcare for India,Udaipur,"1Crowd, Ankur Capital",Seed / Angel Funding,500000.0,2018-03-19,early_2015_2019,2018,Healthcare
Zappfresh,Food & Beverages,Online Raw Meat E-tailer,Gurugram,"Amit Burman, SIDBI Venture Capital",Seed / Angel Funding,3000000.0,2018-03-19,early_2015_2019,2018,Other
CustomerSucessBox,Technology,Customer Success Software for B2B SaaS,Gurugram,"Pi Ventures, Axilor Ventures",Seed / Angel Funding,1000000.0,2018-03-19,early_2015_2019,2018,Technology
Chargebee,Technology,Subscription Billing & Recurring Payments Software,Chennai,"Insight Venture Partners, Accel Partners and Tiger Global Management.",Private Equity,18000000.0,2018-03-22,early_2015_2019,2018,Technology
i2i Funding,Consumer Internet,Online loan platform,Noida,SucSEED Venture Partners,Seed / Angel Funding,768000.0,2018-03-22,early_2015_2019,2018,Consumer Internet
Slang Labs,Technology,Voice-based assistant platform,Bengaluru,Endiya Partners,Seed / Angel Funding,1240000.0,2018-03-22,early_2015_2019,2018,Technology
Cash Suvidha,Consumer Internet,Online loan platform,Delhi,"Initia Holdings,Vipin Agarwal and others.",Seed / Angel Funding,1000000.0,2018-03-26,early_2015_2019,2018,Consumer Internet
Roadcast,Technology,Fleet management and asset monitoring platform,Delhi,,Private Equity,250000.0,2018-03-28,early_2015_2019,2018,Technology
Smartcoin,Finance,Micro lending company,Bengaluru,"Accion Venture Lab, Unicorn India Ventures and ISME ACE.",Seed / Angel Funding,2000000.0,2018-03-28,early_2015_2019,2018,Finance
The Print,Media,News portal,Delhi,Ratan Tata,Seed / Angel Funding,535000.0,2018-03-27,early_2015_2019,2018,Media
DriveU,Technology,Professional Car Drivers Hiring App,Bengaluru,Amit Singhal and Unitus Seed Fund,Private Equity,3000000.0,2018-03-27,early_2015_2019,2018,Technology
BigBasket,Consumer Internet,Online Grocery & Food Store,Bengaluru,"Alibaba, Helion Venture Partners, Bessemer Venture Partners, Ascent Capital",Private Equity,300000000.0,2018-02-01,early_2015_2019,2018,Consumer Internet
Zomato,Food And Beverages,Food Ordering and Restaurant Discovery,Gurugram,Ant Financials,Private Equity,200000000.0,2018-02-01,early_2015_2019,2018,Other
Pratilipi,Publishing,E-Publishing,Bengaluru,Omidyar Network,Private Equity,4300000.0,2018-02-05,early_2015_2019,2018,Other
Asia Institute Of Medical Science,Healthcare,Super-specialty Hospital,Faridabad,CDC Group Plc,Private Equity,21000000.0,2018-02-05,early_2015_2019,2018,Healthcare
CollegeDekho,Consumer Internet,Online platform for Higher Education Services,Gurugram,"Man Capital LLP, Girnar Software, Others",Private Equity,2000000.0,2018-02-05,early_2015_2019,2018,Consumer Internet
Healthi,Healthcare,Preventive Health Checkup,Bengaluru,Montane Ventures,Private Equity,3100000.0,2018-02-06,early_2015_2019,2018,Healthcare
Swiggy,Food And Beverages,Online Food Delivery,Bengaluru,Naspers,Private Equity,100000000.0,2018-02-07,early_2015_2019,2018,Other
Shape,Healthcare,"Online Portal for Diet,fitness and Beauty",Pune,Sandeep Mathur,Seed / Angle Funding,100000000.0,2018-02-08,early_2015_2019,2018,Healthcare
Icertis,Consumer Internet,Enterprise Contract Management Platform,Pune,Meritech Capital Partners,Private Equity,50000000.0,2018-02-08,early_2015_2019,2018,Consumer Internet
healthifyme,Healthcare,Mobile Weight Loss Coach,Bengaluru,Sistema Asia Fund,Private Equity,12000000.0,2018-02-09,early_2015_2019,2018,Healthcare
Rupeek,Consumer Internet,Online Gold Loan,Bengaluru,"Accel Partners, Sequoia Capital",Private Equity,6830000.0,2018-02-09,early_2015_2019,2018,Consumer Internet
Lendingkart,Finance,Online Lending Platform,Bengaluru,Fullerton Financial Holdings Pte Ltd & Others,Private Equity,87000000.0,2018-02-12,early_2015_2019,2018,Finance
Cashify,E-Commerce,Online Selling,Gurugram,Trifecta Capital,Debt Funding,935089.0,2018-02-12,early_2015_2019,2018,Ecommerce
holachef,Food And Beverages,Online Food Delivery,Mumbai,Ashok Kumar Gajera,Seed / Angle Funding,311200.0,2018-02-13,early_2015_2019,2018,Other
IMAX Program,Ed-Tech,Individualised Progressive Learning Program,Bengaluru,"Michael & Susan Dell Foundation, LGT Impact Ventures",Private Equity,13500000.0,2018-02-13,early_2015_2019,2018,Edtech
Littlemore,Ed-Tech,Online Education Platform,Chennai,Kalpavriksh,Private Equity,3000000.0,2018-02-14,early_2015_2019,2018,Edtech
Toppr,Ed-Tech,Online Education Platform,Mumbai,Axis Capital Partners,Private Equity,100000.0,2018-02-14,early_2015_2019,2018,Edtech
Shirsa Labs,Ed-Tech,Integrated Kids Engagement Company,Mumbai,"Dewang Neralla, Mahesh Kothurkar,Atul Agarwal",Private Equity,500000.0,2018-02-14,early_2015_2019,2018,Edtech
MoneyOnMobile,Technology,mobile payment platform,Mumbai,S7 Group,Private Equity,5000000.0,2018-02-14,early_2015_2019,2018,Technology
PetSutra,Consumer Internet,Online Pet Care Products,Gurugram,Michael Patrick Hickey,Seed / Angel Funding,148434.0,2018-02-15,early_2015_2019,2018,Consumer Internet
Infibeam,E-Commerce,Online Retailing,Ahemadabad,Network 18,Private Equity,6230000.0,2018-02-15,early_2015_2019,2018,Ecommerce
happay,Finance,Expense Management,Bengaluru,Sequoia and Jerry Yang,Seed / Angel Funding,250000.0,2018-02-16,early_2015_2019,2018,Finance
Fincash,Finance,Fin-Tech,Mumbai,"Mohammed Khan, Sameer Narayan & Others",Seed / Angel Funding,150000.0,2018-02-16,early_2015_2019,2018,Finance
AyeFinance,Finance,Online Lending,Gurugram,"Hinduja Leyland Finance, IntelleGrow",Private Equity,3800000.0,2018-02-19,early_2015_2019,2018,Finance
Agricxlab,Agriculture,Agri-tech,Mumbai,Ankur Capital,Seed / Angel Funding,500000.0,2018-02-20,early_2015_2019,2018,Other
Udaan,E-Commerce,B2B Marketplace,Bengaluru,Lightspeed & Yuri Milner,Private Equity,50000000.0,2018-02-21,early_2015_2019,2018,Ecommerce
Capillary,It,SaaS,Bengaluru,"Wargburg Pincus, Sequoia",Private Equity,20000000.0,2018-02-21,early_2015_2019,2018,Other
The Healthy Billions,Healthcare,Analytics,Gurugram,"Blume Ventures, HealthQuad and Fireside Ventures",Private Equity,2100000.0,2018-02-21,early_2015_2019,2018,Healthcare
Avishkaar Box,Ed-Tech,Education,Delhi,Auxano Deals,Private Equity,772500.0,2018-02-26,early_2015_2019,2018,Edtech
Planys Technologies,Technology,Robotic InspectionStartup,Chennai,"Kris Gopalakrishnan, Pratithi Investment Trust, MEMG Family Office, S Gopal",Private Equity,1040000.0,2018-02-26,early_2015_2019,2018,Technology
Trilyo,Technology,AI platform for hospitality industry,Mumbai,"Startup Buddy,Amit Manocha and others",Seed / Angel Funding,250000.0,2018-02-27,early_2015_2019,2018,Technology
Gaana,Technology,Online Music Streaming,Gurugram,"Tencent Holdings Ltd, Times Internet",Private Equity,115000000.0,2018-02-28,early_2015_2019,2018,Technology
Credy,It,SaaS,Bengaluru,"Y Combinator, Khosla Ventures, Vy Capital and others",Seed / Angel Funding,1400000.0,2018-02-28,early_2015_2019,2018,Other
EarlySalary,Finance,Online Lending,Pune,Eight Roads Ventures India,Private,15700000.0,2018-01-04,early_2015_2019,2018,Finance
Lendingkart,Finance,Online Lending,Ahmedabad,Nederlandse Financierings-Maatschappij voor Ontwikkelingslanden N.V.,Debt Funding,4700000.0,2018-01-09,early_2015_2019,2018,Finance
Kinsane Entertainment Inc,Entertainment,Digital Entertainment for Children,Mumbai,,Seed/Angel Funding,2500000.0,2018-01-09,early_2015_2019,2018,Other
Tapzo,Technology,Personal Assistant,Bengaluru,RuNet & Other,Private Equity,1930000.0,2018-01-10,early_2015_2019,2018,Technology
Appario Retail Pvt Ltd.,E-Commerce,Retail,Delhi,Amazon-Patni JV,Private Equity,18840000.0,2018-01-10,early_2015_2019,2018,Ecommerce
Samunnati,Finance,Agricultural Loan,Chennai,"responsAbility, Elevar Equity and Accel Partners",Private Equity,23500000.0,2018-01-10,early_2015_2019,2018,Finance
Sahajanand Medical Technologies,Technology,Medical Devices,Surat,Morgan Stanley Private Equity Asia,Private Equity,36230000.0,2018-01-10,early_2015_2019,2018,Technology
Kuants,Technology,Algorithmic Trading,Gurgaon,"Pankaj Chopra, Ankush Gupta",Angel / Seed Funding,80000.0,2018-01-12,early_2015_2019,2018,Technology
Razorpay,Technology,Payment Gateway,Bengaluru,"Tiger Global, Y Combinator",Private Equity,20000000.0,2018-01-12,early_2015_2019,2018,Technology
Streak,Technology,Algorithmic Trading,Bengaluru,"Indian fintech fund, Rainmatter",Angel / Seed Funding,354600.0,2018-01-15,early_2015_2019,2018,Technology
pi Ventures,Finance,Venture Capital,Bengaluru,"Sunil Kant Munjal, Hero Electronix\\xe2\\x80\\x99s corporate financing arm, Electronic Development Fund",Private Equity,25000000.0,2018-01-15,early_2015_2019,2018,Finance
Newgen Software,Technology,IT,New Delhi,"Goldman Sachs, hedge fund & Others",Private Equity,20000000.0,2018-01-15,early_2015_2019,2018,Technology
Rubix,Technology,Education,Pune,Polaris Fund,Private Equity,1000000.0,2018-01-17,early_2015_2019,2018,Technology
ShareChat,Technology,Social,Bengaluru,"Xiaomi Singapore, Shunwei Capital",Private Equity,18200000.0,2018-01-18,early_2015_2019,2018,Technology
Paperflite,Technology,IT,Chennai,The Chennai Angels,Angel / Seed Funding,400000.0,2018-01-22,early_2015_2019,2018,Technology
HungerBox,Consumer Internet,Food and Beverages,Bangalore,Lionrock Capital,Private Equity,2500000.0,2018-01-22,early_2015_2019,2018,Consumer Internet
OptaCredit,Finance,Alternative Lending,Chennai,DMI Finance,Private Equity,4000000.0,2018-01-22,early_2015_2019,2018,Finance
AEON Learning,Technology,Education,Bengaluru,Dr. Ranjan Pai,Private Equity,3200000.0,2018-01-22,early_2015_2019,2018,Technology
Milkbasket,E-Commerce,Online Grocery,Gurugram,Unilever Ventures,Private Equity,3000000.0,2018-01-23,early_2015_2019,2018,Ecommerce
NeoGrowth Credit,Finance,Digital Lending,Mumbai,"LeapFrog Investments, Aspada Investment, Quona Capital",Private Equity,47000000.0,2018-01-24,early_2015_2019,2018,Finance
Rao IIT Academy,Education,Coaching Services,Mumbai,Avendus Finance,Structured Debt,8600000.0,2018-01-24,early_2015_2019,2018,Education
Aye Finance,Finance,Online Lending,Gurugram,IFMR Capital,Term Loan,6240000.0,2018-01-24,early_2015_2019,2018,Finance
GreyAtom,Technology,Education,Mumbai,Pravega Ventures,Private Equity,1000000.0,2018-01-25,early_2015_2019,2018,Technology
Axio,Healthcare,Hemostatic Dressing Solutions,Bengaluru,RNT Capital,Private Equity,7400000.0,2018-01-26,early_2015_2019,2018,Healthcare
eKincare,Healthcare,Technology,Hyderabad,"Ventureast, Endiya Partners, Eight Roads Ventures, Touchstone Equities, BVR Mohan Reddy",Private Equity,1500000.0,2018-01-29,early_2015_2019,2018,Healthcare
The Wedding Brigade,Consumer Internet,Online Services,Mumbai,Blume Ventures,Private Equity,1000000.0,2018-01-29,early_2015_2019,2018,Consumer Internet
PeeSafe,Healthcare,Hygiene,Gurugram,"Shivani Singh, Rahul Maroli, Mitesh Shah, Venture Catalysts, Alfa Capital, Green Shots Capital, Real Time Ventures.",Private Equity,1000000.0,2018-01-30,early_2015_2019,2018,Healthcare
BrowserStack,Technology,Browser Testing,Mumbai,Accel Partners,Private Equity,50000000.0,2018-01-30,early_2015_2019,2018,Technology
Scapic,Technology,Virtual Reality,Bengaluru,"Axilor Ventures, Newfort Capital",Angel / Seed Funding,500000.0,2018-01-30,early_2015_2019,2018,Technology
MoneyOnMobile,Technology,Mobile Payment Platform,Mumbai,Undisclosed Investors,Private Equity,7600000.0,2018-01-30,early_2015_2019,2018,Technology
CureFit,Healthcare,Fitness,Bengaluru,"HDFC Bank, Axis Bank",Debt Funding,10000000.0,2018-01-30,early_2015_2019,2018,Healthcare
iNurture,Technology,Education Solutions,Bengaluru,Ventureast,Private Equity,4400000.0,2018-01-31,early_2015_2019,2018,Technology
Dunzo,Technology,Daily Task Management Mobile App,Bangalore,Google,Private Equity,12300000.0,2017-12-05,early_2015_2019,2017,Technology
Tata Housing,Real Estate,Residential Project,Mumbai,Hines,Private Equity,23000000.0,2017-12-05,early_2015_2019,2017,Real Estate
HandyTrain,Technology,Mobile Learning Management Platform,Goa,NB Ventures,Private Equity,1000000.0,2017-12-05,early_2015_2019,2017,Technology
Mobycy,Technology,Bicycle sharing Platform,Gurgaon,Undisclosed Investors,Seed/Angel Funding,500000.0,2017-12-05,early_2015_2019,2017,Technology
Greenlight Planet,Technology,Off-grid solar products platform,Mumbai,"Apis Partner, Eight Roads Ventures, Bamboo Capital Partners",Private Equity,60000000.0,2017-12-06,early_2015_2019,2017,Technology
Fintobox,Technology,Child Learning & Development Platform,Chennai,Lightbox,Private Equity,7000000.0,2017-12-06,early_2015_2019,2017,Technology
Mswipe,Technology,Mobile point of sale services provider,Mumbai,Eduardo Saverin,Private Equity,10000000.0,2017-12-07,early_2015_2019,2017,Technology
The Label Life,E-Commerce,Home Decor and Online Fashion Portal,Mumbai,Kalpvriksh,Private Equity,3100000.0,2017-12-07,early_2015_2019,2017,Ecommerce
Cygnus Hospitals,Healthcare,Super speciality Hospitals,Gurgaon,Somerset Indus Capital Ventures,Seed/Angel Funding,750000.0,2017-12-07,early_2015_2019,2017,Healthcare
eShakti,Ecommerce,"""Women\\'s Fashion Clothing Online Platform""",Chennai,IDG Ventures,Debt Funding,2300000.0,2017-12-07,early_2015_2019,2017,Ecommerce
Inshorts,Technology,Mobile News Curation App,Noida,Tiger Global,Private Equity,5000000.0,2017-12-08,early_2015_2019,2017,Technology
Vahdam Tea,E-Commerce,Online Platform Selling Indian Tea Globally,Delhi,"Singapore Angel Network, Mumbai Angel",Private Equity,1500000.0,2017-12-11,early_2015_2019,2017,Ecommerce
Logic Roots,Technology,Educational Platform to Learn Mathematics,Mumbai,Village Capital,Seed/Angel Funding,50000.0,2017-12-11,early_2015_2019,2017,Technology
Project Mudra,Technology,Assisting Visually Impaired to learn through Braille,Bengaluru,Village Capital,Seed/Angel Funding,50000.0,2017-12-11,early_2015_2019,2017,Technology
Furlenco,Technology,Furniture Rental Platform,Bengaluru,Aamir Khan,Debt Funding,1200000.0,2017-12-11,early_2015_2019,2017,Technology
I Can Stay,Technology,Hotel Aggregator Platform,Delhi,HT Media,Private Equity,1800000.0,2017-12-12,early_2015_2019,2017,Technology
Simility,Technology,Adaptive Fraud Intelligence Platform,Hyderabad,Accel Partners,Private Equity,17500000.0,2017-12-12,early_2015_2019,2017,Technology
Shopholix,E-Commerce,Fashion and Lifestyle Coupon Platform,Gurgaon,Munesh Khanna,Seed/Angel Funding,233000.0,2017-12-12,early_2015_2019,2017,Ecommerce
MindTickle,Technology,Gamification Platform to train Sales People,Pune,Canaan Partners,Private Equity,27000000.0,2017-12-13,early_2015_2019,2017,Technology
Nazara Technologies,Technology,Mobile Games Development Firm,Mumbai,Rakesh Jhunjhunwala,Private Equity,27000000.0,2017-12-13,early_2015_2019,2017,Technology
DocsApp,Technology,Mobile Application for Doctor Consultation,Bengaluru,Bessemer Venture Partners,Private Equity,7200000.0,2017-12-13,early_2015_2019,2017,Technology
Tea Box,E-Commerce,Fresh Indian Tea Selling Platform across 112 countries,Bengaluru,RB Investments,Private Equity,7000000.0,2017-12-14,early_2015_2019,2017,Ecommerce
Transversal Technologies,Technology,Hyperlocal Video Information Sharing Platform,Bengaluru,Matrix Partners,Private Equity,6000000.0,2017-12-14,early_2015_2019,2017,Technology
Curofy,Technology,Mobile App for Network of Doctors,Gurgaon,RoundGlass Partners LLC,Seed/Angel Funding,250000.0,2017-12-14,early_2015_2019,2017,Technology
HomeLane,E-Commerce,Online Furniture Marketplace,Bengaluru,"Accel Partners, Sequoia Capital, RB Investments",Private Equity,10000000.0,2017-12-14,early_2015_2019,2017,Ecommerce
Purplle,E-Commerce,Beauty Products Online Marketplace,Mumbai,"Mountain Pain Capital, Suncoast Investments",Seed/Angel Funding,537000.0,2017-12-15,early_2015_2019,2017,Ecommerce
Cash Suvidha,E-Commerce,Online Micro-Lending Platform,Delhi,,Debt Funding,2700000.0,2017-12-15,early_2015_2019,2017,Ecommerce
Springboard,Technology,Online Courses and Mentoring from Experts,Bengaluru,"Costanoa, Learn Capital, Jyoti Bansal",Private Equity,9500000.0,2017-12-19,early_2015_2019,2017,Technology
9Stacks,Technology,Online Poker Platform,Delhi,"Swati Gupta, Purnima Khandelwal, Maheshwar Peri, Sanjay Singh",Private Equity,1500000.0,2017-12-19,early_2015_2019,2017,Technology
Your Quote,Technology,Vernacular and Video Content Platform,Bengaluru,"Axilor Ventures, E-City VEntures Atul Goel",Private Equity,1000000.0,2017-12-20,early_2015_2019,2017,Technology
Spandana Sphoorty,Finance,Micro finance institution providing small ticket unsecured loans to women,Hyderabad,"""Kedaraa Capital, Ontario Teachers\\'""",Private Equity,19500000.0,2017-12-20,early_2015_2019,2017,Finance
Indus OS,Technology,Regional Operating System for Smartphones,Mumbai,Omidyar Network,Private Equity,4000000.0,2017-12-21,early_2015_2019,2017,Technology
EasyEcom,E-Commerce,Ecommerce enabler platform,Bengaluru,"Ambarish Gupta, Aneesh Reddy, Bold Ventures, Vona Investments",Seed/Angel Funding,150000.0,2017-12-21,early_2015_2019,2017,Ecommerce
Specsmakers,E-Commerce,Online Spects Platform for Men and Women,Chennai,Eight Roads Ventures India,Private Equity,10000000.0,2017-12-26,early_2015_2019,2017,Ecommerce
Foyr.com,Technology,Realty Tech Startup solving real life Interior Designing problems,Hyderabad,Jones Lang LaSalle,Private Equity,3800000.0,2017-12-27,early_2015_2019,2017,Technology
Prest Loans,Finance,Business & SME Loans provider,New Delhi,"Manish Poddar, Arun Garg, Parmeshwar Sharma",Seed Funding,570000.0,2017-11-02,early_2015_2019,2017,Finance
Vagupu,Technology,Online Tutorial Marketplace,Bangalore,Undisclosed Investors,Seed Funding,1000000.0,2017-11-03,early_2015_2019,2017,Technology
Kalpnik Technologies,Technology,VR based Spiritual platform,Bangalore,Venture Catalysts,Seed Funding,500000.0,2017-11-03,early_2015_2019,2017,Technology
Hevo Data,Technology,Real time data analytics & reporting,Bangalore,IDG Ventures India,Private Equity,1000000.0,2017-11-04,early_2015_2019,2017,Technology
DocTalk,Technology,Doctor Patient Communication platform,Mumbai,"Matrix Partners India, Khosla Ventures",Private Equity,5000000.0,2017-11-07,early_2015_2019,2017,Technology
CoveIoT,Technology,Wearable tech and Internet of Things platform,Bangalore,"Titan Co Ltd, Tata Group\\xe2\\x80\\x99s watch and jewellery retailing firm",Private Equity,5000000.0,2017-11-07,early_2015_2019,2017,Technology
TalentEdge,Technology,Distance Education Learning Platform,Bangalore,Lumis Partners,Private Equity,7600000.0,2017-11-08,early_2015_2019,2017,Technology
Fisdom,Finance,Mutual Fund Investment App,Bangalore,Quona Capital Management,Private Equity,3000000.0,2017-11-08,early_2015_2019,2017,Finance
FarmLink,Ecommerce,Online platform for Agricultural products,Mumbai,"Pioneering Ventures, Syngenta AG",Private Equity,3000000.0,2017-11-08,early_2015_2019,2017,Ecommerce
OpenApp,Technology,IoT based Tech Startup,Bangalore,"Axilor Ventures, Kumar Vembu",Private Equity,3600000.0,2017-11-08,early_2015_2019,2017,Technology
NoPaperForms,Technology,Enrolment Management Platform,Delhi,Info Edge,Seed Funding,872000.0,2017-11-09,early_2015_2019,2017,Technology
Qubole,Technology,Big Data based analytics platform,Bangalore,"Singtel, Innov8, Harmony Partners",Private Equity,25000000.0,2017-11-10,early_2015_2019,2017,Technology
Universal Sportsbiz Pvt. Ltd,Ecommerce,Celebrity fashion accessories and merchandise,Mumbai,Accel Partners,PrivateEquity,15000000.0,2017-11-13,early_2015_2019,2017,Ecommerce
Active AI,Technology,AI based FinTech platform,Bangalore,Vertex Ventures,Private Equity,8250000.0,2017-11-14,early_2015_2019,2017,Technology
Sumeru,Technology,Banking Software License Platform,Bangalore,Undisclosed Investors,Seed Funding,900000.0,2017-11-15,early_2015_2019,2017,Technology
Omnia Information,Technology,WiFi Analytics Platform,Delhi,Omidyar Network,Private Equity,3000000.0,2017-11-15,early_2015_2019,2017,Technology
Kanhaiya,Inspiration,Storytelling platform,Hyderabad,Undisclosed Investors,Seed/Angel Funding,200000.0,2017-11-17,early_2015_2019,2017,Other
ONN Bikes,Technology,Self riding bike rental program,Mumbai,Z Nation Lab,Seed/Angel Funding,692000.0,2017-11-20,early_2015_2019,2017,Technology
Rapido,Technology,Bike and Taxi pooling online platform,Hyderabad,"Skycatcher Fund, Aravind Sanka",Seed/Angel Funding,329230.0,2017-11-21,early_2015_2019,2017,Technology
Heckyl,Technology,Big Data Analytics Platform,Mumbai,"Notion Capital, IDG Ventures",Private Equity,2700000.0,2017-11-21,early_2015_2019,2017,Technology
Nuvepro,Technology,Managed Cloud Environment Solutions,Mumbai,1Crowd,Seed/Angel Funding,400000.0,2017-11-21,early_2015_2019,2017,Technology
RedBook,Technology,AI based pharmacy drugs insights platform,Mumbai,"Vida Ventures, Dr. Aniruddha Malpani",Seed/Angel Funding,250000.0,2017-11-21,early_2015_2019,2017,Technology
Portea,Healthcare,Healthcare facilities at doorstep,Bangalore,"Sabre Partners, MEMG CDC",Private Equity,26000000.0,2017-11-21,early_2015_2019,2017,Healthcare
Epiq Capital,Finance,Tech based investor firm,Mumbai,Global Institutional Investors,Private Equity,200000000.0,2017-11-21,early_2015_2019,2017,Finance
IDG Ventures,Finance,Venture Capitalist,Bangalore,Uniliver Ventures,Private Equity,10000000.0,2017-11-24,early_2015_2019,2017,Finance
TempGo,Technology,IoT and SaaS based transportation platform,Goa,Javelin StartupO Victory Fund,Seed/Angel Funding,250000.0,2017-11-24,early_2015_2019,2017,Technology
Edelweiss,Finance,Diversified Financial,Mumbai,Undisclosed investors,Private Equity,270000000.0,2017-11-27,early_2015_2019,2017,Finance
ERA,Technology,Identity management platform,Mumbai,Amit Patni,Seed/Angel Funding,39000.0,2017-11-27,early_2015_2019,2017,Technology
Smaaash,Technology,Virtual Reality based gaming platform,Mumbai,Sixth Sense Ventures,Private Equity,3800000.0,2017-11-27,early_2015_2019,2017,Technology
Chumbak,Lifestyle,Designer-led consumer products,Bangalore,Gaja Capital,Private Equity,13000000.0,2017-11-28,early_2015_2019,2017,Other
FR8,Technology,Online Truck aggregator platform,Chennai,IFMR Capital,Debt Funding,1500000.0,2017-11-28,early_2015_2019,2017,Technology
MobieFit,Healthcare,Health and fitness based mobile App,Goa,"NB Ventures, MediAssist",Seed/Angel Funding,1350000.0,2017-11-28,early_2015_2019,2017,Healthcare
Stanza Living,Technology,Student accommodation platform,Delhi,"Matrix PArtners, Accel",Private Equity,2000000.0,2017-11-28,early_2015_2019,2017,Technology
Ola Cabs,Consumer Internet,App based cab hailing services,Bangalore,"Tencent, Softbank Group",Private Equity,110000000.0,2017-10-03,early_2015_2019,2017,Consumer Internet
CollPoll,Consumer Internet,Education collaboration platform,Bangalore,Sprout Angels,Seed Funding,306000.0,2017-10-04,early_2015_2019,2017,Consumer Internet
PhonePe,Consumer Internet,Digital Wallet,Bangalore,Flipkart,Private Equity,38700000.0,2017-10-04,early_2015_2019,2017,Consumer Internet
Little Black Book,Consumer Internet,Local Recommendations and Discoveries Platform,New Delhi,"Blume Ventures, IDG Ventures & Indian Angel Network",Private Equity,1000000.0,2017-10-05,early_2015_2019,2017,Consumer Internet
Oorjan,Technology,rooftop solar platform,Mumbai,Globevestor,Seed Funding,450000.0,2017-10-05,early_2015_2019,2017,Technology
Zefo,Ecommerce,Ecommerce Portal for Used Goods,Bangalore,"Sequoia India, Helion Venture Partners, Beenext",Private Equity,9200000.0,2017-10-05,early_2015_2019,2017,Ecommerce
Yaantra,Ecommerce,Mobile repair and Refurbishment platform,New Delhi,Carpediem Capital,Private Equity,3100000.0,2017-10-06,early_2015_2019,2017,Ecommerce
Farm Taaza,Technology,Fresh Produce SCM company,Bangalore,"Epsilon Venture Partners, Tara India Fund IV and others",Private Equity,8000000.0,2017-10-06,early_2015_2019,2017,Technology
Drivezy,Consumer Internet,Self Drive car and bike rental platform,Bangalore,"Das Capital, Axan Partners, Das Capital and IT Farm",Private Equity,10000000.0,2017-10-06,early_2015_2019,2017,Consumer Internet
Slice Pay,Consumer Internet,Student Micro-financing platform,Bangalore,"Das Capital, Simile Ventures",Private Equity,2000000.0,2017-10-06,early_2015_2019,2017,Consumer Internet
MyGubbi,Ecommerce,Home Interior Designing Seller,Bangalore,"Firoze Irani, Vipul Parekh, Ananda Kallugadde, Rajesh K Murthy",Private Equity,2700000.0,2017-10-09,early_2015_2019,2017,Ecommerce
OneStepUp,Technology,Education Technology platform,New Delhi,Orient BlackSwan,Seed Funding,336000.0,2017-10-09,early_2015_2019,2017,Technology
Parallel Dots,Technology,AI-powered deep learning solutions,Gurgaon,"Multipoint Capital,",Private Equity,1400000.0,2017-10-10,early_2015_2019,2017,Technology
Easy Diner,Consumer Internet,online restaurant reservation platform,Gurgaon,Saama Capital and DSG Consumer Partners,Private Equity,4500000.0,2017-10-10,early_2015_2019,2017,Consumer Internet
Meesho,Ecommerce,Online Reseller Network,Bangalore,"SAIF Partners, YCombinator, Venture Highway",Private Equity,3100000.0,2017-10-11,early_2015_2019,2017,Ecommerce
StanPlus,Logistics,Medical Transportation Services,Hyderabad,KStart Capital,Private Equity,1100000.0,2017-10-11,early_2015_2019,2017,Logistics
UCLID,Technology,"Education Network for Institutions, teachers & Students",Hyderabad,Undisclosed investors,Seed Funding,235000.0,2017-10-12,early_2015_2019,2017,Technology
Policy Bazaar,Consumer Internet,Online insurance policy aggregator,Gurgaon,"Wellington Management, DG Ventures India, True North",Private Equity,77000000.0,2017-10-13,early_2015_2019,2017,Consumer Internet
Gapoon,Consumer Internet,home maintenance services platform,Bangalore,"Vida Ventures, Snehal Mantri, Anshu Bahadur",Seed Funding,250000.0,2017-10-13,early_2015_2019,2017,Consumer Internet
Chaayos,Ecommerce,Online Chai ordering platform,Gurgaon,Tiger Global Management,Private Equity,2000000.0,2017-10-13,early_2015_2019,2017,Ecommerce
KrazyBee,Consumer Internet,Micro-lending platform,Bangalore,"Xiaomi Technologies, Shunwei Capital",Private Equity,8000000.0,2017-10-16,early_2015_2019,2017,Consumer Internet
Renew Buy,Consumer Internet,Online Insurance Aggregator,New Delhi,Amicus Capital,Private Equity,9200000.0,2017-10-16,early_2015_2019,2017,Consumer Internet
Fingerlix,Consumer Internet,Food Ordering Portal,Bangalore,"Accel Partners, Zephyr Peacock",Private Equity,7000000.0,2017-10-17,early_2015_2019,2017,Consumer Internet
Bank Bazaar,Consumer Internet,Online Financial Marketplace,Chennai,Experian,Private Equity,7000000.0,2017-10-18,early_2015_2019,2017,Consumer Internet
BlackBuck,Logistics,B2B Logistics provider,Bangalore,Innoven Capital,Private Equity,7700000.0,2017-10-18,early_2015_2019,2017,Logistics
LenDen Club,Consumer Internet,Online peer-to-peer lending platform,Mumbai,Undisclosed Investor,Seed Funding,500000.0,2017-10-18,early_2015_2019,2017,Consumer Internet
Toppr,Consumer Internet,Mobile based learning app,Mumbai,"SAIF Partners, Helion Ventures, FIL Capital Management",Private Equity,7000000.0,2017-10-23,early_2015_2019,2017,Consumer Internet
RAW Pressery,Food & Beverage,Cold pressed Juice maker,Mumbai,"DSG Consumer Partners, Sequoia Capital, Saama Capital",Private Equity,6000000.0,2017-10-23,early_2015_2019,2017,Food & Beverage
Cashe,Consumer Internet,app-only lending platform,Mumbai,IFMR Capital,Debt Funding,3100000.0,2017-10-23,early_2015_2019,2017,Consumer Internet
Park Easy,Consumer Internet,Machine learning based parking discovery,Kolkata,Rockstart Accelerator,Seed Funding,118000.0,2017-10-23,early_2015_2019,2017,Consumer Internet
FYRE,Food & Beverage,Herbal energy shot maker,Mumbai,Venture Catalysts,Seed Funding,500000.0,2017-10-24,early_2015_2019,2017,Food & Beverage
ZipLoan,Consumer Internet,SME lending platform,New Delhi,"Matrix Partners India, WaterBridge Ventures, Whiteboard Capital, Sarbvir Singh",Private Equity,3000000.0,2017-10-24,early_2015_2019,2017,Consumer Internet
Skillenza,Consumer Internet,Online Learning Platform,Bangalore,"Blume Ventures, Indian Angel Network",Seed Funding,722000.0,2017-10-24,early_2015_2019,2017,Consumer Internet
SpotDraft,Consumer Internet,Contract Automation,Gurgaon,"Hunch Ventures, Spiral Ventures, 500 Startups, Singapore Angel Network, Citrus Payments",Seed Funding,550000.0,2017-10-25,early_2015_2019,2017,Consumer Internet
Big Basket,Ecommerce,Online Grocery portal,Bangalore,Helion Ventures Partners,Private Equity,5000000.0,2017-10-26,early_2015_2019,2017,Ecommerce
OfBusiness,Technology,B2B Finance & Fulfilment Network,Gurgaon,Kotak Mahindra Bank,Debt Funding,3800000.0,2017-10-27,early_2015_2019,2017,Technology
CashFree,Technology,Payments Platform for Marketplaces and Fintechs,New Delhi,Y Combinator,Seed Funding,120000.0,2017-10-28,early_2015_2019,2017,Technology
Ola Cabs,Consumer Internet,App based cab hailing services,Bangalore,ANI Technologies Pvt. Ltd,Private Equity,7700000.0,2017-10-28,early_2015_2019,2017,Consumer Internet
GoldFarm,Food & Beverage,Agriculture Technology,Coimbatore,Mahindra & Mahindra and Infuse Ventures,Private Equity,2000000.0,2017-10-30,early_2015_2019,2017,Food & Beverage
NetMeds,Ecommerce,Online Pharmacy,Chennai,TannCam Investment & Sistema Asia Fund,Private Equity,14000000.0,2017-10-31,early_2015_2019,2017,Ecommerce
MSE,Finance,Equity Stock Exchange,Mumbai,"IL&FS, Trust Capital, Rosy Blue Securities, Radhakrishan Damani and Rakesh Jhunjhunwala",Private Equity,32000000.0,2017-10-31,early_2015_2019,2017,Finance
Aahaa Stores,Ecommece,Online B2B store for office supplies,Chennai,YourNest Angel Fund,Private Equity,1000000.0,2017-09-01,early_2015_2019,2017,Other
MFine,Consumer Internet,Online Doctor Discovery platform,Bangalore,"Stellaris Venture Partners, Mayur Abhaya, Rohit MA",Private Equity,1500000.0,2017-09-01,early_2015_2019,2017,Consumer Internet
Canvera,Consumer Internet,Online Photography platform,Mumbai,InfoEdge,Private Equity,1300000.0,2017-09-01,early_2015_2019,2017,Consumer Internet
PrimaryIO,Technology,Application Performance Acceleration,Pune,"Accel Partners, Exfinity Ventures, Partech Ventures",Private Equity,5600000.0,2017-09-04,early_2015_2019,2017,Technology
Shubh Loans,Consumer Internet,online lending platform,Bangalore,"SRI Capital, BeeNext, Pravega Ventures",Private Equity,1500000.0,2017-09-05,early_2015_2019,2017,Consumer Internet
Nest Education,Technology,EduTech Platform,Gurgaon,"Michael and Susan Dell Foundation, Anand Mahindra",Seed Funding,600000.0,2017-09-05,early_2015_2019,2017,Technology
Lending Kart,Consumer Internet,Online Lending Platform,Ahmedabad,"Bertelsmann India, Mayfield Capital, Saama Capital, Darrin Capital",Private Equity,10750000.0,2017-09-06,early_2015_2019,2017,Consumer Internet
GoFro,Consumer Internet,Online travel booking platform,New Delhi,"HIS Co. Ltd, MakeMyTrip",Private Equity,10000000.0,2017-09-06,early_2015_2019,2017,Consumer Internet
OncoStem,Healthcare,Medical Diagnostic Solutions,Bangalore,"Sequoia Capital India, Artiman Ventures",Private Equity,6000000.0,2017-09-06,early_2015_2019,2017,Healthcare
Power2SME,Ecommerce,Buying Club for Small Businesses,Gurgaon,"International Finance Corporation (IFC), Inventus Capital Partners, Accel Partners, Kalaari Capital, and Nandan Nilekani,",Private Equity,26000000.0,2017-09-06,early_2015_2019,2017,Ecommerce
Credit Vidya,Consumer Internet,Online Credit scoring platform,Mumbai,Matrix Partners,Private Equity,5000000.0,2017-09-07,early_2015_2019,2017,Consumer Internet
OYO Rooms,Consumer Internet,Branded budget hotels marketplace,Gurgaon,"SoftBank Group, Sequoia Capital India, Lightspeed Venture Partners, Greenoaks Capital, Hero Enterprise",Private Equity,250000000.0,2017-09-07,early_2015_2019,2017,Consumer Internet
Early Salary,Consumer Internet,Online Unsecured Lending platform,Pune,IFMR Capital,Debt Funding,780000.0,2017-09-07,early_2015_2019,2017,Consumer Internet
Seniority,Ecommerce,Ecommerce portal for senior citizens,Pune,RPG Enterprises,Private Equity,1000000.0,2017-09-07,early_2015_2019,2017,Ecommerce
AYE Finance,Consumer Internet,Micro Lending Platform,New Delhi,"Triodos Investment Management,",Debt Funding,6900000.0,2017-09-08,early_2015_2019,2017,Consumer Internet
Ecom Express,Logistics,Logistics Solutions provider,New Delhi,Warburg Pincus,Private Equity,30000000.0,2017-09-11,early_2015_2019,2017,Logistics
Call Health,Consumer Internet,Healthcare Services Aggregator,Hyderabad,"Sachin Tendulkar, P.V SIndhu, Pullela Gopichand",Private Equity,6200000.0,2017-09-11,early_2015_2019,2017,Consumer Internet
3HCare,Consumer Internet,Healthcare services portal,New Delhi,Undisclosed Investor,Seed Funding,100000.0,2017-09-12,early_2015_2019,2017,Consumer Internet
Tonbo Imaging,Technology,Imaging Technology for Armed Forces,Bangalore,"WRV Capital, Qualcomm Ventures, Edelweiss Private Equity, Artiman Ventures",Private Equity,17000000.0,2017-09-12,early_2015_2019,2017,Technology
Get My Parking,Consumer Internet,Smart Parking Enabler,New Delhi,"IAN Fund, Beenext, Indian Angel Network",Private Equity,3000000.0,2017-09-12,early_2015_2019,2017,Consumer Internet
Glowroad,Consumer Internet,women focussed customer-to-customer reseller network,Bangalore,"Accel Partners,",Private Equity,2000000.0,2017-09-13,early_2015_2019,2017,Consumer Internet
OYO Rooms,Consumer Internet,udget hotel marketplace,Gurgaon,China Lodging Group,Private Equity,10000000.0,2017-09-13,early_2015_2019,2017,Consumer Internet
Unacademy,Consumer Internet,Online learning platform,Mumbai,"Sequoia Capital India, SAIF Partners, Nexus Venture Partners and Blume Ventures,",Private Equity,11500000.0,2017-09-13,early_2015_2019,2017,Consumer Internet
Heterogenous,Technology,Telecom & IoT platform,Chennai,"Chennai Angels, Keiretsu Forum & Others",Seed Funding,780000.0,2017-09-13,early_2015_2019,2017,Technology
Smaaash,Technology,Virtual Reality gaming and entertainment platform,Mumbai,ECL Finance,Private Equity,44000000.0,2017-09-14,early_2015_2019,2017,Technology
WheelStreet,Consumer Portal,Bike Rental Platform,Bangalore,Y Combinator,Seed Funding,120000.0,2017-09-14,early_2015_2019,2017,Other
The Moms Co,Ecommerce,Pregnancy & Baby Care product etailer,Gurgaon,"DSG Consumer Partners, Saama Capital",Private Equity,1000000.0,2017-09-18,early_2015_2019,2017,Ecommerce
High Radius,Technology,Integrated receivables software solutions,Hyderabad,Susquehanna Growth Equity LLC,Private Equity,50000000.0,2017-09-19,early_2015_2019,2017,Technology
SaveBC,Finance,financial services firm,Gaya,Incofin Investment Management.,Private Equity,6000000.0,2017-09-21,early_2015_2019,2017,Finance
Homergize,Ecommerce,Home Furnishing & Building material marketplace,Bangalore,LG Chandrasekhar,Private Equity,1000000.0,2017-09-21,early_2015_2019,2017,Ecommerce
Yatra.com,Ecommerce,Online Travel Agency,Gurgaon,InnoVen Capital India,Debt Funding,15400000.0,2017-09-22,early_2015_2019,2017,Ecommerce
Synup,Technology,SME Marketing Management Solution,Bangalore,"Vertex Ventures, Prime Venture Partners.",Private Equity,6000000.0,2017-09-25,early_2015_2019,2017,Technology
Rapido,Consumer Internet,Bike Aggregator Mobile App,Bangalore,Battery Road Digital Holdings LLC,Seed Funding,422000.0,2017-09-25,early_2015_2019,2017,Consumer Internet
Sportobuddy,Consumer Internet,Sports & Sport related equipment portal,Mumbai,Mehul Shah,Seed Funding,150000.0,2017-09-25,early_2015_2019,2017,Consumer Internet
Transerve,Technology,Geospatial Technology-based SaaS solutions,Mumbai,"IL&FS Investment Managers, Omidyar Network.",Private Equity,1600000.0,2017-09-27,early_2015_2019,2017,Technology
Pitstop,Consumer Internet,Car repair and Servicing Platform,Bangalore,"Blume Ventures, Goldbell Group, Anurag Srivastava, Shailesh Rao, Amiya Pathak, Rajesh Yohanan and Rahul Garg",Private Equity,1000000.0,2017-09-27,early_2015_2019,2017,Consumer Internet
MyUpchar,Consumer Internet,Local Language Health Information portal,New Delhi,LetsVenture,Seed Funding,300000.0,2017-09-27,early_2015_2019,2017,Consumer Internet
Aadyah,Technology,Defense Tech & Aerospace startup,Bangalore,Keiretsu Forum,Private Equity,1000000.0,2017-09-28,early_2015_2019,2017,Technology
TouchKin,Technology,Predictive Care Platform,Bangalore,Kae Capital,Private Equity,1300000.0,2017-08-01,early_2015_2019,2017,Technology
Zepo,Consumer Internet,DIY Ecommerce platform,Mumbai,"Kunal Shah, LetsVenture, Anupam Mittal, Hetal Sonpal",Seed Funding,500000.0,2017-08-02,early_2015_2019,2017,Consumer Internet
Click2Clinic,Consumer Internet,healthcare service aggregator,Hyderabad,"Narottam Thudi, Shireesh Palle",Seed Funding,850000.0,2017-08-02,early_2015_2019,2017,Consumer Internet
SpeedBox,Logistics,On-Demand Logistics Service provider,Mumbai,Cismat Cargo Services Pvt. Ltd.,Seed Funding,300000.0,2017-08-03,early_2015_2019,2017,Logistics
New Castle Technologies,Technology,Hospital Management Software,Chennai,Undisclosed investors,Seed Funding,243000.0,2017-08-08,early_2015_2019,2017,Technology
My Forex Eye,Consumer Internet,foreign exchange services,New Delhi,"Rahul Dev Kumar, Rajesh Mahajan, Ankit Sharma and others",Seed Funding,220000.0,2017-08-08,early_2015_2019,2017,Consumer Internet
TruxApp,Logistics,Mobile based Logistics Service,New Delhi,"Venugopal Dhoot, Ajay Bhatia, Tarun Khandelwal, Ganpat Singhvi, Mandhian family & Others",Seed Funding,3100000.0,2017-08-09,early_2015_2019,2017,Logistics
CroFarm,Technology,Agriculture Supply Chain solutions,Gurgaon,Factor[e] Ventures,Seed Funding,783000.0,2017-08-09,early_2015_2019,2017,Technology
Flipkart,Ecommerce,Online Marketplace,Bangalore,Softbank,Private Equity,2500000000.0,2017-08-11,early_2015_2019,2017,Ecommerce
Ola Cabs,Consumer Internet,App based cab aggregation Service,Gurgaon,Tekne Capital Management,Private Equity,36000000.0,2017-08-11,early_2015_2019,2017,Consumer Internet
Digilend,Technology,Personal Loans & EMI solutions platform,Mumbai,"InCred Finance, Fullerton India Credit Company Ltd",Seed Funding,312000.0,2017-08-14,early_2015_2019,2017,Technology
KNAB Finance,Consumer Internet,Unsecured Small Business Loans,Bangalore,"InCred, Krishnakumar Natarajan, Ravi Bhardwaj",Seed Funding,385000.0,2017-08-15,early_2015_2019,2017,Consumer Internet
Rootefy,Ecommerce,Building material online store,New Delhi,"Abhinav Gupta,",Seed Funding,187000.0,2017-08-20,early_2015_2019,2017,Ecommerce
Uniphore,Technology,speech recognition startup,Chennai,IDG Ventures,Private Equity,6800000.0,2017-08-21,early_2015_2019,2017,Technology
Cerebroz,Consumer Internet,E-Tech platform,Vadodara,Undisclosed HNI\\xe2\\x80\\x99s,Seed Funding,734000.0,2017-08-21,early_2015_2019,2017,Consumer Internet
Dhruva,Technology,Cloud data protection and management solutions,Pune,"Riverwood Capital, Sequoia Capital India, Nexus Venture Partners, Tenaya Capital",Private Equity,80000000.0,2017-08-23,early_2015_2019,2017,Technology
Bombay Shaving Company,Ecommerce,Men Grooming product etailer,New Delhi,Fireside Ventures,Private Equity,2300000.0,2017-08-23,early_2015_2019,2017,Ecommerce
Indiez,Technology,Software & Mobile app development platform,Bangalore,Haresh Chawla,Seed Funding,500000.0,2017-08-23,early_2015_2019,2017,Technology
Ezetap,Technology,mPOS solutions provider,Bangalore,"JS Capital Management, Social Capital, Horizons Ventures,",Private Equity,16000000.0,2017-08-24,early_2015_2019,2017,Technology
Ink Monk,Consumer Internet,Online printing marketplace,Chennai,"VAMM Ventures, Raksul, Dena",Seed Funding,750000.0,2017-08-25,early_2015_2019,2017,Consumer Internet
Medinfi,Consumer Internet,Online Doctor Discovery Platform,Bangalore,"PBS Srinivas, Vinod Martin,",Seed Funding,125000.0,2017-08-25,early_2015_2019,2017,Consumer Internet
Mobikon,Technology,Restaurant & Hotel CRM platform,Pune,"Sistema Asia Fund, C31 Ventures, Qualgro.",Private Equity,7000000.0,2017-08-28,early_2015_2019,2017,Technology
CureFit,Consumer Internet,End to End health and wellness platform.,Bangalore,"Accel Partners, IDG Ventures, Kalaari Capital,\\xc2\\xa0 UC-RNT fund",Private Equity,25000000.0,2017-08-29,early_2015_2019,2017,Consumer Internet
Doxper,Technology,Healthtech IoT platform,Mumbai,"idal Health, growx ventures, Capier Investments, Globevestor & others",Seed Funding,750000.0,2017-08-29,early_2015_2019,2017,Technology
Treebo,Consumer Internet,Budget Hotel Aggregator platform,Bangalore,"Ward Ferry Management and Karst Peak Capital,",Private Equity,34000000.0,2017-08-30,early_2015_2019,2017,Consumer Internet
MedGenome,Technology,Genomics Research and Diagnostics Solutions,Bangalore,"Sequoia India, Sofina s.a., Zodius Capital, Kris Gopalakrishnan, Lakshmi Narayanan,",Private Equity,30000000.0,2017-08-30,early_2015_2019,2017,Technology
Billion Loans,Consumer Internet,Peer to Peer Lending platform,Bangalore,Reliance Corporate Advisory Services Ltd,Seed Funding,1000000.0,2017-07-01,early_2015_2019,2017,Consumer Internet
Ecolibriumenergy,Technology,Energy management solutions provider,Ahmedabad,"Infuse Ventures, JLL",Private Equity,2600000.0,2017-07-03,early_2015_2019,2017,Technology
Droom,Ecommerce,Online marketplace for automobiles,Gurgaon,"Asset Management (Asia) Ltd, Digital Garage Inc",Private Equity,20000000.0,2017-07-04,early_2015_2019,2017,Ecommerce
Jumbotail,Ecommerce,online marketplace for food and grocery,Bangalore,"Kalaari Capital, Nexus India Capital Advisors",Private Equity,8500000.0,2017-07-05,early_2015_2019,2017,Ecommerce
Moglix,Ecommerce,B2B marketplace for Industrial products,Noida,"International Finance Corporation, Rocketship, Accel Partners, Jungle Ventures, Shailesh Rao, Venture Highway",Private Equity,12000000.0,2017-07-05,early_2015_2019,2017,Ecommerce
Timesaverz,Consumer Internet,Hyperlocal home services provider,Mumbai,BCCL,Private Equity,1000000.0,2017-07-05,early_2015_2019,2017,Consumer Internet
Clip App,Consumer Internet,Digital Media Video platform,Bangalore,"India Quotient, Shunwei Capital",Seed Funding,1000000.0,2017-07-07,early_2015_2019,2017,Consumer Internet
Autorox.co,Technology,Workshop Management Software Platform,Hyderabad,Mitsui & Co.,Private Equity,3000000.0,2017-07-10,early_2015_2019,2017,Technology
Fabogo,Consumer Internet,Salon & Spa Aggregation & Discovery platform,Pune,Dunamis Ventures Pte Ltd,Private Equity,2250000.0,2017-07-11,early_2015_2019,2017,Consumer Internet
Flickstree,Consumer Internet,Video Content Discovery Platform,Mumbai,"Venture Catalysts, Sourav Ganguly, Ankit Aditya, Moksh Sports Ventures",Seed Funding,464000.0,2017-07-11,early_2015_2019,2017,Consumer Internet
Innoviti,Technology,Digital payments solutions,Bangalore,"SBI-FMO Fund, Bessemer Venture Partners, Catamaran Ventures",Private Equity,18500000.0,2017-07-12,early_2015_2019,2017,Technology
QwikSpec,Technology,Construction site operations and analytics platform,Bangalore,"Brigade Innovations LLP, TV Mohandas Pai, Suhail Rahman, Bobby Reddy, M George Oommen",Seed Funding,540000.0,2017-07-14,early_2015_2019,2017,Technology
Chumbak,Ecommerce,Designer consumer products Marketplace,Bangalore,Blacksoil Capital Pvt. Ltd,Private Equity,1700000.0,2017-07-14,early_2015_2019,2017,Ecommerce
Increff,Technology,Sales Solutions for Fashion Brands,Bangalore,"Sequoia Capital, Grey Orange, Rajesh Ramaiah, Anshuman Das, Rishi Das",Seed Funding,2000000.0,2017-07-17,early_2015_2019,2017,Technology
Vayana,Technology,Enterprise Banking Solutions,Pune,"IDG Ventures India Advisors, Jungle Ventures",Private Equity,4000000.0,2017-07-17,early_2015_2019,2017,Technology
Rentomojo,Consumer Internet,Consumer Leasing Platform,Bangalore,"ain Capital Ventures, Renaud Laplanche",Private Equity,10000000.0,2017-07-19,early_2015_2019,2017,Consumer Internet
Playablo,Technology,Gamified Learning App,Bangalore,ABI-Showatech (India) Ltd,Seed Funding,600000.0,2017-07-19,early_2015_2019,2017,Technology
Trupay,Technology,Online payments platform,Gurgaon,"Kae Capital, M&S Partners,",Seed Funding,700000.0,2017-07-20,early_2015_2019,2017,Technology
Brick2Wall,Ecommerce,Online Marketplace for Construction Material,Gurgaon,"Subramani Somasundaram, Sundeep Sahni, Mayank Mittal & Others",Seed Funding,200000.0,2017-07-21,early_2015_2019,2017,Ecommerce
Noticeboard,Consumer Internet,Mobile-first Enterprise communication platform,Bangalore,"Stellaris Venture Partners,",Private Equity,1200000.0,2017-07-25,early_2015_2019,2017,Consumer Internet
Byju\\xe2\\x80\\x99s,Consumer Internet,Mobile Learning App,Bangalore,Tencent Holdings,Private Equity,35000000.0,2017-07-25,early_2015_2019,2017,Consumer Internet
Fab Hotels,Consumer Internet,Budget hotels brand & Aggregator Platform,New Delhi,Goldman Sachs,Private Equity,25000000.0,2017-07-26,early_2015_2019,2017,Consumer Internet
ThinkerBell,Consumer Internet,Assisted Learning Startup,Bangalore,"Indian Angel Network, Anand Mahindra",Seed Funding,200000.0,2017-07-26,early_2015_2019,2017,Consumer Internet
1mg,Ecommerce,Online Pharmacy,Gurgaon,"HBM Healthcare Investments, Maverick Capital Ventures, Sequoia India, Omidyar Network and Kae Capital",Private Equity,15000000.0,2017-07-27,early_2015_2019,2017,Ecommerce
BigStylist,Consumer Internet,Beauty Services Marketplace,Mumbai,Info Edge (India) Ltd,Private Equity,1250000.0,2017-07-28,early_2015_2019,2017,Consumer Internet
RentOnGo,Ecommerce,"Online Marketplace for Renting Bikes, Electronics & Appliances",Bangalore,TVS Motor Company,Seed Funding,234000.0,2017-06-02,early_2015_2019,2017,Ecommerce
Goomo,Consumer Internet,Online Travel & Holiday Booking platform,Mumbai,Emerging India,Private Equity,50000000.0,2017-06-05,early_2015_2019,2017,Consumer Internet
Spinny,Ecommerce,Online Used Car marketplace,Gurgaon,"Blume Ventures, Indian Angel Network, Kunal Shah, Sandeep Tandon",Private Equity,1000000.0,2017-06-06,early_2015_2019,2017,Ecommerce
BHIVE Workspace,Consumer Internet,co-working spaces,Bangalore,Blume Ventures,Private Equity,1200000.0,2017-06-06,early_2015_2019,2017,Consumer Internet
wayForward,Consumer Internet,Mobile app for Mental Health,New Delhi,"Harsh Mahajan, Farhan Naqvi, Sreepathy Viswanathan",Seed Funding,1000000.0,2017-06-06,early_2015_2019,2017,Consumer Internet
ZipLoan,Consumer Internet,Online lending platform,New Delhi,WaterBridge Ventures,Seed Funding,650000.0,2017-06-07,early_2015_2019,2017,Consumer Internet
GrowFitter,Consumer Internet,health and fitness discovery platform,Mumbai,SQue Capital,Seed Funding,600000.0,2017-06-07,early_2015_2019,2017,Consumer Internet
Stratfit,Consumer Internet,Health coaching programs,Hyderabad,Bodhtree Consulting Limited,Seed Funding,232000.0,2017-06-08,early_2015_2019,2017,Consumer Internet
Multiplier Solutions,Technology,CRM Software for Healthcare space,Hyderabad,Norwest Venture Partners,Private Equity,1500000.0,2017-06-08,early_2015_2019,2017,Technology
ABI Health,Technology,Unified Digital Health Platform,Bangalore,Norwest Venture Partners,Private Equity,1500000.0,2017-06-08,early_2015_2019,2017,Technology
Stockal,Consumer Internet,App-based Investment advisory Services,Bangalore,"Mohan Alexander, R. Natarajan, Vikrant Varshney, Amit Sinha",Seed Funding,350000.0,2017-06-08,early_2015_2019,2017,Consumer Internet
Guidoo,Consumer Internet,Travel & adventure planning platform,Mumbai,"Pawan Borle, Nirmal Singh, Manish Prasad, Vineet Varma, Nick Haulkoury, Abhai S. Rao",Seed Funding,300000.0,2017-06-09,early_2015_2019,2017,Consumer Internet
eSahai.in,Consumer Internet,ambulance aggregator and medical taxi provider,Hyderabad,"Dr Ramesh Ayyala, Satya Muthyala",Seed Funding,250000.0,2017-06-09,early_2015_2019,2017,Consumer Internet
LendingKart,Consumer Internet,Online Lending platform,Ahmedabad,Yes Bank,Debt Funding,7800000.0,2017-06-12,early_2015_2019,2017,Consumer Internet
Boxx.ai,Technology,Artificial Intelligence,Bangalore,"Unicorn India Ventures, Venky Krishnakumar, Suresh Shankar, Vivek Bhargava",Private Equity,500000.0,2017-06-12,early_2015_2019,2017,Technology
PeeSafe.in,Healthcare,Hygiene care product manufacturer,New Delhi,"Venture Catalysts, Alfa Capital, Green Shots Capital, Real Time Ventures",Private Equity,1000000.0,2017-06-12,early_2015_2019,2017,Healthcare
Vista Rooms,Consumer Internet,Online rooms aggregation platform,Mumbai,"Artha India Ventures, Singularity Holdings, Rajan Anandan, Girish Mathrubootham",Seed Funding,776000.0,2017-06-12,early_2015_2019,2017,Consumer Internet
CoverFox,Consumer Internet,Online insurance brokerage platform,Mumbai,Transamerica,Private Equity,15000000.0,2017-06-12,early_2015_2019,2017,Consumer Internet
Goodera,Technology,CSR and sustainability management platform,Bangalore,"Nexus Venture Partners, Omidyar Network",Private Equity,5500000.0,2017-06-13,early_2015_2019,2017,Technology
Ola,Consumer Internet,Cab Aggregation App,Bangalore,Tekne Capital Management LLC,Private Equity,50000000.0,2017-06-14,early_2015_2019,2017,Consumer Internet
MrNeeds,Consumer Internet,Micro Food Delivery platform,Noida,undisclosed investors,Seed Funding,500000.0,2017-06-14,early_2015_2019,2017,Consumer Internet
MoneyTap,Consumer Internet,Money Lending platform,Bangalore,"Sequoia India, NEA, Prime Venture Partners",Private Equity,12300000.0,2017-06-15,early_2015_2019,2017,Consumer Internet
Goodbox,Ecommerce,Mobile SAAS\\xc2\\xa0 ECommerce platform for SMEs,Bangalore,"Nexus Venture Partners, Mekin Maheshwari",Private Equity,1000000.0,2017-06-16,early_2015_2019,2017,Ecommerce
Fincash,Consumer Internet,Personal Finance platform,Mumbai,"Mohammed Khan, Sameer Narayan & Others",Seed Funding,100000.0,2017-06-16,early_2015_2019,2017,Consumer Internet
PortDesk,Technology,Maritime Solutions,Noida,Alphard Maritime Group,Seed Funding,2000000.0,2017-06-16,early_2015_2019,2017,Technology
Unbxd,Technology,Cloud-based product discovery platform,Bangalore,Eight Roads Ventures,Private Equity,12500000.0,2017-06-19,early_2015_2019,2017,Technology
DarwinBox,Technology,Enterprise human resources management platform,Hyderabad,"Lightspeed India Partners, Endiya Partners, 3one4 Capital Advisors LLP, Startupxseed Ventures LLP",Private Equity,4000000.0,2017-06-19,early_2015_2019,2017,Technology
ForeverShop,Consumer Internet,Mobile based ecommerce platform,Bangalore,91maker.com,Seed Funding,300000.0,2017-06-20,early_2015_2019,2017,Consumer Internet
Insider.in,Consumer Internet,Events Ticketing platform,Mumbai,Paytm,Private Equity,5200000.0,2017-06-20,early_2015_2019,2017,Consumer Internet
Fynd,Ecommerce,Fashion etailer,Mumbai,"IIFL Seed Ventures, Kae Capital, FJ Labs, Singularity Ventures, GrowX, Tracxn Labs, Axis Capital",Private Equity,2400000.0,2017-06-21,early_2015_2019,2017,Ecommerce
Grow Fit,Consumer Internet,Health-Tech platform,Bangalore,"Manipal Education and Medical Group (MEMG), SAR Group, The Grover Trust",Private Equity,4500000.0,2017-06-21,early_2015_2019,2017,Consumer Internet
Fabulyst,Technology,Artificial Intelligence based platform,Hyderabad,iBhubs,Seed Funding,215000.0,2017-06-21,early_2015_2019,2017,Technology
mSwipe,Technology,Point-of-Sale services,Mumbai,"UC-RNT Fund, Matrix Partners, alcon Edge Capital, DSG Consumer Partners",Private Equity,31000000.0,2017-06-21,early_2015_2019,2017,Technology
Julia Computing,Technology,Open Source Language for Data Science and Machine Learning,Bangalore,"General Catalyst, Founder Collective",Private Equity,4600000.0,2017-06-22,early_2015_2019,2017,Technology
Kissht,Consumer Internet,Consumer Lending platform,Mumbai,"Endiya Partners, Ventureast",Private Equity,2000000.0,2017-06-22,early_2015_2019,2017,Consumer Internet
Explore Life traveling,Consumer Internet,Local homes booking platform,Bangalore,"Mekin Maheshwari, Bharat Vijay, Krish Seshadri, Amar Arsikere",Seed Funding,500000.0,2017-06-22,early_2015_2019,2017,Consumer Internet
Loantap,Consumer Internet,Lending platform for salaried professionals,Mumbai,"Kae Capital, India Quotient, IFMR, and MAS Financial Services Ltd",Private Equity,4000000.0,2017-06-23,early_2015_2019,2017,Consumer Internet
Voxweb,Consumer Internet,Mobile based social networking platform,Mumbai,Undisclosed investors,Seed Funding,1000000.0,2017-06-23,early_2015_2019,2017,Consumer Internet
HUG Innovations,Technology,Gesture based\\xc2\\xa0 Smartwatch manufacturer,Hyderabad,"Mohit Srivastav, Kishore Ganji, Venkat Vallabhaneni, Rajeev Menon",Private Equity,5000000.0,2017-06-26,early_2015_2019,2017,Technology
Flipkart,Ecommerce,Online marketplace,Bangalore,Naspers,Private Equity,71000000.0,2017-06-26,early_2015_2019,2017,Ecommerce
V Resorts,Consumer Internet,Holiday & Vacation resort aggregator,Noida,"Seedfund, RB International",Private Equity,4000000.0,2017-06-26,early_2015_2019,2017,Consumer Internet
Stashfin,Consumer Internet,Personal Finance App,New Delhi,"Snow Leopard Ventures, Alto Partners",Private Equity,5000000.0,2017-06-27,early_2015_2019,2017,Consumer Internet
Spares Hub,Ecommerce,Automobile parts marketplace,Pune,"The Chennai Angels, Anthill Scale Ventures, Esvee Technologies Inc, Inc95 Consulting",Seed Funding,311000.0,2017-06-27,early_2015_2019,2017,Ecommerce
Rubique,Consumer Internet,Online Marketplace for financial products,Mumbai,"Kalaari Capital, Udayan Goyal",Private Equity,3000000.0,2017-06-28,early_2015_2019,2017,Consumer Internet
Niki.ai,Consumer Internet,AI Based Personal Assistant,Bangalore,"SAP.iO, Unilazer Ventures",Private Equity,2000000.0,2017-06-28,early_2015_2019,2017,Consumer Internet
Fitpass,Consumer Internet,Online Fitness Marketplace,New Delhi,"Abhinav Bindra, Gaurav Marya",Private Equity,1000000.0,2017-06-29,early_2015_2019,2017,Consumer Internet
Tagos Design,Technology,in-video discovery platform,Bangalore,Undisclosed Investors,Private Equity,5000000.0,2017-06-30,early_2015_2019,2017,Technology
UrbanClap,Consumer Internet,Mobile Services Marketplace,Gurgaon,"Vy Capital, SAIF Partners, Accel Partner, Bessemer Venture Partners",Private Equity,21000000.0,2017-06-30,early_2015_2019,2017,Consumer Internet
Ace2three,Consumer Internet,Online Rummy playing Website,Hyderabad,Clairvest Group,Private Equity,73700000.0,2017-05-01,early_2015_2019,2017,Consumer Internet
Power2SME,Ecommerce,Buying portal for SMEs,Gurgaon,International Finance Corporation,Private Equity,10000000.0,2017-05-01,early_2015_2019,2017,Ecommerce
Innovapptive,Technology,Enterprise Mobility Solutions,Hyderabad,Hyderabad Angels,Seed Funding,1500000.0,2017-05-02,early_2015_2019,2017,Technology
4tigo,Logistics,Truck Network company,Bangalore,"Accel Partners, Nandan Nilekani,",Private Equity,10000000.0,2017-05-02,early_2015_2019,2017,Logistics
ZippServe,Consumer Internet,Real estate risk assessment platform,Bangalore,undisclosed investors,Seed Funding,390000.0,2017-05-02,early_2015_2019,2017,Consumer Internet
Ola,Consumer Internet,Cab Aggregation App,Bangalore,"Falcon Edge Capital,\\xc2\\xa0 Capital Advisers",Private Equity,104500000.0,2017-05-03,early_2015_2019,2017,Consumer Internet
Sumeru,Technology,Software & Mobile development services,Bangalore,undisclosed investors,Seed Funding,1000000.0,2017-05-03,early_2015_2019,2017,Technology
Balance App,Consumer Internet,Money Savings & Management App,Bangalore,Rainmatter,Seed Funding,233000.0,2017-05-05,early_2015_2019,2017,Consumer Internet
YepMe,Ecommerce,Private Label Fashion etailer,Gurgaon,"Rainbow Digital Services Pvt. Ltd, ILearnFinance Academy Pvt. Ltd.",Private Equity,700000.0,2017-05-08,early_2015_2019,2017,Ecommerce
MyGreens,Food & Beverage,Cold-press Juices manufacturer,New Delhi,"Ajay Relan, LetsVenture",Seed Funding,1000000.0,2017-05-08,early_2015_2019,2017,Food & Beverage
Ace Turtle,Technology,Omni-Channel Platform,Bangalore,"Vertex Ventures, C31 Ventures",Private Equity,5000000.0,2017-05-08,early_2015_2019,2017,Technology
CureFit,Technology,Health-Tech Platform,Bangalore,"Trifecta Capital Advisors LLP, Prathithi Investment Trust, RNT Capital, Gokul Rajaram, Aditya Agarwal, Ruchi Sanghvi & others",Private Equity,3200000.0,2017-05-08,early_2015_2019,2017,Technology
Curie Labs,Technology,Energy Analytics startup,New Delhi,Satoshi Studios,Seed Funding,50000.0,2017-05-09,early_2015_2019,2017,Technology
Vidooly,Consumer Internet,Video Intelligence platform,Noida,"Times Internet, GVFL",Private Equity,1400000.0,2017-05-10,early_2015_2019,2017,Consumer Internet
Shopclues,Ecommerce,Online marketplace,Gurgaon,InnoVen Capital,Private Equity,7700000.0,2017-05-10,early_2015_2019,2017,Ecommerce
Fourth Ambit,Consumer Internet,Community Building platform,Bangalore,1Crowd,Seed Funding,600000.0,2017-05-10,early_2015_2019,2017,Consumer Internet
Early Salary,Consumer Internet,Online lending platform,Pune,"DG Ventures India, Dewan Housing Finance Corp",Private Equity,4000000.0,2017-05-11,early_2015_2019,2017,Consumer Internet
Legal Raasta,Consumer Internet,Legal Services to SMEs & Individuals,New Delhi,Impanix Capital,Private Equity,5000000.0,2017-05-12,early_2015_2019,2017,Consumer Internet
Remit Guru,Consumer Internet,Digital money transfer platform,Mumbai,"Infibeam, CCavenue",Private Equity,466000.0,2017-05-12,early_2015_2019,2017,Consumer Internet
Aequm,Ecommerce,Cloud ECommerce platform,Bangalore,undisclosed investors,Seed Funding,1000000.0,2017-05-12,early_2015_2019,2017,Ecommerce
Zapty,Technology,Project Management tool,Bangalore,IdeaSpring Capital,Seed Funding,500000.0,2017-05-15,early_2015_2019,2017,Technology
Telr,Technology,Online Payment Gateway,Mumbai,Innovations East,Private Equity,3000000.0,2017-05-16,early_2015_2019,2017,Technology
Fynd,Ecommerce,Fashion ECommerce Portal,Mumbai,Rocketship,Private Equity,500000.0,2017-05-16,early_2015_2019,2017,Ecommerce
Genie,Consumer Internet,hyperlocal delivery and logistics mobile app,Chennai,undisclosed investors,Seed Funding,250000.0,2017-05-17,early_2015_2019,2017,Consumer Internet
Paysense,Consumer Internet,Online Lending platform,Mumbai,Jungle Ventures,Private Equity,5300000.0,2017-05-17,early_2015_2019,2017,Consumer Internet
The Good Life,Ecommerce,Online Luxury Tea etailer,Mumbai,"Ayesha Takia Azmi, Abu Farhan Azmi",Seed Funding,1000000.0,2017-05-18,early_2015_2019,2017,Ecommerce
Paytm,Ecommerce,Mobile Wallet & ECommerce platform,Bangalore,SoftBank Group,Private Equity,1400000000.0,2017-05-18,early_2015_2019,2017,Ecommerce
EzCred,Consumer Internet,Consumer Lending Platform,Bangalore,"Dheeraj Pandey, Rajesh Yohannan, Akash Garg",Seed Funding,1000000.0,2017-05-19,early_2015_2019,2017,Consumer Internet
Delhivery,Logistics,ECommerce Logistics provider,New Delhi,Fosun International,Private Equity,30000000.0,2017-05-22,early_2015_2019,2017,Logistics
ZipGrid,Consumer Internet,"Cashless, paperless solutions for Housing societies",Mumbai,"JLL, 1Crowd",Seed Funding,500000.0,2017-05-22,early_2015_2019,2017,Consumer Internet
Magicpin,Consumer Internet,Hyperlocal discovery platform,Gurgaon,"Lightspeed Venture Partners, Vy Capital,",Private Equity,6600000.0,2017-05-23,early_2015_2019,2017,Consumer Internet
Box8,Consumer Internet,Food Delivery Platform,Mumbai,Trifecta Capital,Private Equity,1000000.0,2017-05-23,early_2015_2019,2017,Consumer Internet
GenNext Students,Consumer Internet,Online Tutoring Services,Mumbai,Undisclosed Investors,Seed Funding,580000.0,2017-05-24,early_2015_2019,2017,Consumer Internet
Aye Finance,Finance,Non-Banking Financial Company,Gurgaon,Blue Orchard,Private Equity,8000000.0,2017-05-25,early_2015_2019,2017,Finance
Collateral Medical,Ecommerce,Online Medical equipment supplier,Mumbai,Carpediem Capital,Private Equity,3500000.0,2017-05-29,early_2015_2019,2017,Ecommerce
Supr Daily,Consumer Internet,Subscription based delivery platform,Mumbai,"Soma Capital, Great Oaks Ventures, 122 West Ventures",Private Equity,1500000.0,2017-05-30,early_2015_2019,2017,Consumer Internet
Swiggy,Consumer Internet,Online food delivery platform,Bangalore,"Nasper, Accel India, SAIF Partners, Bessemer Venture Partners, Harmony Partners, Norwest Venture Partners",Private Equity,80000000.0,2017-05-30,early_2015_2019,2017,Consumer Internet
SastaSundar,Ecommerce,Online Pharmacy,Kolkata,Rohto Pharmaceutical,Private Equity,5000000.0,2017-05-31,early_2015_2019,2017,Ecommerce
Magicpin,Consumer Internet,Hyperlocal Discovery\\xc2\\xa0 & Rewards platform,Gurgaon,"Lightspeed India Partners, Waterbridge Ventures",Private Equity,7000000.0,2017-05-31,early_2015_2019,2017,Consumer Internet
Cashe,Consumer Internet,Online & Mobile based Lending platform,Mumbai,"Mathew Cyriac, Florintree Advisors,",Private Equity,3800000.0,2017-04-01,early_2015_2019,2017,Consumer Internet
Eruditus,Education,Executive Education Provider,Mumbai,Bertelsmann India,Private Equity,8200000.0,2017-04-03,early_2015_2019,2017,Education
Healthcare at Home,Healthcare,Home Healthcare Provider,Noida,Quadria Capital Advisors,Private Equity,40000000.0,2017-04-03,early_2015_2019,2017,Healthcare
WayCool,Food & Beverage,Fresh-Produce Distribution Platform,Chennai,Aspada Investments,Private Equity,2700000.0,2017-04-04,early_2015_2019,2017,Food & Beverage
Perfios,Technology,Fin-Tech Solutions,Bangalore,Bessemer Venture Partners,Private Equity,6100000.0,2017-04-04,early_2015_2019,2017,Technology
Whatfix,Technology,Interactive Tech-Support Guides,Bangalore,"Stellaris Venture Partners, Helion Venture Partners, Powerhouse Ventures, Gokul Rajaram, Girish Mathrubootham, Aneesh Reddy, Vispi Daver",Private Equity,3690000.0,2017-04-04,early_2015_2019,2017,Technology
ElastiRun,Technology,App based Logistics & Distribution platform,Pune,"Kalaari Capital, Norwest Venture Partners",Private Equity,7000000.0,2017-04-04,early_2015_2019,2017,Technology
Trukky,Consumer Internet,Online Truck Aggregator & Booking platform,Ahmedabad,"Keyur Joshi, Pavan Bakeri",Seed Funding,500000.0,2017-04-04,early_2015_2019,2017,Consumer Internet
Konsult App,Consumer Internet,App based Doctor Consulting platform,New Delhi,"Koen Bouwers, Lomesh Agarwal, Jeroen Mensen, Pablo van den Bosch & Others",Seed Funding,500000.0,2017-04-04,early_2015_2019,2017,Consumer Internet
Fingerlix,Consumer Internet,Food Delivery Platform,Mumbai,Zephyr Peacock India,Private Equity,3000000.0,2017-04-05,early_2015_2019,2017,Consumer Internet
Medwell Ventures,Healthcare,Home-Based Healthcare provider,Bangalore,"Mahindra Partners, Eight Roads Ventures, F-Prime Capital Partners",Private Equity,21000000.0,2017-04-06,early_2015_2019,2017,Healthcare
Mech Mocha,Consumer Internet,Mobile gaming startup,Bangalore,"Accel Partners, Shunwei Capital",Private Equity,5000000.0,2017-04-06,early_2015_2019,2017,Consumer Internet
PharmEasy,Ecommerce,Online Pharmacy,Mumbai,"Bessemer Venture Partners, Orios Venture Partners, Trifecta Capital,",Private Equity,18000000.0,2017-04-07,early_2015_2019,2017,Ecommerce
FastFox,Consumer Internet,Online rental discovery platform,Gurgaon,"Lightspeed India Partners, Blume Ventures, CyberAgent Ventures, GrowX Ventures, IMJ Investment Partners",Private Equity,4600000.0,2017-04-08,early_2015_2019,2017,Consumer Internet
Omnify,Technology,SaaS platform for SMEs,Bangalore,"Rajan Anandan, L.D Sharma, Saurabh Arora",Seed Funding,150000.0,2017-04-10,early_2015_2019,2017,Technology
Capital Float,Consumer Internet,Online Lending Platform for SME,Bangalore,Mahindra and Mahindra Financial Services,Private Equity,2300000.0,2017-04-10,early_2015_2019,2017,Consumer Internet
Ninjacart,Ecommerce,B2B agri-marketing platform,Bangalore,"Accel Partners, Nandan Nilekani\\xe2\\x80\\x99s NRJN Trust, Mistletoe, Qualcomm Ventures, M&S Partners",Private Equity,5500000.0,2017-04-11,early_2015_2019,2017,Ecommerce
MergerWare,Technology,Software solutions for M&As,Bangalore,Philippe Bouchet,Seed Funding,100000.0,2017-04-11,early_2015_2019,2017,Technology
Clovia,Ecommerce,Online lingerie & Sleepwear etailer,New Delhi,"Ivycap Ventures Advisors, Singularity Ventures and Ravi Dhariwal",Private Equity,4000000.0,2017-04-12,early_2015_2019,2017,Ecommerce
Emiza,Logistics,Third Party Logistics provider,Mumbai,"Mayfield, Nishant Rao, Dileep Nath",Private Equity,4500000.0,2017-04-12,early_2015_2019,2017,Logistics
HackerEarth,Consumer Internet,Online Skill Assessment Platform,Bangalore,"DHI Group Inc, Prime Venture Partners, Beenext, Beenos, Digital Garage, BizReach",Private Equity,4500000.0,2017-04-12,early_2015_2019,2017,Consumer Internet
Squadrun,Technology,Software-As-a-Service Platform,Noida,"Blume Ventures, Contrarian Capital, 91springboard, Emergent Ventures, Abstract Ventures, Anthill Ventures, Axilor Ventures",Private Equity,2100000.0,2017-04-12,early_2015_2019,2017,Technology
WeAreHolidays,Consumer Internet,Travel Packages & Planner marketplace,Gurgaon,"Urrshila Kerkar,",Private Equity,7700000.0,2017-04-13,early_2015_2019,2017,Consumer Internet
Ola Cabs,Consumer Internet,Cab Aggregator App,Bangalore,SIMI Pacific Pte,Private Equity,260000000.0,2017-04-14,early_2015_2019,2017,Consumer Internet
Myly,Consumer Internet,Mobile App for Schools,Jaipur,mall Industries Development Bank of India (SIDBI),Seed Funding,310000.0,2017-04-15,early_2015_2019,2017,Consumer Internet
CrediHealth,Consumer Internet,Online Medical Assistance platform,Gurgaon,"Tolaram Inc, Mountain Pine Capital",Private Equity,1500000.0,2017-04-17,early_2015_2019,2017,Consumer Internet
Snackible,Food & Beverages,Healthy Snacks manufacturer,Mumbai,"Nibhrant Shah, Anandbir Singh, Anirudh Sheth, Pratik Singhi, Vikram Mehta, Murali Nair",Seed Funding,175000.0,2017-04-17,early_2015_2019,2017,Other
Be U Salons,Consumer Internet,Online Salon discovery & Booking Services,New Delhi,"Gaurav Kachru, Sundeep Singh Sahni, Jatin Aneja, Arun Malhotra",Seed Funding,620000.0,2017-04-17,early_2015_2019,2017,Consumer Internet
LendingKart,Consumer Internet,Lending platform for small businesses,Ahmedabad,Anicut Capital,Private Equity,4650000.0,2017-04-17,early_2015_2019,2017,Consumer Internet
Innefu Security Consulting,Technology,Cyber Security solutions using AI,New Delhi,IndiaNivesh Venture Capital Fund,Private Equity,2000000.0,2017-04-18,early_2015_2019,2017,Technology
Whodat,Technology,Markerless AR platform,Bangalore,Ideaspring Capital,Private Equity,600000.0,2017-04-18,early_2015_2019,2017,Technology
Absentia VR,Technology,Virtual Reality Startup,Bangalore,Exfinity Venture Partners,Private Equity,1250000.0,2017-04-18,early_2015_2019,2017,Technology
IOTrek,Technology,IoT Platform for Bus,New Delhi,Undisclosed Investor,Seed Funding,155000.0,2017-04-19,early_2015_2019,2017,Technology
HolaChef,Consumer Internet,Online Food Delivery,Mumbai,"SIDBI Venture Capital Ltd, Kalaari Capital",Private Equity,3000000.0,2017-04-20,early_2015_2019,2017,Consumer Internet
Video Ken,Consumer Internet,Video Based Collaborative Learning,Bangalore,"Ravi Garikipati, Surot Chatterjee, Ashish Agrawal, LG Chandrasekhar, Sashi Reddi",Seed Funding,1000000.0,2017-04-21,early_2015_2019,2017,Consumer Internet
Faasos,Food & Beverage,QSR chain and online food delivery,Pune,"Ligthbox Ventures II, Lightbox Expansion Fund, Sequoia Capital India, RuNet South Asia, RB Investments",Private Equity,6300000.0,2017-04-24,early_2015_2019,2017,Food & Beverage
Oyo Rooms,Consumer Internet,Branded Budget Hotels Aggregator,Gurgaon,"SoftBank Vision Fund, Lightspeed Venture Partners, Sequoia Capital India Advisors, Greenoaks Capital Partners",Private Equity,250000000.0,2017-04-24,early_2015_2019,2017,Consumer Internet
Toppr,Consumer Internet,Learning mobile app for students,Mumbai,WGG International,Private Equity,3200000.0,2017-04-24,early_2015_2019,2017,Consumer Internet
The Office Pass,Consumer Internet,CoWorking Spaces booking platform,Gurgaon,"Arun Tadanki, Aditya Verma",Seed Funding,245000.0,2017-04-25,early_2015_2019,2017,Consumer Internet
UrbanClap,Consumer Internet,Mobile Services Marketplace,Gurgaon,Trifecta Capital,Private Equity,3100000.0,2017-04-25,early_2015_2019,2017,Consumer Internet
Awfis,Consumer Internet,Collaborative co-Working Spaces,Mumbai,Sequoia India,Private Equity,20000000.0,2017-04-26,early_2015_2019,2017,Consumer Internet
Flytxt,Technology,Customer data analytics software,Mumbai,DAH Beteiligungs GmbH,Private Equity,11000000.0,2017-04-26,early_2015_2019,2017,Technology
Howdy Ventures,Consumer Internet,Public and Private Events creation app,Chennai,S. Xavier Britto,Seed Funding,1500000.0,2017-04-26,early_2015_2019,2017,Consumer Internet
StalkBuyLove,Ecommerce,Online fashion marketplace,New Delhi,Trifecta Capital,Private Equity,1000000.0,2017-04-26,early_2015_2019,2017,Ecommerce
Scootsy,Consumer Internet,On-Demand Food Delivery,Mumbai,"Agnus Capital, Khattar Holdings",Private Equity,3600000.0,2017-04-27,early_2015_2019,2017,Consumer Internet
iNurture,Consumer Internet,Online Educational courses,Bangalore,BlackSoil Capital Pvt. Ltd,Private Equity,1500000.0,2017-04-27,early_2015_2019,2017,Consumer Internet
Sepalika,Consumer Internet,Healthcare related content platform,New Delhi,Accel Partners,Seed Funding,750000.0,2017-04-28,early_2015_2019,2017,Consumer Internet
Ola,Consumer Internet,App based cab aggregator,Bangalore,SoftBank Group Corp,Private Equity,330000000.0,2017-03-01,early_2015_2019,2017,Consumer Internet
Belong,Consumer Internet,Online Jon Portal,Bangalore,Sequoia Capital India,Private Equity,10000000.0,2017-03-01,early_2015_2019,2017,Consumer Internet
Celes Care,Consumer Internet,Women Healthcare & Information portal,Hyderabad,"Ventureast, Endiya Partners, Eight Roads Ventures, F-Prime Capital Partners",Private Equity,1500000.0,2017-03-02,early_2015_2019,2017,Consumer Internet
Karomi,Technology,Packaging Artwork Management software,Chennai,Ideaspring Capital,Seed Funding,500000.0,2017-03-02,early_2015_2019,2017,Technology
Red Carpet,Consumer Internet,Micro Lending platform,Gurgaon,Lightspeed Venture Partners,Private Equity,2500000.0,2017-03-02,early_2015_2019,2017,Consumer Internet
CreditMantri,Consumer Internet,Online Credit score & lending platform,Chennai,Quona Capital,Private Equity,7600000.0,2017-03-02,early_2015_2019,2017,Consumer Internet
Tydy,Technology,Employee Onboarding and Engagement platform,Bangalore,"Bhupen Shah, Jayesh Parekh, Sanjay Sathe",Seed Funding,275000.0,2017-03-03,early_2015_2019,2017,Technology
Oho Shop,Technology,eCommerce Mobile App Builder,Ahmedabad,"Bennett, Coleman and Company Ltd",Private Equity,6700000.0,2017-03-03,early_2015_2019,2017,Technology
Paytm Marketplace,Ecommerce,ECommerce Marketplace,Bangalore,Alibaba,Private Equity,200000000.0,2017-03-03,early_2015_2019,2017,Ecommerce
iGenetics,Healthcare,Health Diagnostic Solutions,Mumbai,CDC Group Plc,Private Equity,19500000.0,2017-03-04,early_2015_2019,2017,Healthcare
Juno Clinic,Consumer Internet,Online Counseling Platform,Mumbai,Atul Nishar,Seed Funding,1200000.0,2017-03-06,early_2015_2019,2017,Consumer Internet
Summerlabel,Consumer Internet,Fashion and Lifestyle discovery platform,Gurgaon,"Aneesh Seth, Tushar Mittal",Seed Funding,150000.0,2017-03-06,early_2015_2019,2017,Consumer Internet
PickMe,Consumer Internet,Gadget Insurance & Repair Services platform,Mumbai,SIDBI Venture Capital Fund,Private Equity,1790000.0,2017-03-06,early_2015_2019,2017,Consumer Internet
Agrostar,Technology,Direct-to-Farmer Mobile-Based Retail platform,Pune,Accel Partners,Private Equity,10000000.0,2017-03-07,early_2015_2019,2017,Technology
Zapr,Technology,"DSP, TV Analytics & Cross-Platform advertising",Bangalore,Star India Pvt Ltd,Private Equity,10000000.0,2017-03-07,early_2015_2019,2017,Technology
Data Resolve,Technology,Cyber Security Solutions,Noida,IDFC Parampara Early Stage Opportunities Fund,Private Equity,1000000.0,2017-03-07,early_2015_2019,2017,Technology
Book Servicing,Consumer Internet,Online Vehicle Services Booking platform,New Delhi,National Science and Technology Entrepreneurship Development Board,Seed Funding,30000.0,2017-03-07,early_2015_2019,2017,Consumer Internet
Blowhorn,Consumer Internet,Intra-City Logistics provider,Bangalore,"IDG Ventures India, Michael & Susan Dell Foundation, Draper Associates, Unitus Seed Fund",Private Equity,3650000.0,2017-03-07,early_2015_2019,2017,Consumer Internet
Rivigo,Logistics,Technology Enabled Logistics Company,Gurgaon,Private Sector Banks (Debt Funding),Private Equity,15000000.0,2017-03-08,early_2015_2019,2017,Logistics
PipeCandy,Technology,Intelligent Sales Prospecting Platform,Chennai,"IDG ventures, Axilor Ventures, Emergent Ventures, Indian Angel Network",Seed Funding,1100000.0,2017-03-08,early_2015_2019,2017,Technology
Supr Daily,Consumer Internet,Subscription based Home Delivery Platform,Mumbai,Y Combinator,Seed Funding,120000.0,2017-03-08,early_2015_2019,2017,Consumer Internet
AppBrowzer,Consumer Internet,Instant Mobile Apps Store,Bangalore,Deepak Gurnani,Seed Funding,500000.0,2017-03-09,early_2015_2019,2017,Consumer Internet
MagicBricks,Consumer Internet,Online Real Estate Portal,Mumbai,Times Internet Ltd,Private Equity,4500000.0,2017-03-09,early_2015_2019,2017,Consumer Internet
PeeBuddy,Healthcare,Female Hygiene product manufacturer,New Delhi,Indian Angel Network,Seed Funding,443000.0,2017-03-10,early_2015_2019,2017,Healthcare
Lavelle Networks,Technology,SDN Solutions,Bangalore,Ideaspring Capital,Seed Funding,600000.0,2017-03-10,early_2015_2019,2017,Technology
LatestOne,Ecommerce,Tech Accessories e-tailer,Hyderabad,"Florintree, Mathew Cyriac, Chidambaram Palaniappan, Bharat Sheth",Private Equity,3350000.0,2017-03-15,early_2015_2019,2017,Ecommerce
Frapperz,Consumer Internet,On-demand home services provider,Kolkata,Undisclosed Investor,Seed Funding,100000.0,2017-03-15,early_2015_2019,2017,Consumer Internet
mPaani,Consumer Internet,Loyalty rewards app,Mumbai,"IDG Ventures, Blume Ventures, Saha Fund,",Private Equity,1350000.0,2017-03-16,early_2015_2019,2017,Consumer Internet
POPxo,Consumer Internet,Digital Media publication for women,New Delhi,"GREE Ventures, Kalaari Capital and IDG Ventures India, Summit Media, Atul Goel, and Gurpreet Singh",Private Equity,3100000.0,2017-03-16,early_2015_2019,2017,Consumer Internet
Fitso,Consumer Internet,Fitness Mobile App,Gurgaon,"Sujeet Kumar, Bhupender Singh, Yashish Dhaiya",Seed Funding,200000.0,2017-03-16,early_2015_2019,2017,Consumer Internet
Flipkart,Ecommerce,ECommerce Marketplace,Bangalore,"Microsoft, eBay, Tencent Holdings",Private Equity,1400000000.0,2017-03-21,early_2015_2019,2017,Ecommerce
Airpay,Technology,Online payment Gateway,Mumbai,"Kalaari Capital, Rakesh and Rajesh Jhunjhunwala",Private Equity,3670000.0,2017-03-21,early_2015_2019,2017,Technology
MyGlamm,Consumer Internet,On-Demand Beauty Services,Mumbai,L\\xe2\\x80\\x99Occitane,Private Equity,5300000.0,2017-03-21,early_2015_2019,2017,Consumer Internet
Haqdarshak,Consumer Internet,Tech-Enabled Social Enterprise,Bangalore,"Ravi Saxena, Sandeep Raju,",Seed Funding,191000.0,2017-03-22,early_2015_2019,2017,Consumer Internet
Ixigo,Consumer Internet,Online Travel Search Engine,Gurgaon,"Sequoia Capital, Kinzon Capital",Private Equity,15000000.0,2017-03-23,early_2015_2019,2017,Consumer Internet
Markets and Markets,Technology,Marketing Research Company,Pune,"FTV Capital, Zodius Capital",Private Equity,56000000.0,2017-03-23,early_2015_2019,2017,Technology
Bizom,Technology,supply chain automation platform,Bangalore,Ojas Ventures,Seed Funding,382000.0,2017-03-24,early_2015_2019,2017,Technology
Delhivery,Technology,Tech enabled Fulfilment & Logistics Solutions,New Delhi,"Carlyle Group, Tiger Global",Private Equity,100000000.0,2017-03-24,early_2015_2019,2017,Technology
Fynd,Ecommerce,Online fashion marketplace,Mumbai,Venture Catalysts,Private Equity,500000.0,2017-03-28,early_2015_2019,2017,Ecommerce
DoneThing,Consumer Internet,On-demand Personal Assistant service,Gurgaon,Brand Capital,Private Equity,300000.0,2017-03-28,early_2015_2019,2017,Consumer Internet
Ithaka,Consumer Internet,Vacation Trip Planning platform,Mumbai,"Ankit Gupta, Puneet Motihar",Seed Funding,325000.0,2017-03-29,early_2015_2019,2017,Consumer Internet
perpule,Ecommerce,Self-Checkout ECommerce App,Bangalore,KStart Capital,Seed Funding,650000.0,2017-03-29,early_2015_2019,2017,Ecommerce
Licious,Ecommerce,Online Meat Ordering platform,Bangalore,"Mayfield India, 3one4 Capital, Sistema Asia Fund, Neoplux Technology Fund",Private Equity,10000000.0,2017-03-29,early_2015_2019,2017,Ecommerce
Medinfi,Consumer Internet,Doctor & Hospital search Platform,Bangalore,"Vinod Martin, Hemant Kaul, Prof. Ram Kumar Kakani & Others",Seed Funding,50000.0,2017-03-29,early_2015_2019,2017,Consumer Internet
Jhakaas,Consumer Internet,Offline Business Aggregator App,Mumbai,"Malini Patel, Stelcore Management Services, Anjani Prasad",Seed Funding,155000.0,2017-03-31,early_2015_2019,2017,Consumer Internet
Oriano Solar,Technology,Turnkey Solar Solutions,Mumbai,Samridhi Fund,Private Equity,3000000.0,2017-03-31,early_2015_2019,2017,Technology
BigBasket,Ecommerce,Online Grocer,Bangalore,Trifecta Capital,Private Equity,7000000.0,2017-03-31,early_2015_2019,2017,Ecommerce
Icertis,Technology,ERP solutions provider,Pune,"B Capital Group, Ignition Partners, Greycroft, e.ventures,\\xc2\\xa0 Eight Roads Ventures",Private Equity,25000000.0,2017-03-31,early_2015_2019,2017,Technology
Capital Float,Consumer Internet,Online lending platform,Bangalore,IFMR Capital Finance,Private Equity,2500000.0,2017-02-06,early_2015_2019,2017,Consumer Internet
Inner Hour,Consumer Internet,Online Counselling Platform,Mumbai,"Batlivala & Karani Securities, Venture Works",Seed Funding,450000.0,2017-02-07,early_2015_2019,2017,Consumer Internet
Travel Triangle,Consumer Internet,Online travel agent marketplace,Noida,"RB Investments, SAIF Partners, Bessemer Venture Partners",Private Equity,10000000.0,2017-02-07,early_2015_2019,2017,Consumer Internet
Wandertrails,Consumer Internet,"Online Travel, Adventure & Activities Portal",Bangalore,Earlsfield Capital,Seed Funding,1000000.0,2017-02-08,early_2015_2019,2017,Consumer Internet
Zenatix,Technology,IoT Based Energy Monitoring & Control,Gurgaon,"pi Ventures, Blume Ventures",Private Equity,1200000.0,2017-02-08,early_2015_2019,2017,Technology
Cartrade,Consumer Internet,Automobile Classifieds Portal,Mumbai,Temasek Holdings,Private Equity,55000000.0,2017-02-08,early_2015_2019,2017,Consumer Internet
Edurev,Consumer Internet,Online Education Portal,Gurgaon,Facebook FB Start programme,Seed Funding,40000.0,2017-02-08,early_2015_2019,2017,Consumer Internet
Voonik,Ecommerce,Women Apparel & Lifestyle etailer,Bangalore,"RB Investments, Sequoia Capital",Private Equity,6000000.0,2017-02-09,early_2015_2019,2017,Ecommerce
Wooplr,Ecommerce,Women Fashion Portal,Bangalore,"Sistema Asia Fund, Amereus Group, Helion Ventures",Private Equity,8000000.0,2017-02-09,early_2015_2019,2017,Ecommerce
48East,Ecommerce,Online Food Delivery Platform,Bangalore,Al Dhaheri family,Private Equity,500000.0,2017-02-10,early_2015_2019,2017,Ecommerce
Sigtuple,Technology,Medical Automation platform,Bangalore,"Accel Partners, IDG Ventures, Endiya Partners, pi Ventures, VH Capital, Axilor Partners",Private Equity,5800000.0,2017-02-13,early_2015_2019,2017,Technology
Flutura,Technology,Decision Sciences Analytics Solutions,Bangalore,"Vertex Ventures, Lumis Partners",Private Equity,7500000.0,2017-02-13,early_2015_2019,2017,Technology
Wassup,Consumer Internet,On Demand Laundry & Dry Cleaning Services,Chennai,Anil Jain & other HNIs,Private Equity,3200000.0,2017-02-13,early_2015_2019,2017,Consumer Internet
Better Mortgage,Consumer Internet,Mortgage Offering Platform,Gurgaon,"Kleiner Perkins, Goldman Sachs, Pine Brook",Private Equity,15000000.0,2017-02-13,early_2015_2019,2017,Consumer Internet
Nurturey,Consumer Internet,Parenting Mobile App,New Delhi,Mohit Joshi & Others,Seed Funding,330000.0,2017-02-13,early_2015_2019,2017,Consumer Internet
Fyle,Technology,Expense Management Solution,Bangalore,Pravega Ventures,Seed Funding,400000.0,2017-02-13,early_2015_2019,2017,Technology
GoBumpr,Consumer Internet,Online Bike & Car Services provider,Chennai,"Mahalingam K, Girish Mathrubootham",Seed Funding,300000.0,2017-02-14,early_2015_2019,2017,Consumer Internet
CCAvenue,Consumer Internet,Online Payment Gateway,Mumbai,Infibeam,Private Equity,22400000.0,2017-02-14,early_2015_2019,2017,Consumer Internet
ZestMoney,Consumer Internet,Online Consumer Lending platform,Bangalore,"PayU, Ribbit Capital, Omidyar Network",Private Equity,6500000.0,2017-02-15,early_2015_2019,2017,Consumer Internet
AirZaar,Technology,Drone operations management platform,Missourie,Quake Capital,Seed Funding,350000.0,2017-02-15,early_2015_2019,2017,Technology
Truebil,Consumer Internet,Online Marketplace for Used Cars,Mumbai,Shunwei Capital,Private Equity,3000000.0,2017-02-16,early_2015_2019,2017,Consumer Internet
YourStory,Consumer Internet,Online Media,Bangalore,"Kalaari Capital Partners, Qualcomm, 3ONE4 Capital Advisors, UC-RNT",Private Equity,3000000.0,2017-02-16,early_2015_2019,2017,Consumer Internet
Imaginate,Technology,AR & VR platform,Hyderabad,SRI Capital,Seed Funding,500000.0,2017-02-17,early_2015_2019,2017,Technology
The Ken,Consumer Internet,Online Media Platform,Bangalore,"Aprameya Radhakrishna, Deepak Natraj, Girish Mathrubootham, Mahesh Murthy, Pallav Nadhani, Pavan Ongole, Sandeep Mathur, Vijay Shekhar Sharma & Others",Seed Funding,400000.0,2017-02-17,early_2015_2019,2017,Consumer Internet
Urban Ladder,Ecommerce,Online Furniture Store,Bangalore,"Kalaari Capital, SAIF Partners, Steadview Capital, Sequoia Capital",Private Equity,15200000.0,2017-02-17,early_2015_2019,2017,Ecommerce
Leopetra,Ecommerce,Solution provider for pet needs,Mumbai,Facebook FBStart,Seed Funding,40000.0,2017-02-17,early_2015_2019,2017,Ecommerce
Blood n Care,Consumer Internet,First Aid care app,Gurgaon,Facebook FBStart,Seed Funding,40000.0,2017-02-18,early_2015_2019,2017,Consumer Internet
Flipkart,Ecommerce,Online Marketplace,Bangalore,"Bennett, Coleman and Co. Ltd (BCCL)",Private Equity,38700000.0,2017-02-20,early_2015_2019,2017,Ecommerce
True Balance,Consumer Internet,Mobile balance Checking App,Gurgaon,"Softbank Ventures Korea, IMM Investment",Private Equity,15000000.0,2017-02-21,early_2015_2019,2017,Consumer Internet
Vebbler,Consumer Internet,Photo Sharing for Groups,Bangalore,Facebook FBStart,Seed Funding,40000.0,2017-02-22,early_2015_2019,2017,Consumer Internet
Get My Parking,Consumer Internet,Smart Parking Platform,New Delhi,"Indian Angel Network (IAN), BEENEXT, The Chennai Angels, Sunil Munjal",Private Equity,1100000.0,2017-02-23,early_2015_2019,2017,Consumer Internet
Biryani By Kilo,Consumer Internet,Online Food Ordering & Delivery Portal,Gurgaon,"Chandigarh Angels, Ashish Gupta, Rohit, Ashish Chand, Sunil Singh & Others",Seed Funding,375000.0,2017-02-27,early_2015_2019,2017,Consumer Internet
Johari Shop,Ecommerce,Online Jewellery etailer,Bangalore,Undisclosed Investors,Seed Funding,94000.0,2017-02-27,early_2015_2019,2017,Ecommerce
NeoStencil,Consumer Internet,Live Online Coaching Classes,New Delhi,"Brand Capital, Paragon Trust",Private Equity,1000000.0,2017-02-28,early_2015_2019,2017,Consumer Internet
Blackbuck,Logistics,Online freight aggregator,Bangalore,"Sands Capital, IFC, Accel Partners, Flipkart, Sanjiv Rangrass",Private Equity,70000000.0,2017-02-28,early_2015_2019,2017,Logistics
TaxSutra,Consumer Internet,Online Tax Filing platform,Pune,"TV Mohandas Pai, V Balakrishnan, PV Srinivasan",Seed Funding,366000.0,2017-01-02,early_2015_2019,2017,Consumer Internet
TempoGo,Technology,IoT & SAAS Solutions for Transportation Industry,Panaji,K2 Capital,Seed Funding,825000.0,2017-01-03,early_2015_2019,2017,Technology
Leap India,Logistics,Supply Chain Solutions Provider,Mumbai,"India Nivesh Growth Fund, Sixth Sense, TCI Ventures",Private Equity,13000000.0,2017-01-06,early_2015_2019,2017,Logistics
FreeCharge,Consumer Internet,Mobile Wallet,Mumbai,Jasper Infotech Pvt Ltd,Private Equity,57000000.0,2017-01-07,early_2015_2019,2017,Consumer Internet
TicketNew,Consumer Internet,Movie Ticket Booking platform,Chennai,Alibaba Pictures,Private Equity,35000000.0,2017-01-09,early_2015_2019,2017,Consumer Internet
Intelligence Node,Technology,SAAS Based Retail Analytics Solutions,Mumbai,BlackSoil Capital Pvt Ltd,Private Equity,800000.0,2017-01-10,early_2015_2019,2017,Technology
Securens,Technology,e-surveillance services provider,Mumbai,"Mayfield India, Trifecta Capital",Private Equity,5000000.0,2017-01-10,early_2015_2019,2017,Technology
Loan Frame,Consumer Internet,Small Business Loans Marketplace platform,Gurgaon,"Vedanta Capital, William Campbell, Toos N Daruvala",Private Equity,2250000.0,2017-01-10,early_2015_2019,2017,Consumer Internet
Medinfi,Consumer Internet,Doctor & Clinic Discovery portal,Bangalore,"Vinod Martin, Evan Lim, Kanchan Ghoshal, Ram Kumar Kakani",Seed Funding,100000.0,2017-01-10,early_2015_2019,2017,Consumer Internet
LensKart,Ecommerce,Online eyewear retailer,Bangalore,Ronnie Screwvala,Private Equity,3500000.0,2017-01-10,early_2015_2019,2017,Ecommerce
Hansel.io,Consumer Internet,Real-time Mobile App Management Platform,Bangalore,"IDG Ventures, Endiya Partners",Private Equity,1350000.0,2017-01-12,early_2015_2019,2017,Consumer Internet
Square Yards,Consumer Internet,Property Search Aggregator platform,Gurgaon,"Lohia Group, Andre Hoffman",Private Equity,10000000.0,2017-01-12,early_2015_2019,2017,Consumer Internet
Roambee,Technology,IoT smart Logistics and Asset Management Company,Mumbai,Deutsche Telekom Strategic Investments & Others,Private Equity,4100000.0,2017-01-13,early_2015_2019,2017,Technology
iService,Consumer Internet,Gadgets Repair & Service Booking platform,Bangalore,"Blume Ventures, Girish Mathrubootham, Aprameya Radhakrishna",Seed Funding,440000.0,2017-01-13,early_2015_2019,2017,Consumer Internet
Unacademy,Consumer Internet,Online learning platform,Bangalore,"Nexus Venture Partners, Blume Ventures",Private Equity,4500000.0,2017-01-14,early_2015_2019,2017,Consumer Internet
ZoloStays,Consumer Internet,Branded PG Accomodation booking platform,Bangalore,"Nexus Venture Partners, Innoven Capital",Private Equity,5000000.0,2017-01-16,early_2015_2019,2017,Consumer Internet
HipCouch,Consumer Internet,Custom & Modular Furniture platform,Mumbai,Undisclosed Investors,Seed Funding,700000.0,2017-01-16,early_2015_2019,2017,Consumer Internet
Curiositi,Consumer Internet,Online Learning Platform,Bangalore,"Menterra Social Impact Fund, Unitus Seed Fund",Private Equity,800000.0,2017-01-17,early_2015_2019,2017,Consumer Internet
TinyStep,Consumer Internet,Parenting Info & Social Network,Bangalore,Flipkart,Private Equity,2000000.0,2017-01-17,early_2015_2019,2017,Consumer Internet
Practo,Consumer Internet,Online Healthcare platform,Bangalore,"Tencent,\\xc2\\xa0 ru-Net, RSI Fund, Thrive Capital",Private Equity,55000000.0,2017-01-17,early_2015_2019,2017,Consumer Internet
Ketchupp,Consumer Internet,Food Discovery Platform,New Delhi,India Quotient and others,Seed Funding,441000.0,2017-01-17,early_2015_2019,2017,Consumer Internet
Hoopy,Consumer Internet,Online Car Service Platform,Gwalior,undisclosed investors,Seed Funding,500000.0,2017-01-17,early_2015_2019,2017,Consumer Internet
Ezytruk,Consumer Internet,Logistics and truck aggregator platform,Bangalore,"Ajith Nair, Anish K",Seed Funding,147000.0,2017-01-17,early_2015_2019,2017,Consumer Internet
Vahdam Teas,Ecommerce,Online Tea etailer,New Delhi,"Mumbai Angels Network, Fireside Ventures, Singapore Angel Network",Seed Funding,650000.0,2017-01-18,early_2015_2019,2017,Ecommerce
Qwikspec,Technology,Cloud-based construction,Bangalore,Undisclosed Investors,Seed Funding,300000.0,2017-01-18,early_2015_2019,2017,Technology
Weddingz.in,Consumer Internet,Online Marketplace for Wedding Venues and vendors,Mumbai,Singularity Ventures,Private Equity,1000000.0,2017-01-19,early_2015_2019,2017,Consumer Internet
MessaGif,Consumer Internet,social messaging platform,New Delhi,Undisclosed investor,Seed Funding,50000.0,2017-01-22,early_2015_2019,2017,Consumer Internet
CueMath,Technology,Maths Learning program,New Delhi,"CapitalG, Sequoia India",Private Equity,15000000.0,2017-01-23,early_2015_2019,2017,Technology
Khel Now,Consumer Internet,Mobile-based Social Platform for Sports,Bangalore,Indochine International,Private Equity,500000.0,2017-01-24,early_2015_2019,2017,Consumer Internet
NowFloats,Consumer Internet,Platform to take businesses online,Hyderabad,"Iron Pillar and IIFL, Blume Ventures, Omidyar Network",Private Equity,10000000.0,2017-01-24,early_2015_2019,2017,Consumer Internet
Lets Transport,Consumer Internet,Online transport vehicle booking platform,Bangalore,"GMO Japan, Neelesh Bhatnagar",Private Equity,4000000.0,2017-01-24,early_2015_2019,2017,Consumer Internet
RML Agtech,Technology,Agri Decision Support Solution for farmers,Pune,IvyCap Ventures,Private Equity,4000000.0,2017-01-25,early_2015_2019,2017,Technology
InstaSafe,Technology,Security-as-a-Service solution provider,Bangalore,ABM Knowledgeware,Private Equity,2200000.0,2017-01-25,early_2015_2019,2017,Technology
Infibeam,Ecommerce,eCommerce Marketplace,Ahmedabad,"Bennett, Coleman and Company Ltd",Private Equity,8800000.0,2017-01-25,early_2015_2019,2017,Ecommerce
AirMed Labs,Consumer Internet,Health Tests Booking platform & ePharmacy,Ahmedabad,Brand Capital,Private Equity,1400000.0,2017-01-26,early_2015_2019,2017,Consumer Internet
99PerHour,Consumer Internet,Hyper-local Handyman Service provider,Chennai,V Aanand R,Seed Funding,300000.0,2017-01-26,early_2015_2019,2017,Consumer Internet
Intuit Things,Technology,IoT solutions for home automation applications,Mumbai,Sanjay Mehta & Others ( The Ten Minute Million),Seed Funding,106000.0,2017-01-30,early_2015_2019,2017,Technology
Cloudrino,Technology,Cloud based Virtual Servers,New Delhi,The Ten Minute Million,Seed Funding,22500.0,2017-01-30,early_2015_2019,2017,Technology
FabX,Ecommerce,Used Furniture Marketplace,Mumbai,The Ten Minute Million,Seed Funding,68000.0,2017-01-30,early_2015_2019,2017,Ecommerce
Maptags,Consumer Internet,Smart Online address tags,Bangalore,The Ten Minute Million,Seed Funding,18000.0,2017-01-30,early_2015_2019,2017,Consumer Internet
Heads Up For Tails,Ecommerce,Online Pet Products Store,New Delhi,Undisclosed Investors,Private Equity,2000000.0,2017-01-31,early_2015_2019,2017,Ecommerce
SidQam,Technology,Healthcare Software System,Noida,"SQue Capital, Grace Capital Ventures, Soham Vencaps",Private Equity,1200000.0,2016-12-01,early_2015_2019,2016,Technology
India Lends,Consumer Internet,Online Instant personal Loan provider,New Delhi,"DSG Consumer Partners, American Express Ventures, Cyber Carrier VC, AdvantEdge Partners",Private Equity,4000000.0,2016-12-01,early_2015_2019,2016,Consumer Internet
Slide App,Consumer Internet,Lock screen Rewards mobile app,New Delhi,Songhyun Investment,Private Equity,3600000.0,2016-12-01,early_2015_2019,2016,Consumer Internet
Badiyajobs,Consumer Internet,Entry-Level job Seekers platform,New Delhi,Undisclosed,Seed Funding,100000.0,2016-12-02,early_2015_2019,2016,Consumer Internet
TYGR,Technology,Transport and logistics mobile App,Mumbai,Franchise India,Private Equity,3000000.0,2016-12-02,early_2015_2019,2016,Technology
UrDoorStep,Ecommerce,Online Grocery Store,Bangalore,Lakshmi Vilas Bank & undisclosed HNIs,Private Equity,1400000.0,2016-12-05,early_2015_2019,2016,Ecommerce
Diro Labs,Consumer Internet,Mobile Contacts Management app,New Delhi,Info Edge (India),Seed Funding,147000.0,2016-12-06,early_2015_2019,2016,Consumer Internet
Revv,Consumer Internet,Self-Driven Car Services booking portal,New Delhi,Edelweiss Private Equity,Private Equity,9000000.0,2016-12-07,early_2015_2019,2016,Consumer Internet
WealthApp,Consumer Internet,Online Investment Advisory platform,Bangalore,"Venk Krishnan, MJ Aravind, Vikram Kotak, Jayant Davar,\\xc2\\xa0 Ramkumar Nishtal, Arjun Sharmaa",Seed Funding,440000.0,2016-12-07,early_2015_2019,2016,Consumer Internet
Zest Money,Consumer Internet,Online Consumer Lending platform,Mumbai,PayU,Private Equity,6500000.0,2016-12-08,early_2015_2019,2016,Consumer Internet
GoMechanic,Consumer Internet,Online Car servicing Booking platform,Gurgaon,Venture Catalysts,Seed Funding,250000.0,2016-12-08,early_2015_2019,2016,Consumer Internet
Stalk Buy Love,Ecommerce,Fashion Apparel eTailer,New Delhi,Kalaari Capital,Private Equity,6000000.0,2016-12-09,early_2015_2019,2016,Ecommerce
Wittyparot,Technology,Content Management & Productivity platform,Bangalore,Mumbai Angels,Seed Funding,450000.0,2016-12-09,early_2015_2019,2016,Technology
NeuroEquilibrium,Technology,Health-Tech platform,Jaipur,Unicorn India Ventures,Seed Funding,250000.0,2016-12-09,early_2015_2019,2016,Technology
Xseed Education,Technology,Education & learning Tech platform,Bangalore,Verlinvest SA,Private Equity,10000000.0,2016-12-12,early_2015_2019,2016,Technology
Rupaiya Exchange,Consumer Internet,P2P Lending platform,New Delhi,Undisclosed Investors,Seed Funding,200000.0,2016-12-12,early_2015_2019,2016,Consumer Internet
Doctor Insta,Consumer Internet,Online Doctor Consulting platform,Gurgaon,RoundGlass Partners,Private Equity,2000000.0,2016-12-12,early_2015_2019,2016,Consumer Internet
Fresh Food Concepts,Food & Beverage,Cold Press Juice manufacturer & seller,New Delhi,"Siddhartha Gupta, Ashvin Chadha",Seed Funding,2000000.0,2016-12-12,early_2015_2019,2016,Food & Beverage
Indifi,Consumer Internet,Online lending platform,Gurgaon,Omidyar Network,Private Equity,10000000.0,2016-12-13,early_2015_2019,2016,Consumer Internet
OfBusiness,Ecommerce,Online business-to-business (B2B) marketplace,Gurgaon,"Zodius Technology Opportunities Fund, Matrix Partners",Private Equity,11100000.0,2016-12-13,early_2015_2019,2016,Ecommerce
Qacco,Consumer Internet,Hotel Booking platform,Gurgaon,"Lead Angels Network, Anbu Pandian, Prabhakar MR & Others",Seed Funding,150000.0,2016-12-14,early_2015_2019,2016,Consumer Internet
Fitpass,Consumer Internet,Fitness center aggregator & Booking mobile app,New Delhi,Mumbai Angels,Seed Funding,1000000.0,2016-12-14,early_2015_2019,2016,Consumer Internet
Trading Bells,Consumer Internet,Online Share & Commodity Broking platform,Indore,Swastika Investmart Ltd,Seed Funding,297000.0,2016-12-14,early_2015_2019,2016,Consumer Internet
SERV\\xe2\\x80\\x99D,Consumer Internet,Financial Services For Unorganized Workforce,Pune,Digital Financial Service Lab,Seed Funding,100000.0,2016-12-15,early_2015_2019,2016,Consumer Internet
IdeaForge,Technology,Drone Manufacturing,Mumbai,"WRV Capital and IndusAge Partners, Infosys Innovation Fund",Private Equity,10000000.0,2016-12-15,early_2015_2019,2016,Technology
Amagi Media Labs,Technology,Media Technology Solutions,Mumbai,"Emerald Media, Premji Invest",Private Equity,35000000.0,2016-12-15,early_2015_2019,2016,Technology
Pocket Aces,Technology,Digital Entertainment Company,Mumbai,"Sequoia Capital India, North Base Media, Aarin Capital, 3one4 Capital, Axilor Ventures, Kunal Shah, Sandeep Tandon",Private Equity,3000000.0,2016-12-15,early_2015_2019,2016,Technology
Pi Data Centers,Technology,Cloud Data Center Solutions provider,Hyderabad,Epsilon Venture Partners,Private Equity,23000000.0,2016-12-16,early_2015_2019,2016,Technology
TripShelf,Consumer Internet,Holiday Packages provider,New Delhi,"GEMS Advisory, Quarizon",Seed Funding,123000.0,2016-12-16,early_2015_2019,2016,Consumer Internet
NoBroker,Consumer Internet,Rental property search portal,Bangalore,"KTB Network, SAIF Partners, BEENEXT, Digital Garage",Private Equity,7400000.0,2016-12-19,early_2015_2019,2016,Consumer Internet
VivoCarat,Ecommerce,Online jewellery marketplace,Mumbai,Undisclosed Investors,Seed Funding,50000.0,2016-12-20,early_2015_2019,2016,Ecommerce
BYJU\\xe2\\x80\\x99s,Consumer Internet,Online Learning platform,Bangalore,International Financial Corporation,Private Equity,15000000.0,2016-12-20,early_2015_2019,2016,Consumer Internet
The BlueBook,Consumer Internet,online to offline marketing platform,Bangalore,"Indian Angel Network, Let\\xe2\\x80\\x99s Venture",Seed Funding,500000.0,2016-12-21,early_2015_2019,2016,Consumer Internet
Vegetall,Ecommerce,Online Vegetable eTailer,Chennai,The Chennai Angels,Seed Funding,162000.0,2016-12-21,early_2015_2019,2016,Ecommerce
Mindler,Consumer Internet,Career Planning & Assessment platform,New Delhi,Taxmann,Seed Funding,324000.0,2016-12-22,early_2015_2019,2016,Consumer Internet
MCaffeine,Ecommerce,Personal care product etailer,Bangalore,"Kaushal Agarwal, Harminder Sahani, KK Mehra, Pranay Jivrajka, Navjot Saini",Seed Funding,300000.0,2016-12-22,early_2015_2019,2016,Ecommerce
enKast,Technology,Cloud based CRM for Agencies,Bangalore,Ivy League Alumni Angel Network,Private Equity,2000000.0,2016-12-23,early_2015_2019,2016,Technology
Dekkho,Consumer Internet,Video Streaming platform,Mumbai,undisclosed investors,Seed Funding,1200000.0,2016-12-26,early_2015_2019,2016,Consumer Internet
Shadowfox,Logistics,On-Demand Delivery Service,Gurgaon,Eight Roads Ventures,Private Equity,10000000.0,2016-12-26,early_2015_2019,2016,Logistics
ShopX,Ecommerce,SAAS ECommerce Retail app,Bangalore,Nandan Nilekani,Private Equity,5000000.0,2016-12-27,early_2015_2019,2016,Ecommerce
Healthifyme,Consumer Internet,Fitness Mobile App,Bangalore,NB Ventures,Private Equity,1000000.0,2016-12-29,early_2015_2019,2016,Consumer Internet
PickMyLaundry,Consumer Internet,On-Demand Washing & Dry Cleaning Services,New Delhi,"Kedar Lele, GHV Accelerator",Seed Funding,200000.0,2016-11-01,early_2015_2019,2016,Consumer Internet
FreshDesk,Consumer Internet,SAAS Based HelpDesk Services,Chennai,"Sequoia Capital India, Accel Partners",Private Equity,55000000.0,2016-11-02,early_2015_2019,2016,Consumer Internet
LaundryAnna,Consumer Internet,On-Demand Washing & Dry Cleaning Services,Bangalore,Undisclosed Investors,Seed Funding,150000.0,2016-11-02,early_2015_2019,2016,Consumer Internet
Zarget,Technology,SaaS-based web optimisation and marketing platform,Chennai,Sequoia India,Private Equity,6000000.0,2016-11-03,early_2015_2019,2016,Technology
EasyPolicy,Consumer Internet,Online insurance Portal,Noida,"Unilazer Ventures,",Private Equity,10000000.0,2016-11-03,early_2015_2019,2016,Consumer Internet
Connect India,Logistics,Last mile Delivery Network,Bangalore,Aavishkaar Venture Management,Private Equity,1000000.0,2016-11-04,early_2015_2019,2016,Logistics
Corseco,Technology,AI-based Software as a Service Solution provider,New Delhi,"Ameera Shah, Vivek Bhargava",Seed Funding,150000.0,2016-11-04,early_2015_2019,2016,Technology
Medzin,Ecommerce,Online ordering & Delivery of medicines,New Delhi,A M Sikander,Seed Funding,45000.0,2016-11-05,early_2015_2019,2016,Ecommerce
Bizongo,Ecommerce,Packaging Material Marketplace,Mumbai,"IDG Ventures, Accel Partners",Private Equity,3000000.0,2016-11-05,early_2015_2019,2016,Ecommerce
Rivigo,Technology,Technology based Logistics platform,Gurgaon,Warburg Pincus,Private Equity,75000000.0,2016-11-07,early_2015_2019,2016,Technology
JustRide,Consumer Internet,Online Car Sharing platform,Mumbai,"Justin Kan, Qasar Younis, Paul Bucche, Susa Ventures, Kima Ventures, Axan Venture, SCM Holdings",Private Equity,3000000.0,2016-11-07,early_2015_2019,2016,Consumer Internet
IIM Jobs,Consumer Internet,Online Job Portal,New Delhi,India Quotient,Private Equity,2000000.0,2016-11-09,early_2015_2019,2016,Consumer Internet
Square Yards,Consumer Internet,Online Property Search Portal,Gurgaon,ADAG Reliance Private Equity,Private Equity,12000000.0,2016-11-09,early_2015_2019,2016,Consumer Internet
GolfLAN,Consumer Internet,Golf Session Online Bookings platform,New Delhi,"YourNest Angel Fund, iSON",Private Equity,1000000.0,2016-11-10,early_2015_2019,2016,Consumer Internet
Active.ai,Technology,Banking & Fintech Platform,Singapore,"Kalaari Capital, IDG Ventures India",Private Equity,3000000.0,2016-11-14,early_2015_2019,2016,Technology
ElasticRun,Technology,Tech driven Logistic & distribution platform,Pune,"Kalaari Capital, Norwest Venture Partners",Private Equity,2000000.0,2016-11-14,early_2015_2019,2016,Technology
Zefo,Ecommerce,Used Furniture & Appliances Marketplace,Bangalore,"Sequoia India, BEENEXT, Helion Ventures",Private Equity,6000000.0,2016-11-15,early_2015_2019,2016,Ecommerce
PlaySimple,Technology,Mobile Gaming portal,Bangalore,"SAIF Partners, IDG Ventures India",Private Equity,4000000.0,2016-11-15,early_2015_2019,2016,Technology
Stasis Labs,Technology,Cloud based\\xc2\\xa0 health monitoring platform,Bangalore,"RTP-HC, Wonder Ventures, Techstars Ventures & Others",Private Equity,5000000.0,2016-11-16,early_2015_2019,2016,Technology
Koovs,Ecommerce,Fashion eTailer,New Delhi,Times of India Group & Existing investors,Private Equity,13500000.0,2016-11-17,early_2015_2019,2016,Ecommerce
Pictor Imaging,Consumer Internet,Product Photography Mobile App,Mumbai,Quarizon,Seed Funding,147000.0,2016-11-17,early_2015_2019,2016,Consumer Internet
GramCover,Finance,Insurance Marketplace for the Rural Sector,New Delhi,Omnivore Capital,Seed Funding,1000000.0,2016-11-18,early_2015_2019,2016,Finance
Bats on delivery,Consumer Internet,"Online food, Grocery ordering & Delivery",Gurgaon,Devdeep Singh,Seed Funding,90000.0,2016-11-21,early_2015_2019,2016,Consumer Internet
numberz.in,Technology,Cash Flow Management Solution for Businesses,Gurgaon,"Kae Capital, Khosla Impact",Seed Funding,650000.0,2016-11-21,early_2015_2019,2016,Technology
Housing.com,Consumer Internet,Real Estate Portal,Mumbai,Softbank Group,Private Equity,5000000.0,2016-11-22,early_2015_2019,2016,Consumer Internet
Awesummly,Consumer Internet,Short News Mobile App,Bangalore,"Vivek Bhargava, Ameera Shah",Seed Funding,147000.0,2016-11-22,early_2015_2019,2016,Consumer Internet
Vymo,Technology,SaaS-based predictive analytics platform,Bangalore,Sequoia India,Private Equity,5000000.0,2016-11-22,early_2015_2019,2016,Technology
Noddapp,Consumer Internet,App based networking platform,Mumbai,Undisclosed multiple investors,Seed Funding,147000.0,2016-11-22,early_2015_2019,2016,Consumer Internet
Knowlarity,Consumer Internet,Cloud Telephony Platform,Bangalore,"Delta Partners, Sequoia India,\\xc2\\xa0 Mayfield, Blacksoil, Trifecta Capital",Private Equity,20000000.0,2016-11-23,early_2015_2019,2016,Consumer Internet
Infisecure,Technology,Bot Protection Solutions,Mumbai,"IDG Ventures, Axilor Ventures",Seed Funding,600000.0,2016-11-23,early_2015_2019,2016,Technology
Udaan,Ecommerce,B2B Marketplace,Bangalore,"Lightspeed Venture Partners India, Lightspeed US",Private Equity,10000000.0,2016-11-23,early_2015_2019,2016,Ecommerce
ShareChat,Consumer Internet,Local Language Social Networking Platform,Mumbai,"Lightspeed India Partners, SAIF Partners, India Quotient, Venture Highway",Private Equity,4000000.0,2016-11-24,early_2015_2019,2016,Consumer Internet
Kloseby,Consumer Internet,proximity based\\xc2\\xa0 Rewards platform,Bangalore,Undisclosed Investor,Seed Funding,100000.0,2016-11-28,early_2015_2019,2016,Consumer Internet
WholeSaleBox,Ecommerce,B2B Wholesale Apparel Marketplace,Jaipur,"Manish Maheshwari, Contrarian Vriddhi Fund",Private Equity,2000000.0,2016-11-28,early_2015_2019,2016,Ecommerce
Affordplan,Consumer Internet,Savings platform for Medical Expenses,New Delhi,"Prime Venture Partners, Kalaari Capital",Private Equity,3000000.0,2016-11-29,early_2015_2019,2016,Consumer Internet
HandyTrain,Consumer Internet,Mobile App for SAAS based Training,Goa,"Silver Range Investments, Lumina Datamatics, Shun Yoshida & Others",Private Equity,1000000.0,2016-11-30,early_2015_2019,2016,Consumer Internet
ShopsUp,Ecommerce,Hyperlocal Shopping App,Bangalore,"Anand Sankeshwar, Yang Shu",Seed Funding,963000.0,2016-11-30,early_2015_2019,2016,Ecommerce
Indofash,Ecommerce,Ethnic Indian Fashion Marketplace,Bangalore,"Shekhar Sahu, Nitesh Pant",Seed Funding,150000.0,2016-11-30,early_2015_2019,2016,Ecommerce
Entropika,Technology,"AI, Machine learning Solutions",Bangalore,"Dileep Bhatt, Milind Chaudhary",Seed Funding,200000.0,2016-11-30,early_2015_2019,2016,Technology
MarianaIQ,Technology,AI-driven B2B marketing platform,Bangalore,Exfinity Venture Partners,Private Equity,2000000.0,2016-11-30,early_2015_2019,2016,Technology
Chai Thela,Food & Beverage,Quick Service Restaurants,Noida,Quarizon,Seed Funding,218000.0,2016-11-30,early_2015_2019,2016,Food & Beverage
Interviewpad,Technology,Engineering Interview facilitation platform,Pune,Krishna Rokhale,Seed Funding,100000.0,2016-11-30,early_2015_2019,2016,Technology
Math Buddy,Consumer Internet,Online Math Learn,Vadodara,Menterra Social Impact Fund,Seed Funding,440000.0,2016-11-30,early_2015_2019,2016,Consumer Internet
Pulse,Consumer Internet,Campus Social Networking App,Bangalore,SAIF Partners,Private Equity,500000.0,2016-11-30,early_2015_2019,2016,Consumer Internet
Carcrew.in,Consumer Internet,Online Car repair Marketplace,Mumbai,TVS Group,Seed Funding,500000.0,2016-11-30,early_2015_2019,2016,Consumer Internet
Mystifly,Consumer Internet,Airline Ticket Aggregator,Bangalore,Recruit Holdings,Private Equity,5000000.0,2016-10-03,early_2015_2019,2016,Consumer Internet
Uniphore,Technology,Speech Recognition Solutions,Chennai,"IDG Ventures, Indian Angel Network (IAN), YourNest Angel Fund",Private Equity,2000000.0,2016-10-03,early_2015_2019,2016,Technology
World Art Community,Ecommerce,Art & Craft Marketplace,Gurgaon,Viraj Tyagi & Others,Seed Funding,200000.0,2016-10-03,early_2015_2019,2016,Ecommerce
Giftxoxo,Ecommerce,Online Gifting platform,Bangalore,Mahindra Holidays & Resorts India Ltd,Private Equity,450000.0,2016-10-04,early_2015_2019,2016,Ecommerce
India Gifts Portal,Ecommerce,Online Gifting platform,Noida,"Naveen Arya, Tarun Joshi",Private Equity,2000000.0,2016-10-04,early_2015_2019,2016,Ecommerce
Moglix,Ecommerce,Industrial & Home products marketplace,Noida,"Accel Partners, Jungle Ventures, SeedPlus",Private Equity,4200000.0,2016-10-04,early_2015_2019,2016,Ecommerce
NetLinx,Consumer Internet,Internet Service Provider,Hyderabad,"Xchange Investors NV, TransGlobal FZC",Private Equity,3000000.0,2016-10-04,early_2015_2019,2016,Consumer Internet
Remitr,Consumer Internet,Foreign Currency Payments Platform,Mumbai,"Vijay Shekhar Sharma, Pravin Gandhi,\\xc2\\xa0 Smart Start Fund; Kunal Shah,\\xc2\\xa0 Sandeep Tandon, Vishal Gondal, & Others",Seed Funding,1000000.0,2016-10-04,early_2015_2019,2016,Consumer Internet
InnerChef,Consumer Internet,Online food ordering platform,Gurgaon,"Mistletoe, M&S Partners",Private Equity,2500000.0,2016-10-04,early_2015_2019,2016,Consumer Internet
AppsDaily,Consumer Internet,"Mobile Phone Theft, Damage Protection platform",Mumbai,"Zodius Capital, Kalaari Capital, Qualcomm Ventures, Russian venture capital fund Ru-Net, Mumbai Angels",Private Equity,3750000.0,2016-10-04,early_2015_2019,2016,Consumer Internet
UE LifeSciences,Technology,Mobile Health Technology Solutions,Mumbai,"Kiran Mazumdar-Shaw, Unitus Seed Fund",Private Equity,1200000.0,2016-10-05,early_2015_2019,2016,Technology
RealBox,Technology,Data Sciences Platform,Noida,Hyderabad Angels,Seed Funding,300000.0,2016-10-06,early_2015_2019,2016,Technology
GoZefo,Ecommerce,Used Furniture & Appliances Marketplace,Bangalore,"Helion Venture Partners, BeeNext",Private Equity,1050000.0,2016-10-06,early_2015_2019,2016,Ecommerce
RayIOT,Technology,Baby Monitoring Devices manufacturer,Bangalore,HAX Accelerator,Seed Funding,100000.0,2016-10-07,early_2015_2019,2016,Technology
KOOH Sports,Technology,Sports Training & Technology,Mumbai,"HDFC, Faering Capital, Elevate Sports",Private Equity,2200000.0,2016-10-07,early_2015_2019,2016,Technology
Flexiloans,Consumer Internet,Online Funds Raising Platform,Mumbai,"Sanjay Nayar, Vikram Sud, Anil Jaggia, Narayan Seshadri",Private Equity,15000000.0,2016-10-07,early_2015_2019,2016,Consumer Internet
Vithi.com,Ecommerce,Online Hair Extension etailer,New Delhi,undisclosed investor,Seed Funding,375000.0,2016-10-10,early_2015_2019,2016,Ecommerce
Yupp TV,Consumer Internet,Internet-based TV streaming service provider,Bangalore,Emerald Media,Private Equity,50000000.0,2016-10-11,early_2015_2019,2016,Consumer Internet
Deyor Camps,Consumer Internet,Branded Camping location Aggregator,Gurgaon,"Nitin Passi, Manickam Mahalingam, Udaan Angels, Rajesh Arora, Arkas Industries",Seed Funding,500000.0,2016-10-11,early_2015_2019,2016,Consumer Internet
FabAlley,Ecommerce,online fashion brand store,Noida,"India Quotient, FAO Ventures, Indian Angel Network, Tushar Singh, Ranjan Sharma",Private Equity,2000000.0,2016-10-13,early_2015_2019,2016,Ecommerce
RoboVac,Technology,waterless car washing solution,Ahmedabad,Virendra Patel,Seed Funding,450000.0,2016-10-13,early_2015_2019,2016,Technology
Newspatrolling,Consumer Internet,Online News portal,New Delhi,Undisclosed,Seed Funding,25000.0,2016-10-14,early_2015_2019,2016,Consumer Internet
Postman,Consumer Internet,API Platform,Bangalore,Nexus Venture Partners,Private Equity,7000000.0,2016-10-14,early_2015_2019,2016,Consumer Internet
ISFC,Finance,Education Sector Lending,Hyderabad,Gray Matters Capital,Private Equity,6000000.0,2016-10-14,early_2015_2019,2016,Finance
DailyHunt,Consumer Internet,Vernacular content mobile app,Bangalore,"ByteDance, Arun Sarin, Matrix Partners, Sequoia Capital India, Omidyar Network,\\xc2\\xa0 Falcon Edge",Private Equity,25000000.0,2016-10-15,early_2015_2019,2016,Consumer Internet
Tazzo Bikes,Consumer Internet,Motorbike rental platform,Hyderabad,DSG Consumer Partners,Seed Funding,227000.0,2016-10-15,early_2015_2019,2016,Consumer Internet
MyKindofJob,Consumer Internet,Internet & Fresher Job platform,Mumbai,"Mayank Shah, Shreyans Shah",Seed Funding,1000000.0,2016-10-15,early_2015_2019,2016,Consumer Internet
Yumigo,Consumer Internet,App based Travel Discovery and Transactions platform,Gurgaon,Hemant Sahni,Seed Funding,300000.0,2016-10-17,early_2015_2019,2016,Consumer Internet
Rentalpha,Others,equipment rental and leasing company,Mumbai,Bravia Capital,Private Equity,16000000.0,2016-10-17,early_2015_2019,2016,Other
3Dexter,Technology,3D Printing Solutions for Edu space,New Delhi,Newbie Promoters,Seed Funding,150000.0,2016-10-18,early_2015_2019,2016,Technology
MySUN,Technology,Solar Energy harnessing products marketplace,Noida,General Catalyst Partners,Private Equity,2500000.0,2016-10-18,early_2015_2019,2016,Technology
Furlenco,Consumer Internet,Online Furniture Rental platform,Bangalore,"Lightbox Ventures, Axis Capital & Others",Private Equity,30000000.0,2016-10-19,early_2015_2019,2016,Consumer Internet
Fisdom,Consumer Internet,Personal Wealth Management Platform & App,Bangalore,"Saama Capital, Raghunandan G, Aprameya Radhakrishna",Private Equity,1100000.0,2016-10-19,early_2015_2019,2016,Consumer Internet
Actofit,Technology,Wearable Technology platform & devices,Mumbai,Next Orbit Ventures Fund,Private Equity,750000.0,2016-10-19,early_2015_2019,2016,Technology
ChatOnGo,Consumer Internet,Hyperlocal\\xc2\\xa0 Communication Mobile app,Mumbai,Janak Jain,Seed Funding,300000.0,2016-10-21,early_2015_2019,2016,Consumer Internet
Healthians,Consumer Internet,Health Test Discovery & Ordering service,Gurgaon,BEENEXT,Private Equity,3000000.0,2016-10-24,early_2015_2019,2016,Consumer Internet
Box8,Consumer Internet,Online Food Ordering platform/App,Mumbai,"IIFL Seed Ventures Fund, Mayfield Ventures",Private Equity,7500000.0,2016-10-24,early_2015_2019,2016,Consumer Internet
Kredx,Ecommerce,Invoice discounting marketplace,Bangalore,Sequoia Capital,Private Equity,6000000.0,2016-10-25,early_2015_2019,2016,Ecommerce
CreditMate,Consumer Internet,Credit Report Info platform,Mumbai,India Quotient,Seed Funding,500000.0,2016-10-25,early_2015_2019,2016,Consumer Internet
SooperMO,Technology,Android utility app suite creator,Gurgaon,Lalit Vase,Seed Funding,100000.0,2016-10-25,early_2015_2019,2016,Technology
OrangeTwig,Consumer Internet,Social Media Marketing platform,New Delhi,Undisclosed investor,Seed Funding,1000000.0,2016-10-26,early_2015_2019,2016,Consumer Internet
The Kettlery,Ecommerce,Online Tea Etailer,Ahmedabad,"hooting Starts Sports LLP, Franchise India Brands",Private Equity,1000000.0,2016-10-26,early_2015_2019,2016,Ecommerce
Idea Bubbles,Consumer Internet,Doctor Consulting platform,Bangalore,"1Crowd, Eureka Forbes Ltd, Shapoorji Pallonji & Co. Ltd.",Private Equity,700000.0,2016-10-27,early_2015_2019,2016,Consumer Internet
FR8,Technology,Truck Fleet Operation platform,Chennai,Omnivore Partners,Private Equity,971000.0,2016-10-27,early_2015_2019,2016,Technology
Ather Energy,Technology,Electric Vehicle Manufacturer,Bangalore,Hero MotoCorp,Private Equity,27000000.0,2016-10-27,early_2015_2019,2016,Technology
Velmenni,Technology,LiFi based wireless communication provider,New Delhi,Kalaari Capital,Seed Funding,100000.0,2016-10-29,early_2015_2019,2016,Technology
Volta Motors,Technology,Electric Bike Manufacturer,Chennai,Kalaari Capital,Seed Funding,100000.0,2016-10-29,early_2015_2019,2016,Technology
Cyclops,Technology,Clinical and Wearable Diagnostic Product creator,Bangalore,Kalaari Capital,Seed Funding,100000.0,2016-10-29,early_2015_2019,2016,Technology
Impact Analytics,Technology,Business intelligence and data science Startup,Bangalore,"Aarin Capital, Michael Herzig, Ashish Lakhanpal",Private Equity,750000.0,2016-10-30,early_2015_2019,2016,Technology
Talent Next,Consumer Internet,Talent Discovery & Audition management platform,Mumbai,Karanpal Singh & Others,Seed Funding,1000000.0,2016-10-31,early_2015_2019,2016,Consumer Internet
Mihup,Technology,Personal Digital Assistant,Kolkata,Accel Partners,Private Equity,6700000.0,2016-09-01,early_2015_2019,2016,Technology
eShakti,Ecommerce,Women\xe2\x80\x99s Fashion Apparel eTailer,Chennai,"Infina Finance Pvt. Ltd, Uday Kotak",Private Equity,1350000.0,2016-09-06,early_2015_2019,2016,Ecommerce
CheersOye!,Consumer Internet,Online Gift Vouchers platform,Mumbai,Undisclosed Investors,Seed Funding,500000.0,2016-09-06,early_2015_2019,2016,Consumer Internet
BigStylist,Consumer Internet,Hyperlocal doorstep Beauty Services provider,Mumbai,Info Edge (India) Ltd,Private Equity,900000.0,2016-09-06,early_2015_2019,2016,Consumer Internet
Zilingo,Ecommerce,Online Fashion Retailer,Bangalore/ Bangkok,"Venturra Capital, Sequoia India, Susquehanna International Group.\\xc2\\xa0 Wavemaker Partners, Beenext, Beenos, Digital Garage",Private Equity,8000000.0,2016-09-07,early_2015_2019,2016,Ecommerce
Alternacare,Consumer Internet,Online Doctor Consulting platform,New Delhi,Eros Labs,Seed Funding,500000.0,2016-09-07,early_2015_2019,2016,Consumer Internet
Simplilearn,Education,Online Certification programs,Bangalore,InnoVen Capital India,Private Equity,6000000.0,2016-09-07,early_2015_2019,2016,Education
Prozo,Ecommerce,Study Material Marketplace,Gurgaon,"Earlsfield Capital, Sailender Solanki, Rajiv Solanki",Seed Funding,315000.0,2016-09-07,early_2015_2019,2016,Ecommerce
TopRankers,Education,Online Test Preparation platform,Bangalore,"CareerNet Consulting Pvt. Ltd, Ideation Initiative Pvt. Ltd,",Seed Funding,670000.0,2016-09-08,early_2015_2019,2016,Education
BuildTraders,Ecommerce,Online Construction Materials Marketplace,Bangalore,Idein Ventures,Seed Funding,200000.0,2016-09-08,early_2015_2019,2016,Ecommerce
Byju\\xe2\\x80\\x99s,Education,Online Learning App,Bangalore,"Chan Zuckerberg Initiative, Times Internet Ltd, Sequoia Capital, Sofina, Lightspeed Ventures",Private Equity,50000000.0,2016-09-09,early_2015_2019,2016,Education
CureInstant,Consumer Internet,Social Health Networking Platform,New Delhi,Dr. Rameshwar Kumar,Seed Funding,150000.0,2016-09-10,early_2015_2019,2016,Consumer Internet
Poshtic,Consumer Internet,Online health & Wellness platform,Noida,"havya Sharma, Amit Nagar",Seed Funding,450000.0,2016-09-10,early_2015_2019,2016,Consumer Internet
Purple Style Labs,Consumer Internet,Personal Styling Online platform,Mumbai,"Augment Ventures, Rahul Kayan, Nikhil Golcha, Shubham Gupta, Roy Kwan",Seed Funding,448000.0,2016-09-12,early_2015_2019,2016,Consumer Internet
Inuxu,Technology,Online Advertising Solutions,Pune,Fork Media,Private Equity,3000000.0,2016-09-12,early_2015_2019,2016,Technology
Nykaa,Ecommerce,Online Beauty products eTailer,Mumbai,"Sunil Munjal, Mariwala family",Private Equity,12300000.0,2016-09-12,early_2015_2019,2016,Ecommerce
Glam Studios,Consumer Internet,Beauty Salon Aggregator,Noida,"Pradeep Mirani, Aqeel Ahmed, Anand Ladsariya, Nitin Agarwal",Seed Funding,300000.0,2016-09-12,early_2015_2019,2016,Consumer Internet
NearBuy,Consumer Internet,Online Deals & Discount platform,Gurgaon,BlackSoil Capital Pvt. Ltd.,Private Equity,2500000.0,2016-09-13,early_2015_2019,2016,Consumer Internet
Flocareer,Consumer Internet,Jobs & Skill Validation platform,Bangalore,"Balasubramanian Krishnamurthy, Sidhartha Hazarika & Others",Seed Funding,150000.0,2016-09-14,early_2015_2019,2016,Consumer Internet
infeedo,Consumer Internet,Employee engagement platform,Gurgaon,"Dheeraj Jain, Palash Jain, Anupam Mittal, Ameera Shah,\\xc2\\xa0 Vivek Bhargava, Rahul Singh, Ambarish Gupta,",Seed Funding,200000.0,2016-09-15,early_2015_2019,2016,Consumer Internet
Furlenco,Ecommerce,Online furniture rental startup,Bangalore,Lightbox Ventures and others,Private Equity,5000000.0,2016-09-15,early_2015_2019,2016,Ecommerce
GoPigeon,Consumer Internet,on-demand logistics service provider,Bangalore,Nexus Venture Partners,Private Equity,1500000.0,2016-09-15,early_2015_2019,2016,Consumer Internet
NewsDistill,Consumer Internet,City based News Aggregator App,Hyderabad,"Ganesh Narasimhan, Ramana Thumu, Sudhir Mallem",Seed Funding,100000.0,2016-09-16,early_2015_2019,2016,Consumer Internet
DoctorInsta,Consumer Internet,Online Doctor Consultations,Gurgaon,RoundGlass Partners,Private Equity,1000000.0,2016-09-16,early_2015_2019,2016,Consumer Internet
Milofy,Consumer Internet,Couple Socialization App,Bangalore,Accel Partners,Seed Funding,750000.0,2016-09-19,early_2015_2019,2016,Consumer Internet
Swiggy,Consumer Internet,Online Food Ordering & Delivery,Bangalore,Bessemer Venture Partners,Private Equity,15000000.0,2016-09-19,early_2015_2019,2016,Consumer Internet
JustLikeNew,Ecommerce,Online gadget Repair Services Marketplace,Hyderabad,LetsVenture,Seed Funding,500000.0,2016-09-20,early_2015_2019,2016,Ecommerce
Co Life,Consumer Internet,shared living and working spaces platform,Bangalore,Undisclosed Investors,Seed Funding,1000000.0,2016-09-21,early_2015_2019,2016,Consumer Internet
Pepperfry,Ecommerce,Furniture eTailer,Mumbai,"Goldman Sachs Group, Zodius Technology Fund, Norwest Venture Partners, Bertelsmann India",Private Equity,31300000.0,2016-09-21,early_2015_2019,2016,Ecommerce
eQuickies,Ecommerce,Online Book etailer,Ahmedabad,Lothal Angel Ventures,Seed Funding,298000.0,2016-09-21,early_2015_2019,2016,Ecommerce
Khel Now,Consumer Internet,Mobile-based social networking platform,New Delhi,Anglian Omega Network,Seed Funding,350000.0,2016-09-21,early_2015_2019,2016,Consumer Internet
Gadgetwood,Consumer Internet,On-Demand Gadget repair services platform,New Delhi,Carpediem Capital,Private Equity,6000000.0,2016-09-22,early_2015_2019,2016,Consumer Internet
Flixy Games,Technology,Mobile Game Publisher for Indian audience,Bangalore,Rebright Partners,Seed Funding,425000.0,2016-09-22,early_2015_2019,2016,Technology
HashTaag,Technology,Mobile App Development company,Bangalore,Undisclosed investors,Seed Funding,1000000.0,2016-09-22,early_2015_2019,2016,Technology
PharmaRack,Technology,SAAS application for Pharma Industry,Pune,"Currae Healthtech Fund, Unicorn India Ventures",Private Equity,745000.0,2016-09-22,early_2015_2019,2016,Technology
\\xc2\\xa0CloudCherry,Technology,CRM SAAS Platform,Chennai,"Vertex Ventures, Cisco Ventures, IDG Ventures",Private Equity,6000000.0,2016-09-23,early_2015_2019,2016,Technology
TinyStep,Consumer Internet,Parenting Network Platform,Bangalore,Flipkart Logistics Pvt. Ltd,Private Equity,1580000.0,2016-09-27,early_2015_2019,2016,Consumer Internet
Beardo,Ecommerce,Mens Grooming products etailer,Ahmedabad,Venture Catalysts,Seed Funding,500000.0,2016-09-28,early_2015_2019,2016,Ecommerce
Instacar,Consumer Internet,Out-Station Taxi Rental Platform,Indore,Swastika Co Ltd.,Seed Funding,1000000.0,2016-09-28,early_2015_2019,2016,Consumer Internet
Celes Care,Consumer Internet,Virtual Health Clinic for Women,Hyderabad,Endiya Partners,Seed Funding,1000000.0,2016-09-28,early_2015_2019,2016,Consumer Internet
Druva,Technology,Cloud Based Data Protection Solution,Pune,"Sequoia India, EDBI, Blue Cloud Ventures, Hercules Capital",Private Equity,51000000.0,2016-09-28,early_2015_2019,2016,Technology
Promon,Ecommerce,Local Commerce Platform,New Delhi,Now Capital,Seed Funding,180000.0,2016-09-29,early_2015_2019,2016,Ecommerce
Unocoin,Consumer Internet,Bitcoin Wallet,Bangalore,"Blume Ventures, Mumbai Angels, ah! Ventures, Digital Currency Group, Boost VC, Bank to the Future and Funders Club",Private Equity,1500000.0,2016-09-29,early_2015_2019,2016,Consumer Internet
Zeta,Technology,Enterprise Cloud Solutions,Mumbai,Bhavin Turakhia,Private Equity,19000000.0,2016-09-30,early_2015_2019,2016,Technology
HealthKart,Ecommerce,Online Pharmacy & Health Marketplace,Gurgaon,"Sequoia Capital India, Omidyar Network, Kae Capital",Private Equity,12000000.0,2016-08-01,early_2015_2019,2016,Ecommerce
Medinfi,Consumer Internet,Doctor & Clinic\\xc2\\xa0 Discovery Platform,Bangalore,"Mudit Saxena, Evan Lim",Seed Funding,200000.0,2016-08-01,early_2015_2019,2016,Consumer Internet
RepairEasy,Consumer Internet,Gadget Repair Services Platform,Pune,Undisclosed HNIs,Seed Funding,275000.0,2016-08-01,early_2015_2019,2016,Consumer Internet
Voonik,Ecommerce,Online Women\\xe2\\x80\\x99s Fashion Marketplace,Bangalore,InnoVen Capital,Private Equity,3000000.0,2016-08-01,early_2015_2019,2016,Ecommerce
Tokri,Consumer Internet,Hyperlocal Grocery Delivery platform,Pune,Syska LED group,Private Equity,2500000.0,2016-08-01,early_2015_2019,2016,Consumer Internet
Sheroes,Consumer Internet,Online Job and Career Platform for Women,Noida,"Lumis Partners, The HR Fund, Rajul Garg, Quintillion Media",Private Equity,1800000.0,2016-08-02,early_2015_2019,2016,Consumer Internet
Yumlane,Food & Beverage,Retail Food & Snack Offline centres,Mumbai,"Binny Bansal, Anupam Mittal, Sachin Bhatia, Darius Pandole, Kunal Khattar, Dheerag Jain",Seed Funding,1000000.0,2016-08-02,early_2015_2019,2016,Food & Beverage
ExtraCarbon,Consumer Internet,Waste Recycle Management platform,Gurgaon,Brand Capital,Seed Funding,225000.0,2016-08-03,early_2015_2019,2016,Consumer Internet
FlickBay,Consumer Internet,Mobile Based Bollywood Discovery platform,Mumbai,Paul Roy,Seed Funding,890000.0,2016-08-03,early_2015_2019,2016,Consumer Internet
Petoo,Consumer Internet,Food Delivery Platform,Bangalore,Existing Investors,Seed Funding,500000.0,2016-08-04,early_2015_2019,2016,Consumer Internet
VST Travels,Technology,Travel Ticket Booking Software,Kerala,Promatus Group,Seed Funding,27000.0,2016-08-06,early_2015_2019,2016,Technology
Wefly Indoor Skydiving,Others,Indoor Skydiving Sports Provider,Mumbai,Swastika Company Ltd.,Seed Funding,40000.0,2016-08-08,early_2015_2019,2016,Other
Mojarto,Ecommerce,"Original Art, Digital Prints etailer",Gurgaon,Undisclosed Investors,Seed Funding,445000.0,2016-08-08,early_2015_2019,2016,Ecommerce
Zipgrid,Consumer Internet,Community services platform,Mumbai,1Crowd (through crowd funding),Seed Funding,200000.0,2016-08-08,early_2015_2019,2016,Consumer Internet
Vebbler,Consumer Internet,Photo Sharing Mobile App,Bangalore,"Anupam Mittal, Sharad Sharma & 14 others",Seed Funding,500000.0,2016-08-10,early_2015_2019,2016,Consumer Internet
Bombay Shaving Company,Ecommerce,Men\\xe2\\x80\\x99s Grooming Product etailer,New Delhi,"Noshir Kaka, Subramanian Ramadorai, Kiran Deshpande, Pankaj Gupta, Ravi Nigam & Others",Seed Funding,600000.0,2016-08-10,early_2015_2019,2016,Ecommerce
Travelyaari,Consumer Internet,Online ticket booking platform,Bangalore,"Gujarat Venture Finance Limited (GVFL), Bennett Coleman & Co. Ltd",Private Equity,7000000.0,2016-08-11,early_2015_2019,2016,Consumer Internet
Genextstudents,Consumer Internet,Online Tutoring Service provider,Mumbai,1Crowd (through crowdfunding),Seed Funding,209000.0,2016-08-11,early_2015_2019,2016,Consumer Internet
Zenoti,Technology,Cloud Based Software Solutions Provider,Hyderabad,"Norwest Venture Partners, Accel India",Private Equity,15000000.0,2016-08-11,early_2015_2019,2016,Technology
Crofarm,Technology,Agri-Tech supply chain Solution provider,Gurgaon,"Mukul Singhal, Rohit Jain, Himanshu Aggrawal, Sunil Goyal Ashish Gupta,",Private Equity,1500000.0,2016-08-12,early_2015_2019,2016,Technology
Faircent.com,Consumer Internet,peer-to-peer lending platform,Gurgaon,Brand Capital,Private Equity,1500000.0,2016-08-12,early_2015_2019,2016,Consumer Internet
Innovaccer,Technology,Integrated Enterprise Analytics Platform,Noida,Westbridge Capital Partners,Private Equity,15600000.0,2016-08-12,early_2015_2019,2016,Technology
Cuberoot,Technology,Data Analytics & Audience Management Platform,Gurgaon,Undisclosed Investors,Seed Funding,500000.0,2016-08-12,early_2015_2019,2016,Technology
OyoRooms,Consumer Internet,Budget Hotels Aggregator,New Delhi,SoftBank Group,Private Equity,62000000.0,2016-08-16,early_2015_2019,2016,Consumer Internet
Hike,Consumer Internet,Mobile Messaging App,New Delhi,"Tencent Holdings, Foxconn Technology Group, Tiger Global, SoftBank Group, Bharti Enterprises",Private Equity,175000000.0,2016-08-16,early_2015_2019,2016,Consumer Internet
Joolz,Ecommerce,Online Jewellery Store,Mumbai,"Powerhouse Ventures, M&S Partners",Private Equity,500000.0,2016-08-16,early_2015_2019,2016,Ecommerce
SaleBhai,Ecommerce,"Sweets, Dry Fruits & Handicrafts etailer",Ahmedabad,Brand Capital,Private Equity,1500000.0,2016-08-16,early_2015_2019,2016,Ecommerce
Makkajai,Technology,Online & Mobile learning for kids,Pune,"Anand Chandrasekaran, Ananth Narayanan, Mekin Maheshwari, Ravi Garikipati, Divyesh Shah, Swastika Company Ltd",Seed Funding,250000.0,2016-08-16,early_2015_2019,2016,Technology
MaalGaadi,Logistics,Online Logistics Marketplace,Indore,"Swan Angel Network,Sachin Khandelwal and others",Seed Funding,375000.0,2016-08-17,early_2015_2019,2016,Logistics
Appknox,Technology,Mobile security solutions,Bangalore,"SeedPlus, Infocomm Investments, Accel Partners RNT Associates",Private Equity,675000.0,2016-08-17,early_2015_2019,2016,Technology
Quikr,Consumer Internet,Classified Listings platform,Mumbai,Brand Capital,Private Equity,20000000.0,2016-08-19,early_2015_2019,2016,Consumer Internet
Digio,Technology,Aadhar based Document Signing platform,Bangalore,Rainmatter,Private Equity,375000.0,2016-08-19,early_2015_2019,2016,Technology
Puro Wellness,Healthcare,"Organic,\\xc2\\xa0 Natural\\xc2\\xa0 Food substitute manufacturer",Mumbai,Torrent Group,Private Equity,37000000.0,2016-08-22,early_2015_2019,2016,Healthcare
Notesgen,Consumer Internet,Online Notes Sharing Portal,New Delhi,"Riju Gupta, Kamal Chabra",Seed Funding,100000.0,2016-08-23,early_2015_2019,2016,Consumer Internet
Octo.ai,Technology,Artificial Intelligence based marketing platform,New Delhi,"Outbox Ventures, Jaspreet Bindra, Arjun Malhotra, Rohan Malhotra, Sidharth Rao, Rakesh Agrawal",Seed Funding,200000.0,2016-08-23,early_2015_2019,2016,Technology
UnaAcademy,Consumer Internet,Free Interactive education platform,Bangalore,"Blume Ventures, Sachin Bansal, Vijay Shekhar Sharma, Binny Bansal,\\xc2\\xa0 Kunal Shah, Sandeep Tandon, Ashish Tulsian",Private Equity,1000000.0,2016-08-24,early_2015_2019,2016,Consumer Internet
Advenio,Technology,Clinical Imaging Solution Provider,Chandigarh,Kalaari Capital,Seed Funding,100000.0,2016-08-24,early_2015_2019,2016,Technology
Guarented,Ecommerce,Home Furnishing rental marketplace,Bangalore,Kalaari Capital,Seed Funding,500000.0,2016-08-24,early_2015_2019,2016,Ecommerce
Uber Dreams,Ecommerce,Dreams fulfilling marketplace,Mumbai,Mohit Lalvani,Seed Funding,500000.0,2016-08-24,early_2015_2019,2016,Ecommerce
Convegenius,Education,Edutainment platform,Noida,Michael and Susan Dell Foundation,Private Equity,900000.0,2016-08-24,early_2015_2019,2016,Education
UrbanLadder,Ecommerce,Online Furniture Store,Mumbai,Trifecta Capital,Private Equity,3000000.0,2016-08-24,early_2015_2019,2016,Ecommerce
Cult,Healthcare,Health and Fitness Centres,Bangalore,CureFit,Private Equity,3000000.0,2016-08-25,early_2015_2019,2016,Healthcare
ZoomCar,Consumer Internet,Self-driven car booking platform,Bangalore,Ford Smart Mobility Llc,Private Equity,24000000.0,2016-08-25,early_2015_2019,2016,Consumer Internet
Plix,Consumer Internet,Photo and Video Sharing App,Gurgaon,Instalabs,Seed Funding,500000.0,2016-08-26,early_2015_2019,2016,Consumer Internet
Mobikwik,Consumer Internet,Digital Wallet platform,Gurgaon,Net1 UEPS Technologies Inc,Private Equity,40000000.0,2016-08-26,early_2015_2019,2016,Consumer Internet
MyDidi,Consumer Internet,"on-demand, hyper-local Cleaning services provider",Mumbai,Undisclosed Ex Mckinsey Directors and Partners,Seed Funding,550000.0,2016-08-26,early_2015_2019,2016,Consumer Internet
LoanTap,Consumer Internet,Lending platform for Salaried professionals,Mumbai,"Dr. Abhishek Pandey, Jaysukh Sapra",Private Equity,3000000.0,2016-08-29,early_2015_2019,2016,Consumer Internet
Runnr,Consumer Internet,hyperlocal Logistics services provider,Bangalore,"Nexus Venture Partners, Blume Ventures",Private Equity,7000000.0,2016-08-29,early_2015_2019,2016,Consumer Internet
Notion Press,Consumer Internet,Self-Publishing books platform,Chennai,Undisclosed HNI investors,Private Equity,1000000.0,2016-08-29,early_2015_2019,2016,Consumer Internet
LivSpace,Consumer Internet,Online portal for Home Design,Bangalore,"Bessemer Venture Partners, Jungle Ventures, Helion Ventures",Private Equity,15000000.0,2016-08-29,early_2015_2019,2016,Consumer Internet
iAugmentor Labs,Technology,Assessment & Learning Platform,Gurgaon,Rajasthan Angel Investor Network & Others,Seed Funding,149000.0,2016-08-30,early_2015_2019,2016,Technology
DayBox,Consumer Internet,Fruit & Vegetable Delivery platform,New Delhi,"Ashutosh Lawania, Rajul Jain, Badal Malick, Rishi Gupta & Others",Seed Funding,104000.0,2016-08-30,early_2015_2019,2016,Consumer Internet
Paytm,Ecommerce,Mobile Wallet & ECommerce platform,Bangalore,MediaTek Inc.,Private Equity,60000000.0,2016-08-30,early_2015_2019,2016,Ecommerce
CropIn,Technology,Agriculture Technology Solutions,Bangalore,Sophia Investment ApS,Private Equity,2000000.0,2016-08-30,early_2015_2019,2016,Technology
Canvera,Consumer Internet,Photographer Discovery & Information platform,Bangalore,Info Edge (India) Ltd,Private Equity,3000000.0,2016-08-30,early_2015_2019,2016,Consumer Internet
Flyrobe,Ecommerce,Online fashion rental platform,Mumbai,"IDG Ventures, Sequoia Capital, GREE Ventures",Private Equity,5300000.0,2016-08-31,early_2015_2019,2016,Ecommerce
Venture Catalysts,Consumer Internet,Seed Investment & Innovation Platform,Mumbai,Zaffiro Ventures,Seed Funding,500000.0,2016-07-01,early_2015_2019,2016,Consumer Internet
Playment,Consumer Internet,Mobile Marketplace for Crowdsourced Work,Bangalore,SAIF Partners,Private Equity,700000.0,2016-07-02,early_2015_2019,2016,Consumer Internet
Curefit,Consumer Internet,Online Preventive Healthcare Platform,Bangalore,"Accel Partners, IDG Ventures, Kalaari Capital",Private Equity,15000000.0,2016-07-04,early_2015_2019,2016,Consumer Internet
StitchWood,Ecommerce,Custom Furniture Online,Mumbai,Deepak Gupta,Seed Funding,200000.0,2016-07-04,early_2015_2019,2016,Ecommerce
Grab.in,Logistics,hyperlocal logistics service,Mumbai,Aramex Ventures Llc,Private Equity,2000000.0,2016-07-04,early_2015_2019,2016,Logistics
NeoGrowth,Finance,SME Lending platform,Mumbai,"IIFL Wealth Management Seed Venture Fund, Omidyar Network, Khosla Impact, Aspada",Private Equity,16000000.0,2016-07-04,early_2015_2019,2016,Finance
SeeDoc,Consumer Internet,Video Based Doctor Consulting platform App,Gurgaon,YourNest Angel Fund\\xc2\\xa0 & Others,Private Equity,1000000.0,2016-07-05,early_2015_2019,2016,Consumer Internet
BookMyShow,Consumer Internet,Event & Movie Ticketing platform,Mumbai,"Stripes Group, Network 18, Accel Partners, SAIF Partners",Private Equity,82000000.0,2016-07-05,early_2015_2019,2016,Consumer Internet
Flyrobe,Ecommerce,Online fashion rental platform,Mumbai,"Sequoia Capital, Rohit Bansal, Kunal Bahl, Sandeep Tandon, Kunal Shah, Zishaan Hayath,\\xc2\\xa0 Abhishek Jain",Seed Funding,1700000.0,2016-07-05,early_2015_2019,2016,Ecommerce
HappilyUnmarried,Ecommerce,Online Merchandize etailer,New Delhi,Info Edge (India) Ltd,Private Equity,740000.0,2016-07-06,early_2015_2019,2016,Ecommerce
Don\\xe2\\x80\\x99t Scratch Your Head,Technology,Full Stack Offline & Online ERP Solution,Ahmedabad,"Gaurav Singhvi, Zaffiro Ventures",Seed Funding,250000.0,2016-07-06,early_2015_2019,2016,Technology
Wedding Wishlist,Consumer Internet,"Wedding Wishlist, Gifts & Registry Creation platform",Chennai,"Kirthiga Reddy, Renuka Ramanath,Cherry Tin",Seed Funding,297000.0,2016-07-06,early_2015_2019,2016,Consumer Internet
AppDaily,Technology,Mobile Security App development & Distribution,Mumbai,"Kalaari Capital, Qualcomm Ventures, ru-Net, Zodius Technology Opportunities Fund,",Private Equity,2000000.0,2016-07-07,early_2015_2019,2016,Technology
Adytude,Consumer Internet,Gamified Consumer Insights Portal,New Delhi,Indian Angel Network,Private Equity,1000000.0,2016-07-07,early_2015_2019,2016,Consumer Internet
HolaChef,Consumer Internet,Online Food Ordering & Delivery Platform,Mumbai,"Kalaari Capital, India Quotient",Private Equity,1950000.0,2016-07-08,early_2015_2019,2016,Consumer Internet
Purplle,Ecommerce,Beauty Products Marketplace,Mumbai,"JSW Ventures, Blume Ventures & IvyCap Ventures",Private Equity,6000000.0,2016-07-11,early_2015_2019,2016,Ecommerce
Trak N Tell,Technology,Car Tracking & Safety System,Gurgaon,Brian Acton,Private Equity,3500000.0,2016-07-11,early_2015_2019,2016,Technology
Overcart.com,Ecommerce,Unboxed & refurbished electronic products marketplace,Gurgaon,"JSW Ventures, Omidyar Network, Sattva Capital, Venture Works",Private Equity,3000000.0,2016-07-11,early_2015_2019,2016,Ecommerce
SirionLabs,Technology,SAAS based Service Agreement Management,Gurgaon,Sequoia Capital,Private Equity,12250000.0,2016-07-12,early_2015_2019,2016,Technology
YAAP,Consumer Internet,"Online Content Discovery, Creation & Distribution Platform",New Delhi,Rainmaker Ventures,Private Equity,5000000.0,2016-07-13,early_2015_2019,2016,Consumer Internet
Twigly,Consumer Internet,Online Food Ordering & Delivery Startup,Gurgaon,"Tracxn Labs, Hyderabad Angels, Kunal Shah, Gaurav Bhalotia",Seed Funding,600000.0,2016-07-13,early_2015_2019,2016,Consumer Internet
ShareChat,Consumer Internet,Vernacular Language Content Creation & Sharing App,Bangalore,"SAIF Partners, India Quotient",Private Equity,1350000.0,2016-07-13,early_2015_2019,2016,Consumer Internet
RentMojo,Consumer Internet,Online Furniture Renting Platform,Bangalore,"Accel Partners, IDG Ventures India",Private Equity,5000000.0,2016-07-13,early_2015_2019,2016,Consumer Internet
Augrav,Ecommerce,Personalized precious Jewellery etailer,Coimbatore,Keiretsu Forum,Seed Funding,450000.0,2016-07-14,early_2015_2019,2016,Ecommerce
ShoppinPal,Technology,M-Commerce Solutions for Retail Stores,Pune,"Plug and Play Tech Center, Steelhead Ventures & Others",Private Equity,1070000.0,2016-07-14,early_2015_2019,2016,Technology
WorkApps,Technology,Enterprise Work Management Software,Pune,SRI Capital,Seed Funding,1000000.0,2016-07-15,early_2015_2019,2016,Technology
BankerBay,Consumer Internet,Online Investment Banking platform,Bangalore,undisclosed investors,Private Equity,2000000.0,2016-07-15,early_2015_2019,2016,Consumer Internet
TripShelf,Ecommerce,Travel Package Marketplace,New Delhi,GEMS group,Seed Funding,250000.0,2016-07-15,early_2015_2019,2016,Ecommerce
Ridlr,Consumer Internet,Public Transport Mobile App,Mumbai,"Times Internet, Innoven Capital, Matrix Partners India, Qualcomm Ventures",Private Equity,6000000.0,2016-07-15,early_2015_2019,2016,Consumer Internet
Yellowdig,Consumer Internet,Online Learning Platform,Pune,SRI Capital,Seed Funding,650000.0,2016-07-18,early_2015_2019,2016,Consumer Internet
Zuppler,Consumer Internet,Online Food Ordering platform,New Delhi,SRI Capital,Seed Funding,650000.0,2016-07-18,early_2015_2019,2016,Consumer Internet
BlueStone,Ecommerce,Jewellery Etailer,Mumbai,"IIFL and Accel Partners, Kalaari Capital, IvyCap Ventures, RB Investments",Private Equity,30000000.0,2016-07-18,early_2015_2019,2016,Ecommerce
Sagacito,Technology,Cloud-Based Enterprise Solutions,New Delhi,Star India Pvt. Ltd,Private Equity,10000000.0,2016-07-19,early_2015_2019,2016,Technology
Deal4Loans / Wishfin,Consumer Internet,\\nLoans Comparison platform\\n\\n\\n\\n     (adsbygoogle = window.adsbygoogle || []).push({});\\n\\n,Noida,Franklin Templeton International Services Pvt. Ltd,Private Equity,15000000.0,2016-07-19,early_2015_2019,2016,Consumer Internet
NiYO Solutions,Technology,Payroll & Benefits Software solutions,Bangalore,Prime Venture Partners,Private Equity,1000000.0,2016-07-19,early_2015_2019,2016,Technology
AppLop,Consumer Internet,Mobile Apps SaaS Platform,Gurgaon,Green House Ventures Accelerator,Seed Funding,250000.0,2016-07-19,early_2015_2019,2016,Consumer Internet
Tax2Win,Consumer Internet,Online Tax Filing Portal,Jaipur,Undisclosed Investors,Private Equity,1000000.0,2016-07-20,early_2015_2019,2016,Consumer Internet
Truckola,Logistics,Tech-focused cargo transport startup,Mumbai,"Abhishek Agarwal, Krishnakumar Nataraj, Sarath Sura, Shanti Mohan, Sarthak and Nihit Agarwal, Suramya Gupta",Seed Funding,595000.0,2016-07-20,early_2015_2019,2016,Logistics
MyTaxiIndia,Consumer Internet,Online Car rental booking platform,New Delhi,Nihon Kotsu Co,Private Equity,1000000.0,2016-07-21,early_2015_2019,2016,Consumer Internet
Wiwigo,Consumer Internet,Inter-City Taxi Booking platform,Bangalore,Indian Angel Network,Seed Funding,595000.0,2016-07-21,early_2015_2019,2016,Consumer Internet
Atomberg,Technology,"smart, energy efficient home appliance manufacturer",Mumbai,Parampara Capital,Private Equity,1000000.0,2016-06-02,early_2015_2019,2016,Technology
Limo,Consumer Internet,Bus Aggregator Mobile app,Mumbai,Rainmaker Ventures,Private Equity,1000000.0,2016-06-02,early_2015_2019,2016,Consumer Internet
GoGo Truck,Consumer Internet,Truck Aggregator & Booking platform,Chennai,Undisclosed Investor,Seed Funding,75000.0,2016-06-03,early_2015_2019,2016,Consumer Internet
Vyome Biosciences,Healthcare,Treatment Development for Antibiotic-resistant diseases,New Delhi,Romulus Capital,Private Equity,2000000.0,2016-06-03,early_2015_2019,2016,Healthcare
SillyMonks,Consumer Internet,Digital Media and Entertainment Startup,Hyderabad,Sreenivasa Reddy Musani,Seed Funding,448000.0,2016-06-06,early_2015_2019,2016,Consumer Internet
CueMath,Education,K-12 Maths Learning Courses,Bangalore,"Sequoia Capital, Unitus Seed Fund",Private Equity,4000000.0,2016-06-07,early_2015_2019,2016,Education
KrazyBee,Consumer Internet,Student Micro-Loan platform,Bangalore,"Yeahmobi, Fenqile",Private Equity,2000000.0,2016-06-07,early_2015_2019,2016,Consumer Internet
Intgrea,Technology,Post merger Integration Partners,Bangalore,Undisclosed Investor,Seed Funding,100000.0,2016-06-07,early_2015_2019,2016,Technology
HelpShift,Technology,Mobile CRM Platform,Pune,"Microsoft Ventures, Salesforce Ventures",Private Equity,23000000.0,2016-06-07,early_2015_2019,2016,Technology
CreditVidya,Technology,Credit Scoring Platform,Mumbai,Kalaari Capital,Private Equity,1000000.0,2016-06-07,early_2015_2019,2016,Technology
Grey Campus,Consumer Internet,Online Learning Platform,Hyderabad,Sarath Sura,Seed Funding,1000000.0,2016-06-08,early_2015_2019,2016,Consumer Internet
ListUp,Ecommerce,Location based Classified Mobile app,Mumbai,"Kae Capital, Kunal Shah, Sandeep Tandon",Seed Funding,500000.0,2016-06-08,early_2015_2019,2016,Ecommerce
6Degree,Technology,Tech-enabled Fashion Talent platform,Mumbai,Indian Angel Network,Seed Funding,200000.0,2016-06-08,early_2015_2019,2016,Technology
StoreKing,Ecommerce,Connecting Small Town Consumers to E-Commerce,Bangalore,Axiata Digital,Private Equity,16000000.0,2016-06-08,early_2015_2019,2016,Ecommerce
MySeniorDoctor,Consumer Internet,Online medical support platform,Gurgaon,BlackJag Partners,Seed Funding,200000.0,2016-06-08,early_2015_2019,2016,Consumer Internet
EPayLater,Technology,Fin-Tech Platform,Mumbai,3 undisclosed HNIs,Seed Funding,2000000.0,2016-06-09,early_2015_2019,2016,Technology
Paytunes,Consumer Internet,Mobile based rewards platform,New Delhi,"CIO Angel Network, Indian Angel Network",Private Equity,500000.0,2016-06-10,early_2015_2019,2016,Consumer Internet
Bombay Shirt Company,Ecommerce,Online custom Shirt retailer,Mumbai,undisclosed investor,Private Equity,1000000.0,2016-06-13,early_2015_2019,2016,Ecommerce
Matrubharti,Consumer Internet,e-Book Publisher,Nan,Viridian Capital,Seed Funding,30000.0,2016-06-13,early_2015_2019,2016,Consumer Internet
Jivox,Technology,Data Driven Advertising platform,Bangalore,"You & Mr Jones, Fortisure Ventures, Diaz Nesamoney",Private Equity,6000000.0,2016-06-14,early_2015_2019,2016,Technology
Sminq,Consumer Internet,Queue management Mobile app,Pune,"Saama Capital, Blume Ventures & Vaibhav Domkundwar",Seed Funding,1000000.0,2016-06-14,early_2015_2019,2016,Consumer Internet
CureJoy,Consumer Internet,Online Alternative health community platform,Bangalore,Accel Partners India,Private Equity,4400000.0,2016-06-14,early_2015_2019,2016,Consumer Internet
Oneway.cab,Consumer Internet,Taxi Rental Platform,Vadodara,Indian Angel Network,Seed Funding,450000.0,2016-06-15,early_2015_2019,2016,Consumer Internet
Diro Labs,Consumer Internet,Contact Management Mobile App,New Delhi,Info Edge (India) Ltd,Private Equity,450000.0,2016-06-16,early_2015_2019,2016,Consumer Internet
Unnati Helpers,Consumer Internet,Help Hiring Platform,Gurgaon,Info Edge (India) Ltd,Private Equity,600000.0,2016-06-16,early_2015_2019,2016,Consumer Internet
Voonik,Ecommerce,Online Women\\xe2\\x80\\x99s Fashion Marketplace,Bangalore,Sequoia Capital,Private Equity,20000000.0,2016-06-16,early_2015_2019,2016,Ecommerce
Cleartax,Consumer Internet,Online Tax Filing Platform,New Delhi,"Ravi Adusumalli, SAIF Partners",Private Equity,12000000.0,2016-06-17,early_2015_2019,2016,Consumer Internet
Silvan Innovation Labs,Technology,Home Automation Solutions,Bangalore,Infuse Ventures,Private Equity,900000.0,2016-06-17,early_2015_2019,2016,Technology
GreytHR,Technology,Payroll & HR Software Developer,Bangalore,"New Enterprise Associates (NEA), Blume Ventures",Private Equity,5200000.0,2016-06-17,early_2015_2019,2016,Technology
Onspoon,Consumer Internet,Online Platform for Event Sponsorship,Mumbai,Swan Angel Network,Seed Funding,150000.0,2016-06-21,early_2015_2019,2016,Consumer Internet
Celerix,Technology,Fintech Product Development & Services Startup,Bangalore,Bitkemy Ventures,Seed Funding,400000.0,2016-06-21,early_2015_2019,2016,Technology
NatureNama,Consumer Internet,Online Outdoors & travel,Mumbai,Unicorn Venture,Seed Funding,225000.0,2016-06-21,early_2015_2019,2016,Consumer Internet
Syona Cosmetics,Fmcg,Beauty Products & Training to Salons & Spas,Chennai,The Chennai Angels,Seed Funding,150000.0,2016-06-21,early_2015_2019,2016,Other
PrettySecrets,Ecommerce,Women Lingerie Store,Mumbai,"RB Investments PTE Ltd, Orios Venture Partners",Private Equity,6000000.0,2016-06-21,early_2015_2019,2016,Ecommerce
SpiderG,Consumer Internet,Online invoice app for SMEs,Pune,"Rahul Kirloskar, Fusion Tech Ventures, Adi Saravanan, Pravin Dongre, Mahendra Doshi",Seed Funding,150000.0,2016-06-22,early_2015_2019,2016,Consumer Internet
FarEye,Technology,Logistics Management Software,New Delhi,Saif Partners,Private Equity,3500000.0,2016-06-23,early_2015_2019,2016,Technology
The Uolo,Consumer Internet,School Parent Communication App,Bangalore,"Purvi Ventures, Rajul Garg, Vipin Arora",Seed Funding,210000.0,2016-06-23,early_2015_2019,2016,Consumer Internet
Drivify,Consumer Internet,Professional Driver discovery & Booking Mobile app,Mumbai,"Jitendra Gupta, Pankaj Tripathi",Seed Funding,50000.0,2016-06-24,early_2015_2019,2016,Consumer Internet
ParaBlu,Technology,Cloud Data Security & Privacy Solutions,Bangalore,Kalaari Capital,Seed Funding,500000.0,2016-06-24,early_2015_2019,2016,Technology
Schedulers Logistics,Logistics,Cold Storage Logistics solutions,Mumbai,GVFL,Private Equity,6000000.0,2016-06-24,early_2015_2019,2016,Logistics
LEAP India,Others,Supply Chain Equipment & Services provider,Mumbai,Mayfield Ventures,Private Equity,3000000.0,2016-06-24,early_2015_2019,2016,Other
KabadiExpress,Others,Free Door Step Scrap Pickup Service,New Delhi,Undisclosed investor,Seed Funding,148000.0,2016-06-24,early_2015_2019,2016,Other
YourDost,Consumer Internet,Online counselling & Personal coaching platform,Bangalore,"SAIF Partners, Aprameya Radhakrishnan, Phanindra Sama, Subba Rao Telidevara, Vibhu Garg, Paula Ravindra Mariwala, Gaurav Bhalotia",Seed Funding,1200000.0,2016-06-27,early_2015_2019,2016,Consumer Internet
Gomalon,Consumer Internet,Online Spa & Salon discovery & Booking platform,Bangalore,Undisclosed investor,Seed Funding,100000.0,2016-06-27,early_2015_2019,2016,Consumer Internet
Travelyaari,Consumer Internet,Online ticket booking platform,Bangalore,GVFL Ltd,Private Equity,3000000.0,2016-06-27,early_2015_2019,2016,Consumer Internet
FabHotels,Consumer Internet,Online Hotel aggregator & Booking platform,Gurgaon,"Accel Partners, RB Investments",Private Equity,8000000.0,2016-06-28,early_2015_2019,2016,Consumer Internet
Locanix,Technology,GPS based SaaS Solutions,Ahmedabad,Undisclosed investors,Seed Funding,300000.0,2016-06-28,early_2015_2019,2016,Technology
LendingKart,Consumer Internet,Online Working Capital Business Loans Platform,Ahmedabad,"Bertelsmann India Investments, Mayfield India, Saama Capital, India Quotient",Private Equity,32000000.0,2016-06-28,early_2015_2019,2016,Consumer Internet
Hello Tax,Consumer Internet,Online Tax Filing Platform,New Delhi,Sanjeev Sinha,Seed Funding,295000.0,2016-06-28,early_2015_2019,2016,Consumer Internet
LetReach,Ecommerce,ECommerce SAAS Solutions,New Delhi,vCommission,Private Equity,100000.0,2016-06-29,early_2015_2019,2016,Ecommerce
TrendieApp,Technology,Visual Content Marketing,Kolkata,Harsh Vardhan Hada,Seed Funding,50000.0,2016-06-29,early_2015_2019,2016,Technology
Velvetcase,Ecommerce,Online designer jewellery marketplace,Mumbai,"Uniqorn Ventures Fund, TV Mohandas Pai, S Somasegar",Private Equity,1500000.0,2016-06-29,early_2015_2019,2016,Ecommerce
Meru Cabs,Consumer Internet,Online/ Mobile Tax Cab booking,Mumbai,Brand Capital,Private Equity,25000000.0,2016-06-30,early_2015_2019,2016,Consumer Internet
Campus Diaries,Consumer Internet,Student focussed Content Discovery portal,Bangalore,Aarin Capital,Seed Funding,220000.0,2016-06-30,early_2015_2019,2016,Consumer Internet
Biryani Blues,Food & Beverage,QSR Chain,Gurgaon,Carpediem Capital & Others,Private Equity,368000.0,2016-06-30,early_2015_2019,2016,Food & Beverage
Get My Parking,Technology,Parking Technology Platform,New Delhi,The Chennai Angels,Seed Funding,376000.0,2016-05-01,early_2015_2019,2016,Technology
Prescribez,Consumer Internet,Health Service Aggregator Platform,Pune,Ankush Mehta,Seed Funding,145000.0,2016-05-01,early_2015_2019,2016,Consumer Internet
Mobikwik,Consumer Internet,Mobile & Digital Wallet,Gurgaon,"GMO Payment Gateway, MediaTek",Private Equity,50000000.0,2016-05-03,early_2015_2019,2016,Consumer Internet
Zwayam,Consumer Internet,Online Recruitment Platform,Bangalore,Undisclosed investors,Seed Funding,250000.0,2016-05-03,early_2015_2019,2016,Consumer Internet
Zuver,Consumer Internet,Car driver Discovery App,Mumbai,"Shruth & Smith Group, Hermes Group",Seed Funding,180000.0,2016-05-03,early_2015_2019,2016,Consumer Internet
EasyRoads,Consumer Internet,Road Trip planning Mobile app,Mumbai,"Rohan Angrish, Hrishi Oberoi, Rahul Mehta, Kapil Hetamsaria, Pranav Dedhia",Seed Funding,200000.0,2016-05-04,early_2015_2019,2016,Consumer Internet
Lenskart,Ecommerce,Eyewear & Accessories etailer,New Delhi,"International Finance Corp, TPG Growth, Adveq Management, IDG Ventures, Ratan Tata, Kris Gopalakrishnan",Private Equity,60000000.0,2016-05-04,early_2015_2019,2016,Ecommerce
Seclore,Technology,Enterprise Security Technology platform,Mumbai,"Sistema Asia Fund, Helion Venture, VentureEast, India Alternatives",Private Equity,12000000.0,2016-05-04,early_2015_2019,2016,Technology
SolarTown,Technology,Solar Rooftop system installation company,Chennai,Grex.in,Seed Funding,200000.0,2016-05-04,early_2015_2019,2016,Technology
Comarete,Technology,Telecom & Media IT services company,Pune,Grex.in,Seed Funding,200000.0,2016-05-04,early_2015_2019,2016,Technology
MyDentistChoice,Ecommerce,Medical Supplies eTailer,Hyderabad,Undisclosed investors,Seed Funding,150000.0,2016-05-04,early_2015_2019,2016,Ecommerce
Active.ai,Technology,Intelligent Tech platform for Finance vertical,Singapore,Kalaari Capital Accelerator Program,Seed Funding,500000.0,2016-05-04,early_2015_2019,2016,Technology
Affordplan,Technology,Affordable non-emergency medical service health plans,New Delhi,Kalaari Capital Accelerator Program,Seed Funding,500000.0,2016-05-04,early_2015_2019,2016,Technology
Indee,Consumer Internet,Web Video Streaming Platform,Bangalore,Kalaari Capital Accelerator Program,Seed Funding,500000.0,2016-05-04,early_2015_2019,2016,Consumer Internet
WebAlligator,Consumer Internet,Cloud Based Software Solutions,Bangalore,Group of undisclosed Angel Investors & HNIs,Seed Funding,375000.0,2016-05-05,early_2015_2019,2016,Consumer Internet
EduAce Services,Education,Education Workshops & mentoring programs,Lucknow,MoMagic Technologies,Private Equity,1000000.0,2016-05-06,early_2015_2019,2016,Education
Zebroads,Logistics,Logistics and Warehousing services,Hyderabad,Undisclosed investors,Seed Funding,75000.0,2016-05-07,early_2015_2019,2016,Logistics
Locus,Technology,Logistics Intelligence platform,Bangalore,"Exfinity Venture Partners, Blume Ventures, BeeNext, Rajesh Ranavat",Private Equity,2750000.0,2016-05-09,early_2015_2019,2016,Technology
Toko Innovations,Consumer Internet,Children\\xe2\\x80\\x99s Entertainment Portal,Bangalore,"Roopak Saluja, Vishal Khare",Seed Funding,450000.0,2016-05-09,early_2015_2019,2016,Consumer Internet
Rentickle,Ecommerce,"Furniture, appliances Portal",New Delhi,"Manish Kheterpal, Vinay Mittal, Dinesh Mittal, Sandeep Gupta",Seed Funding,250000.0,2016-05-09,early_2015_2019,2016,Ecommerce
HealthifyMe,Consumer Internet,Health & Fitness App,Bangalore,"IDG Ventures India, Inventus Capital, Blume Ventures",Private Equity,6000000.0,2016-05-10,early_2015_2019,2016,Consumer Internet
Zarget,Consumer Internet,Conversion Rate Optimization Platform,Chennai,"Accel Partners, Matrix Partners, Girish Mathrubootham",Private Equity,1500000.0,2016-05-10,early_2015_2019,2016,Consumer Internet
InnoNano Research,Technology,Clean Water Technology,Chennai,NanoHoldings,Private Equity,18000000.0,2016-05-10,early_2015_2019,2016,Technology
SchoolWear,Ecommerce,School Uniform & Supplies Marketplace,Mumbai,Undisclosed investors,Seed Funding,1500000.0,2016-05-10,early_2015_2019,2016,Ecommerce
Swiggy,Consumer Internet,Food Delivery Platform,Bangalore,"Norwest Venture Partners, DST Global, Accel Partners",Private Equity,7000000.0,2016-05-10,early_2015_2019,2016,Consumer Internet
Zenify,Consumer Internet,Home rental Discovery & Booking Portal,Bangalore,Undisclosed Investors,Private Equity,900000.0,2016-05-11,early_2015_2019,2016,Consumer Internet
Fractal Analytics,Technology,Data Analytics Company,Mumbai,Khazanah Nasional Berhad,Private Equity,100000000.0,2016-05-11,early_2015_2019,2016,Technology
Unacademy,Consumer Internet,Free Online Education Platform,Bangalore,"Blume Ventures, Rajan Anandan, Sumit Jain, Aprameya Radhakrishna, Sujeet Kumar, Phanindra Sama",Seed Funding,500000.0,2016-05-12,early_2015_2019,2016,Consumer Internet
Capital Float,Consumer Internet,Online Lending Platform,Bangalore,"Creation Investments Capital Management, SAIF Partners, Sequoia Capital, Aspada Ventures",Private Equity,25000000.0,2016-05-12,early_2015_2019,2016,Consumer Internet
Life Circle,Healthcare,Senior Healthcare Services,Hyderabad,GROUPE SOS,Private Equity,150000.0,2016-05-12,early_2015_2019,2016,Healthcare
StayZilla,Consumer Internet,Budget Room Aggregator Booking platform,Chennai,"Matrix Partners, Nexus Ventures",Private Equity,13500000.0,2016-05-13,early_2015_2019,2016,Consumer Internet
WoW Express,Logistics,E-Commerce Logistics Solutions,Mumbai,Undisclosed Investors & Tamarind Family Private Trust,Private Equity,2200000.0,2016-05-13,early_2015_2019,2016,Logistics
Smartivity,Ecommerce,Smart Learning products,Delhi,"S Chand, AdvantEdge Partners",Private Equity,1000000.0,2016-05-16,early_2015_2019,2016,Ecommerce
TheSmartQ,Consumer Internet,Food Ordering Mobile App,Bangalore,YourNest Angel Fund,Seed Funding,250000.0,2016-05-18,early_2015_2019,2016,Consumer Internet
PurpleHealth,Consumer Internet,Online health-on-demand platform,Trivandrum,Katabole Technology Venture,Seed Funding,100000.0,2016-05-18,early_2015_2019,2016,Consumer Internet
EduPristine,Education,Online Certification Courses,Mumbai,"Kaizen Management Advisors, DeVry Inc",Private Equity,10000000.0,2016-05-18,early_2015_2019,2016,Education
BhiveWorkspace,Reality,Co-Working Spaces,Bangalore,Blume Ventures,Private Equity,1000000.0,2016-05-18,early_2015_2019,2016,Other
Appie,Consumer Internet,Location-based offline retail discovery platform,Mumbai,Undisclosed investors,Seed Funding,1000000.0,2016-05-19,early_2015_2019,2016,Consumer Internet
TaxiVaxi,Consumer Internet,Cab Aggregating Platform,New Delhi,Undisclosed HNIs,Seed Funding,500000.0,2016-05-19,early_2015_2019,2016,Consumer Internet
Veqta,Consumer Internet,On Demand Digital Sports Network,New Delhi,"Chatsworth Management, ITW Digital",Seed Funding,500000.0,2016-05-19,early_2015_2019,2016,Consumer Internet
i2ifunding,Consumer Internet,Online Peer to Peer Funding,Noida,Undisclosed Investors,Seed Funding,300000.0,2016-05-20,early_2015_2019,2016,Consumer Internet
Hoppingo,Consumer Internet,Fashion Discovery platform,New Delhi,vCommission,Seed Funding,89000.0,2016-05-23,early_2015_2019,2016,Consumer Internet
Goalwise,Consumer Internet,Online investment platform,Bangalore,Undisclosed HNIs,Seed Funding,1000000.0,2016-05-24,early_2015_2019,2016,Consumer Internet
Address Health,Healthcare,Pediatric Primary Healthcare Network,Bangalore,Gray Matters Capital,Private Equity,1500000.0,2016-05-25,early_2015_2019,2016,Healthcare
Arcatron Mobility,Technology,Mobility Devices for differently abled,Pune,Sudhir Mehta,Seed Funding,100000.0,2016-05-25,early_2015_2019,2016,Technology
Cleartax,Consumer Internet,Online Income Tax Filing platform,Bangalore,"FF Angel, Sequoia Capital",Private Equity,2000000.0,2016-05-26,early_2015_2019,2016,Consumer Internet
mChamp,Consumer Internet,Celebrity Entertainment Contest App,New Delhi,MoMagic Technologies,Seed Funding,475000.0,2016-05-26,early_2015_2019,2016,Consumer Internet
Vahanalytics,Technology,Safe driving Analytics platform,Mumbai,"Anirudh Damani, Vikram Lakhotia",Seed Funding,200000.0,2016-05-30,early_2015_2019,2016,Technology
Koovs,Ecommerce,Apparel & Lifestyle eTailer,New Delhi,HT Media Ltd,Private Equity,4400000.0,2016-05-31,early_2015_2019,2016,Ecommerce
CCavenue,Consumer Internet,Payment Gateway,Mumbai,NSI Infinium Global Pvt. Ltd,Private Equity,8900000.0,2016-05-31,early_2015_2019,2016,Consumer Internet
MachaDalo,Consumer Internet,Hyperlocal Advertising Platform,Mumbai,Undisclosed Investors,Seed Funding,175000.0,2016-05-31,early_2015_2019,2016,Consumer Internet
Dil Mil,Consumer Internet,Matchmaking Mobile App,Sfo / Bangalore,"Nelstone Ventures, Transmedia Capital, Maiden Lane Ventures, CSC Upshot & Angel investors",Private Equity,2700000.0,2016-04-01,early_2015_2019,2016,Consumer Internet
Hungama,Consumer Internet,Digital Media Entertainment Portal,Mumbai,Xiaomi Inc,Private Equity,25000000.0,2016-04-04,early_2015_2019,2016,Consumer Internet
Shipsy,Logistics,Logistics Solutions,Gurgaon,DTDC Express Ltd,Private Equity,1000000.0,2016-04-06,early_2015_2019,2016,Logistics
gear6,Consumer Internet,Online bike service and repairs platform,Bangalore,Ninestarter,Seed Funding,500000.0,2016-04-06,early_2015_2019,2016,Consumer Internet
MyGlamm,Consumer Internet,Mobile based on-demand Beauty Services platform,Mumbai,L\\xe2\\x80\\x99Occitane,Private Equity,6000000.0,2016-04-06,early_2015_2019,2016,Consumer Internet
Petoo,Consumer Internet,Online Food Delivery Platform,Bangalore,Axilor Ventures,Private Equity,1000000.0,2016-04-06,early_2015_2019,2016,Consumer Internet
imedilane,Consumer Internet,Online Health Diagnosis platform,New Delhi,"Mahendra Patel, Nilender Chauhan",Seed Funding,40000.0,2016-04-08,early_2015_2019,2016,Consumer Internet
Living Local,Consumer Internet,Social discovery platform,Mumbai,Rattan Chadha,Seed Funding,200000.0,2016-04-11,early_2015_2019,2016,Consumer Internet
Oyo,Consumer Internet,Online Branded Budget Room Booking Service,New Delhi,"Softbank, Sequoia Capital, Lightspeed Venture Partners, Greenoaks Capital, DSG Consumer Partners and Venture Nursery",Private Equity,100000000.0,2016-04-11,early_2015_2019,2016,Consumer Internet
PriceRaja,Consumer Internet,Price Comparison Portal,Gurgaon,Prashant Puri,Seed Funding,300000.0,2016-04-11,early_2015_2019,2016,Consumer Internet
MagicX,Consumer Internet,On-Demand Task Management App,Bangalore,"Kris Gopalakrishnan, Dr. Ranjan Pai",Seed Funding,1000000.0,2016-04-12,early_2015_2019,2016,Consumer Internet
Legalraasta,Consumer Internet,Online legal Services for Startups,New Delhi,"Pravin Khandelwal, Yatin Kumar Jain",Seed Funding,1000000.0,2016-04-13,early_2015_2019,2016,Consumer Internet
RainCan,Consumer Internet,Subscription-based grocery delivery Mobile App,Pune,Dr. Aniruddha Malpani,Seed Funding,150000.0,2016-04-13,early_2015_2019,2016,Consumer Internet
Hippily,Ecommerce,Fashion ECommerce App,Mumbai,"Dr. Sridhar Ramaswamy, Rakesh Mathur",Seed Funding,250000.0,2016-04-13,early_2015_2019,2016,Ecommerce
kredX,Ecommerce,Invoice discounting\\xc2\\xa0 Marketplace,Bangalore,"Prime Venture Partners,",Seed Funding,750000.0,2016-04-13,early_2015_2019,2016,Ecommerce
BeaconsTalk,Technology,contextual mobile advertising,Mumbai,"Rajeev Agrawal, Prashant Gooty",Seed Funding,100000.0,2016-04-14,early_2015_2019,2016,Technology
RenewBuy,Consumer Internet,Online Car & Bike Insurance Comparison portal,New Delhi,Mount Nathan Advisors,Seed Funding,1000000.0,2016-04-15,early_2015_2019,2016,Consumer Internet
Vyomo,Consumer Internet,On-Demand Beauty Service provider,New Delhi,Naturals Salon Chain,Private Equity,15000000.0,2016-04-15,early_2015_2019,2016,Consumer Internet
NestAway,Consumer Internet,Furnished Home Rental Platform,Bangalore,Tiger Global,Private Equity,30000000.0,2016-04-15,early_2015_2019,2016,Consumer Internet
Tapchief,Consumer Internet,Expert Advice Platform,Bangalore,Vijay Shekhar Sharma,Seed Funding,150000.0,2016-04-15,early_2015_2019,2016,Consumer Internet
Jugnoo,Consumer Internet,On-demand Delivery & Logistics platform,Chandigarh,Paytm & existing investors,Private Equity,10000000.0,2016-04-18,early_2015_2019,2016,Consumer Internet
Betaout,Ecommerce,customer intelligence and marketing automation platform,Noida,"Stanford Angels, LetsVenture, Chennai Angels, Hyderabad Angels, Mumbai Angels",Private Equity,1500000.0,2016-04-19,early_2015_2019,2016,Ecommerce
DriversCart,Consumer Internet,on-demand chauffeur provider,Chennai,ah! Ventures,Seed Funding,450000.0,2016-04-19,early_2015_2019,2016,Consumer Internet
CollegeDekho,Consumer Internet,College & Student information platform,New Delhi,Man Capital,Private Equity,2000000.0,2016-04-19,early_2015_2019,2016,Consumer Internet
1mg,Ecommerce,Online Pharmacy,Gurgaon,"Maverick Capital Ventures, Sequoia Capital, Omidyar Network",Private Equity,15000000.0,2016-04-20,early_2015_2019,2016,Ecommerce
Licious,Ecommerce,Mobile based Meat ordering App,Bangalore,Mayfield India II Management Ltd,Private Equity,3000000.0,2016-04-22,early_2015_2019,2016,Ecommerce
TOKO Innovation Studios,Consumer Internet,Children\xe2\x80\x99s Entertainment Games & Products,New Delhi,Indian Angel network,Seed Funding,450000.0,2016-04-22,early_2015_2019,2016,Consumer Internet
Commut,Consumer Internet,Shuttle Service Provider,Hyderabad,50K Ventures,Seed Funding,200000.0,2016-04-25,early_2015_2019,2016,Consumer Internet
Dropkaffe,Food & Beverage,Ready-to-Drink Beverage Producer,Bangalore,"GrowthStory, Apurva Salapuria, Hitesh Oberoi, Sidharth Pansari, Nirupa Shankar",Seed Funding,550000.0,2016-04-25,early_2015_2019,2016,Food & Beverage
Transerv,Consumer Internet,Digital Payments platform,Mumbai,"IDFC SPICE Fund, Micromax Informatics",Private Equity,15000000.0,2016-04-26,early_2015_2019,2016,Consumer Internet
ClearTax,Consumer Internet,Online filing of Tax returns,Bangalore,"Max Levchin, Scott Banister",Private Equity,1300000.0,2016-04-26,early_2015_2019,2016,Consumer Internet
Roposo,Ecommerce,Social Fashion ECommerce Discovery platform,Gurgaon,Bertelsmann India Investments,Private Equity,15000000.0,2016-04-26,early_2015_2019,2016,Ecommerce
MilkBasket,Consumer Internet,Micro Grocery Delivery Platform,Gurgaon,EVC Ventures,Seed Funding,500000.0,2016-04-27,early_2015_2019,2016,Consumer Internet
ICHR,Consumer Internet,Mobile based Children health Information app,New Delhi,Undisclosed,Seed Funding,450000.0,2016-04-27,early_2015_2019,2016,Consumer Internet
The Wedding Brigade,Consumer Internet,Online Wedding Information Portal,Mumbai,Blume Ventures & Other unnamed Investors,Seed Funding,600000.0,2016-04-28,early_2015_2019,2016,Consumer Internet
DocsApp,Consumer Internet,Online Doctor Discovery & Chat platform,Bangalore,"Rebright Partners, Anand Rajaraman, Venky Harinarayan",Private Equity,1200000.0,2016-04-28,early_2015_2019,2016,Consumer Internet
Impact Guru,Consumer Internet,Online Crowdfunding platform for NGOs & Social Projects,Mumbai,"RB Investments, Fundnel",Seed Funding,500000.0,2016-04-29,early_2015_2019,2016,Consumer Internet
LetReach,Ecommerce,ECommerce SAAS Solutions,New Delhi,vCommission,Private Equity,100000.0,2016-04-29,early_2015_2019,2016,Ecommerce
MoMark,Consumer Internet,Mobile Wallet Aggregation platform,Noida,YourNest Angel Fund,Private Equity,600000.0,2016-03-02,early_2015_2019,2016,Consumer Internet
Systemantics,Technology,Industrial robots maker,Bangalore,"Nandan Nilekani, Accel Partners",Private Equity,1400000.0,2016-03-02,early_2015_2019,2016,Technology
Imarticus Learning,Education,Financial Services & Analytics Education Institute,Mumbai,"Blinc Advisors, Amit Nanavati, Tashwinder Singh, Taranjit Jaswal, Amit Khanna",Private Equity,1000000.0,2016-03-03,early_2015_2019,2016,Education
Shouut,Consumer Internet,Social Discovery Mobile app,New Delhi,Undisclosed investor,Seed Funding,500000.0,2016-03-03,early_2015_2019,2016,Consumer Internet
Aahaa,Ecommerce,Office Products Super Store,Chennai,"YourNest Angel Fund,",Private Equity,1000000.0,2016-03-04,early_2015_2019,2016,Ecommerce
FTCash,Consumer Internet,Mobile Payments Platform,Kolkata,IvyCap Ventures,Seed Funding,150000.0,2016-03-04,early_2015_2019,2016,Consumer Internet
Zappka,Consumer Internet,Mobile App discovery and review platform,Gurgaon,"Daman Soni, Rajat Gupta & Others",Seed Funding,100000.0,2016-03-04,early_2015_2019,2016,Consumer Internet
medECUBE,Healthcare,Healthcare related Services provider,Gurgaon,Artiman Ventures,Private Equity,4000000.0,2016-03-04,early_2015_2019,2016,Healthcare
N.O.W,Consumer Internet,Bike Taxi Service & Hyperlocal Delivery App,Noida,"Ruchirans Jaipuria, Anuj Sanghi",Seed Funding,500000.0,2016-03-07,early_2015_2019,2016,Consumer Internet
Ninjacart,Ecommerce,B2B marketplace for Farmers & Retailers,Bangalore,"Accel Partners, Qualcomm Ventures, M&S Partners, Zop Smart",Private Equity,3000000.0,2016-03-07,early_2015_2019,2016,Ecommerce
Reach,Consumer Internet,Cross Platform P2P file sharing mobile app,Bangalore,"Rebright Partners, Sol Primero, Sudhir Anandarao, Ankur Warikoo, Ankur Singla",Seed Funding,500000.0,2016-03-07,early_2015_2019,2016,Consumer Internet
Vanity Cube,Consumer Internet,Hyperlocal Beauty Services platform,New Delhi,Unicorn Ventures,Seed Funding,250000.0,2016-03-07,early_2015_2019,2016,Consumer Internet
Medidaili,Consumer Internet,Medical Support service platform,Bangalore,Undisclosed private investors,Seed Funding,100000.0,2016-03-07,early_2015_2019,2016,Consumer Internet
LoveCycles,Consumer Internet,Women\\xe2\\x80\\x99s health Tracker,Bangalore,Prime Venture Partners,Seed Funding,750000.0,2016-03-08,early_2015_2019,2016,Consumer Internet
Kartrocket,Ecommerce,ECommerce SAAS platform,New Delhi,"Undisclosed Japanese investor, Bertelsmann India Investments, Nirvana Digital India Fund, Nirvana Digital Investment Holding Co Ltd, 500 Start-Ups",Private Equity,8000000.0,2016-03-08,early_2015_2019,2016,Ecommerce
dunzo,Consumer Internet,Daily Task Management App,Bangalore,"Aspada Investment Advisors, Blume Ventures.",Seed Funding,650000.0,2016-03-08,early_2015_2019,2016,Consumer Internet
SmartVizX,Technology,Virtual Reality Solutions,Noida,"Indian Angel Network, Stanford Angels, Entrepreneurs India",Seed Funding,500000.0,2016-03-09,early_2015_2019,2016,Technology
MyGubbi,Real Estate,Interior Design & Home D\\xc3\\xa9cor Solutions,Bangalore,"Vipul Parekh, ajesh K Murthy,",Seed Funding,2500000.0,2016-03-09,early_2015_2019,2016,Real Estate
Nukkad Shops,Consumer Internet,Hyperlocal Grocery Delivery Service,Hyderabad,PurpleTalk Inc,Seed Funding,1000000.0,2016-03-09,early_2015_2019,2016,Consumer Internet
Justride,Consumer Internet,Self Drive Car Rental,Mumbai,Dheeraj Jain & Other angel investors,Seed Funding,400000.0,2016-03-09,early_2015_2019,2016,Consumer Internet
Big Fish Ventures,Food & Beverage,premium dining lounges Chain,New Delhi,Undisclosed investors,Private Equity,11100000.0,2016-03-10,early_2015_2019,2016,Food & Beverage
Icertis,Technology,Contract Management Software Solutions platform,Pune/Seattle,"Ignition Partners, Greycroft Partners, Fidelity Growth Partners India",Private Equity,15000000.0,2016-03-10,early_2015_2019,2016,Technology
Supplified,Ecommerce,Construction material eTailer,New Delhi,Mohit Goel,Seed Funding,1000000.0,2016-03-10,early_2015_2019,2016,Ecommerce
PinkBlue,Ecommerce,Medical Supplies eTailer,Bangalore,"Hari Krishna, Ajay Modani, Dr V Ravinder, Anirudh Rastogi, Abhishek Jain, Rakesh Gakhar, Rajeev Mudumba, Nagendra Prasad Bhanuprakash",Seed Funding,223608.0,2016-03-14,early_2015_2019,2016,Ecommerce
TruckingCube,Logistics,"Domestic, Commercial, and Industrial Goods Movers",New Delhi,Agarwal Movers Group,Private Equity,14900000.0,2016-03-14,early_2015_2019,2016,Logistics
FlipClass,Consumer Internet,Tutor Search Platform,Bangalore,"S Chand and Co Pvt Ltd, Blume Ventures",Private Equity,1000000.0,2016-03-15,early_2015_2019,2016,Consumer Internet
Proximit,Technology,Advertising Technology,Pune,Funding through 1Crowd platform,Seed Funding,150000.0,2016-03-15,early_2015_2019,2016,Technology
WithMe,Consumer Internet,Personalized Fashion App,Gurgaon,"Alex Kuruvilla, Pradeep Guha, Saket Dhankar, Rajan Pandhare",Seed Funding,250000.0,2016-03-15,early_2015_2019,2016,Consumer Internet
Gapoon,Consumer Internet,Hyperlocal Home Maintenance services,Bangalore,"Chandrashekar Tallapragada, Pankaj Kapoor",Seed Funding,180000.0,2016-03-16,early_2015_2019,2016,Consumer Internet
Wealthy,Consumer Internet,Online Investment management portal,Bangalore,"Zishaan Hayath, Abhishek Goyal, Arjun and Rohan Malhotra, Harpreet Singh Grover, Gagan Dugal",Seed Funding,250000.0,2016-03-16,early_2015_2019,2016,Consumer Internet
Pramati,Healthcare,Specialized Patient Care platform,Noida,Undisclosed investors,Seed Funding,200000.0,2016-03-17,early_2015_2019,2016,Healthcare
Qlivery,Consumer Internet,Ondemand Concierge Service,Gurgaon,Swastika Company Ltd,Seed Funding,230000.0,2016-03-17,early_2015_2019,2016,Consumer Internet
HealthEnablr,Consumer Internet,Doctor Discovery and booking platform,Mumbai,Undisclosed investors,Seed Funding,800000.0,2016-03-17,early_2015_2019,2016,Consumer Internet
Liftiee,Consumer Internet,Car/ bike Pooling App,Mumbai,"Rannvijay Singh, Anita Hassanandani",Seed Funding,108000.0,2016-03-17,early_2015_2019,2016,Consumer Internet
Hello Curry,Food & Beverage,Quick Service Restaurant Chain,Hyderabad,Sashi Reddi & Other unnamed investors,Private Equity,1500000.0,2016-03-18,early_2015_2019,2016,Food & Beverage
goSporto,Consumer Internet,Online Sports discovery and booking platform,New Delhi,Naveen Gupta,Seed Funding,30000.0,2016-03-19,early_2015_2019,2016,Consumer Internet
Room On Call,Consumer Internet,Budget hotel aggregator,Gurgaon,CASHurDRIVE Marketing Pvt Ltd,Private Equity,2000000.0,2016-03-21,early_2015_2019,2016,Consumer Internet
Byju\\xe2\\x80\\x99s,Consumer Internet,Educational Video Content Creator,Bangalore,"Sequoia India, Sofina",Private Equity,75000000.0,2016-03-22,early_2015_2019,2016,Consumer Internet
BigBasket,Ecommerce,Online Grocery Shop,Bangalore,Abraaj Group,Private Equity,150000000.0,2016-03-22,early_2015_2019,2016,Ecommerce
DrivoJoy,Consumer Internet,On-demand 2-wheeler Servicing platform,Bangalore,"Indian Angel Network, Tracxn Labs & Others",Seed Funding,600000.0,2016-03-22,early_2015_2019,2016,Consumer Internet
CreditSeva,Consumer Internet,Online Credit management tools,Hyderabad,"Pix Vine Capital, Infocomm Development Authority of Singapore",Seed Funding,360000.0,2016-03-22,early_2015_2019,2016,Consumer Internet
Endless Robotics,Technology,Interior Painting Automation,Hyderabad,"Devidas Desai, Vipul Gautam, Singapore Angel Network",Seed Funding,100000.0,2016-03-23,early_2015_2019,2016,Technology
SP Robotics,Technology,Robotic Classes for Students,Chennai,"Indian Angel Network,",Seed Funding,300000.0,2016-03-23,early_2015_2019,2016,Technology
eKincare,Consumer Internet,Healthcare related solutions,Hyderabad,"BitChemy Ventures, Maheshwari Investments Pvt Ltd, Anshoo Gaur, Rama Krishna Reddy, Sandeep Seerapu",Private Equity,330000.0,2016-03-23,early_2015_2019,2016,Consumer Internet
Wheelstreet,Consumer Internet,Online Bike Rental platform,Bangalore,Broadbean Capital services,Private Equity,500000.0,2016-03-23,early_2015_2019,2016,Consumer Internet
Horntell,Consumer Internet,Unified Push Notification service,Gurgaon,"Bharanidharan Viswanathan, Sanjiv Mittal, Shobhit Shukla, Rahul Agarwal",Seed Funding,150000.0,2016-03-24,early_2015_2019,2016,Consumer Internet
Schoolkart,Ecommerce,Online Marketplace for Schools,Noida,Undisclosed investors,Seed Funding,300000.0,2016-03-28,early_2015_2019,2016,Ecommerce
Babygogo,Consumer Internet,Child healthcare experts aggregator mobile app,New Delhi,"Rajul Garg, Daljit Singh, Aditya Vij, Kishore Kumar, Shuchin Bajaj",Seed Funding,300000.0,2016-03-29,early_2015_2019,2016,Consumer Internet
Veritas Finance,Finance,Asset Based Lending platform,Chennai,Sarva Capital,Private Equity,4700000.0,2016-03-29,early_2015_2019,2016,Finance
QikShip,Consumer Internet,Mobile based Logistics provider,New Delhi,undisclosed investors,Seed Funding,200000.0,2016-03-29,early_2015_2019,2016,Consumer Internet
FixNix,Consumer Internet,GRC SAAS Platform,Chennai,Jay Vijayan,Seed Funding,500000.0,2016-03-29,early_2015_2019,2016,Consumer Internet
Touchkin,Healthcare,Predictive Healthcare platform,Bangalore,"Alok Mittal, Amit Gupta, Anuj Srivastava, Himanshu Aggarwal, Raghunandan G, Puneet Agarwal",Seed Funding,400000.0,2016-03-30,early_2015_2019,2016,Healthcare
Altizone,Technology,IoT & M2M Solutions,Pune,"Wipro Ventures,\\xc2\\xa0 Lumis Partners",Private Equity,4000000.0,2016-02-02,early_2015_2019,2016,Technology
Strike,Consumer Internet,Mobile Email productivity tool,Bangalore,Multiple investors through Ten Minute Million competition,Seed Funding,22500.0,2016-02-02,early_2015_2019,2016,Consumer Internet
MaaxMarket,Consumer Internet,Marketing Automation platform,Nan,Multiple investors through Ten Minute Million competition,Seed Funding,22500.0,2016-02-02,early_2015_2019,2016,Consumer Internet
Gamooz,Technology,Augmented Reality Solutions,Gurgaon,Multiple investors through Ten Minute Million competition,Seed Funding,22500.0,2016-02-02,early_2015_2019,2016,Technology
SoundSurround,Technology,Audio Technology Solutions,Mumbai,Multiple investors through Ten Minute Million competition,Seed Funding,22500.0,2016-02-02,early_2015_2019,2016,Technology
Mazkara,Consumer Internet,Beauty & Wellness Platform,Pune / Dubai,Dunamis Ventures Pte Ltd.,Seed Funding,1000000.0,2016-02-03,early_2015_2019,2016,Consumer Internet
RoadGods,Ecommerce,Auto Spare Parts eTailer,New Delhi,Green House Ventures (GHV),Seed Funding,100000.0,2016-02-03,early_2015_2019,2016,Ecommerce
Pindropmusic,Consumer Internet,Music Discovery Mobile App,Noida,Green House Ventures (GHV),Seed Funding,100000.0,2016-02-03,early_2015_2019,2016,Consumer Internet
Woodpie,Consumer Internet,Book Recommendation Service,Bangalore,Ingram Content Group,Seed Funding,30000.0,2016-02-03,early_2015_2019,2016,Consumer Internet
Perfumery,Ecommerce,Fragrances & Perfume eTailer,New Delhi,Oranda Global & Others,Seed Funding,30000.0,2016-02-04,early_2015_2019,2016,Ecommerce
ZenDrive,Technology,Safe Driving Data & Analytics platform,Bangalore / Sfo,"Sherpa Capital, Nyca Partners and Thomvest Ventures",Private Equity,13500000.0,2016-02-05,early_2015_2019,2016,Technology
Gingercrush,Ecommerce,Personalized Products & Merchandize eTailer,Vadodara,"Saha Fund, TV Mohandas Pai, Zia Mody, Mumbai Angels, Ananda Kallugadde, Rakesh Desai, Rakesh Malhotra",Private Equity,1000000.0,2016-02-05,early_2015_2019,2016,Ecommerce
American Vision,Consumer Internet,Optical Store Aggregator Platform,Pune,Undisclosed investors,Seed Funding,81000.0,2016-02-05,early_2015_2019,2016,Consumer Internet
DawaiLelo,Consumer Internet,Healthcare Services & Online Pharmacy Mobile App,Varanasi,Undisclosed investors,Seed Funding,52000.0,2016-02-05,early_2015_2019,2016,Consumer Internet
Heads Up For Tails,Ecommerce,Pet Products eTailer,New Delhi,Undisclosed investors,Seed Funding,1000000.0,2016-02-06,early_2015_2019,2016,Ecommerce
iStyleYou,Consumer Internet,Personal Fashion Stylist App,Gurgaon,Green House Ventures (GHV),Seed Funding,100000.0,2016-02-08,early_2015_2019,2016,Consumer Internet
AdUrCup,Consumer Internet,Ad Network,New Delhi,Green House Ventures (GHV),Seed Funding,100000.0,2016-02-08,early_2015_2019,2016,Consumer Internet
Xpressbees,Ecommerce,ECommerce Logistics solutions,Pune,"SAIF Partners, IDG Ventures India, Vertex Ventures, Valiant Capital",Private Equity,12500000.0,2016-02-08,early_2015_2019,2016,Ecommerce
Capzest,Consumer Internet,Digital Lending Platform,Mumbai,Lion Ventures,Seed Funding,200000.0,2016-02-10,early_2015_2019,2016,Consumer Internet
Affimity,Consumer Internet,Social Networking platform,Bangalore,undisclosed investors,Seed Funding,1200000.0,2016-02-10,early_2015_2019,2016,Consumer Internet
Anandakanda,Technology,Medicine Intake Reminder System,Pune,undisclosed investors,Seed Funding,150000.0,2016-02-10,early_2015_2019,2016,Technology
ActOnMagic,Technology,Cloud Analytics and Management Products,Bangalore,Jayabalan Subramanian,Seed Funding,125000.0,2016-02-12,early_2015_2019,2016,Technology
Bonhomia,Food & Beverage,premium Tea and Coffee,New Delhi,"Alok Rawat, Grey Orange Robotics",Seed Funding,1000000.0,2016-02-12,early_2015_2019,2016,Food & Beverage
iGrenEnergi,Technology,Solar Power Solutions,Mumbai,Sunil Mehta,Seed Funding,1000000.0,2016-02-12,early_2015_2019,2016,Technology
RKSV,Consumer Internet,Online Stock Trading Platform,Mumbai,Kalaari Capital,Private Equity,4000000.0,2016-02-12,early_2015_2019,2016,Consumer Internet
Aasaanjobs,Consumer Internet,Online Recruitment Marketplace,Mumbai,"Aspada Advisors, IDG Ventures,\\xc2\\xa0 Inventus Capital",Private Equity,5000000.0,2016-02-15,early_2015_2019,2016,Consumer Internet
Snapdeal,Ecommerce,Horizontal Online Marketplace,New Delhi,Ontario Teachers\\xe2\\x80\\x99 Pension Plan & Others,Private Equity,200000000.0,2016-02-15,early_2015_2019,2016,Ecommerce
GoYaNo,Consumer Internet,Events & Restaurant Discovery Marketplace App,Gurgaon,Mukesh Kumar Gupta,Seed Funding,50000.0,2016-02-15,early_2015_2019,2016,Consumer Internet
RentSher,Consumer Internet,Online Household Product Rental platform,Bangalore,"Vaibhav Doshi, Abhay Singhal, Vibhu Garg, Joby Babu, Abhishek Acharya, Manish Shah",Seed Funding,300000.0,2016-02-15,early_2015_2019,2016,Consumer Internet
Buddy,Finance,Micro Lending Platform for eCommerce purchases,Bangalore,"Blume Ventures,\\xc2\\xa0 Tracxn Labs",Seed Funding,500000.0,2016-02-15,early_2015_2019,2016,Finance
TableHero,Consumer Internet,Dynamic Restaurant Website creator,Bangalore,"GrowX Ventures, Kunal Shah, Sandeep Tandon, Haresh Chawla, Powai Lake Ventures, Globevestor",Seed Funding,1000000.0,2016-02-16,early_2015_2019,2016,Consumer Internet
BetterPlace,Technology,Data analytics based Verification services Platform,Bangalore,Unitus Seed Fund,Seed Funding,970000.0,2016-02-16,early_2015_2019,2016,Technology
icustommadeit,Ecommerce,Professional Custom creators Marketplace,Pune,"Brand Capital, Siddhivinayak Skyscrapers, Dinesh R. Challa",Private Equity,4000000.0,2016-02-16,early_2015_2019,2016,Ecommerce
GameZop,Technology,Mobile Gaming Platform,New Delhi,"KWAN Entertainment & Marketing Solutions, Powerhouse Ventures & Others",Seed Funding,350000.0,2016-02-17,early_2015_2019,2016,Technology
The Viral Fever,Consumer Internet,Independent Online Video production company,Mumbai,Tiger Global,Private Equity,10000000.0,2016-02-17,early_2015_2019,2016,Consumer Internet
Avanti Learning,Education,Private Coaching Classes,New Delhi,Michael & Susan Dell Foundation,Private Equity,5000000.0,2016-02-17,early_2015_2019,2016,Education
HealthKumbh,Consumer Internet,Health related Information portal,Ahmedabad,Undisclosed investor,Seed Funding,73000.0,2016-02-18,early_2015_2019,2016,Consumer Internet
Careongo,Ecommerce,Online Pharmacy store,New Delhi,Farooq Oomerbhoy & Other angel investors,Seed Funding,300000.0,2016-02-18,early_2015_2019,2016,Ecommerce
Ark Robot,Technology,Warehouse Automation,Bangalore,Qualcomm (Through QPrize Contest),Seed Funding,350000.0,2016-02-18,early_2015_2019,2016,Technology
Jaypore,Ecommerce,Ethnic Products marketplace,New Delhi,Aavishkaar,Private Equity,5000000.0,2016-02-19,early_2015_2019,2016,Ecommerce
Advantage Club,Consumer Internet,mobile platform for corporate employee benefits,Gurgaon,Purvi Ventures & Others,Seed Funding,400000.0,2016-02-19,early_2015_2019,2016,Consumer Internet
Baby Berry,Consumer Internet,Parenting Mobile app,Bangalore,Nitin Bagmane & Other undisclosed investors,Seed Funding,1000000.0,2016-02-22,early_2015_2019,2016,Consumer Internet
Magicpin,Consumer Internet,Hyperlocal Discover Mobile App,New Delhi,Lightspeed India,Private Equity,3000000.0,2016-02-22,early_2015_2019,2016,Consumer Internet
First Eat,Consumer Internet,Healthy Food Delivery platform,New Delhi,Undisclosed investor,Seed Funding,100000.0,2016-02-22,early_2015_2019,2016,Consumer Internet
Taskbob,Consumer Internet,Hyperlocal Handyman services platform,Mumbai,"IvyCap Ventures, Orios Venture Partners, Mayfield India",Private Equity,4500000.0,2016-02-22,early_2015_2019,2016,Consumer Internet
Styledotme,Consumer Internet,Mobile Fashion App,New Delhi,Indian Angel Network,Seed Funding,37000.0,2016-02-22,early_2015_2019,2016,Consumer Internet
CupoNation,Consumer Internet,Deals and Discount platform,Gurgaon,"Rocket Internet AG, Holtzbrink Ventures, New Enterprise Associates (NEA), e.ventures, ru-Net, Deutsche Telekom Strategic Investments (DTSI), Silicon Valley Bank",Private Equity,11000000.0,2016-02-23,early_2015_2019,2016,Consumer Internet
Sayfix,Consumer Internet,Hyperlocal Home Services Provider,Bangalore,Yajnanarayana Kammaje,Seed Funding,160000.0,2016-02-24,early_2015_2019,2016,Consumer Internet
NoBroker,Consumer Internet,Peer to peer property listing platform,Bangalore,"Beenext, Digital Garage, Beenos, Qualgro, Mamoru Taniya, SAIF Partners",Private Equity,10000000.0,2016-02-24,early_2015_2019,2016,Consumer Internet
AppilyEver,Consumer Internet,Online wedding services marketplace,Hyderabad,"Varun Aggarwal, Suresh Venkat, Raj Y",Seed Funding,400000.0,2016-02-24,early_2015_2019,2016,Consumer Internet
Pocketin,Consumer Internet,Hotel reservations & Deal platform,Noida,Swastika Company Ltd,Seed Funding,150000.0,2016-02-24,early_2015_2019,2016,Consumer Internet
OfBusiness,Ecommerce,B2B commerce Marketplace,Gurgaon,Matrix Partners India,Private Equity,5000000.0,2016-02-25,early_2015_2019,2016,Ecommerce
Juspay,Consumer Internet,Digital Payments solutions,Bangalore,"Accel Partners, Ashish Hemrajani, Parikshit Dar, Rajesh Balpande",Private Equity,5800000.0,2016-02-25,early_2015_2019,2016,Consumer Internet
Funcart,Ecommerce,Party Supplies Etailer,New Delhi,Undisclosed HNIs,Seed Funding,70000.0,2016-02-25,early_2015_2019,2016,Ecommerce
Freedom Smart Labs,Technology,IoT retail solutions,New Delhi,Kapil Goel,Seed Funding,145000.0,2016-02-26,early_2015_2019,2016,Technology
EduBridge,Consumer Internet,Skill development and vocational training platform,Mumbai,"Insitor Impact Asia Fund, Acumen Fund",Private Equity,2500000.0,2016-02-26,early_2015_2019,2016,Consumer Internet
Hopscotch,Ecommerce,Baby & Kids Products Online Flash sales platform,Mumbai,Eduardo Saverin,Private Equity,13000000.0,2016-02-29,early_2015_2019,2016,Ecommerce
B9 Beverages,Food & Beverage,Craft Beer manufacturing company,New Delhi,"Sequoia Capital, Kunal Bahl, Rohit Bansal, Deepinder Goyal, Ashish Dhawan, Mayank Singhal",Private Equity,6000000.0,2016-01-04,early_2015_2019,2016,Food & Beverage
MyChild App,Education,Child Disorder Information & Education,Bhopal,"Samir Bangara, Anisha Mittal, Amit Gupta, Pallav Nadhani, Lalit Mangal, Arihant Patni, Dr. Ritesh Malik, Deobrat Singh, Saurab Paruthi, Singapore Angel Network.",Seed Funding,100000.0,2016-01-05,early_2015_2019,2016,Education
360Ride,Consumer Internet,Ride Sharing platform,Bangalore,Undisclosed,Seed Funding,150000.0,2016-01-05,early_2015_2019,2016,Consumer Internet
Alef\\nMobitech,Consumer Internet,Cloud Mobility Solutions,Mumbai,Tata Capital Innovation Fund,Private Equity,5000000.0,2016-01-05,early_2015_2019,2016,Consumer Internet
Sensara,Technology,"TV Search, Guide and Remote mobile app",Bangalore,"Lalitesh Katragadda,\\xc2\\xa0 Ganayantrika Systems",Seed Funding,750000.0,2016-01-06,early_2015_2019,2016,Technology
Zebpay,Consumer Internet,Bitcoin Buying & Selling Mobile App,Ahmedabad,"Arjun Handa, Amit Jindal, Nagendra Chaudhary",Private Equity,1000000.0,2016-01-06,early_2015_2019,2016,Consumer Internet
PlanMy\\nMedicalTrip,Healthcare,Medical Tourism platform,Pune,"Bhanu Vikram Parsotam, Rohan Desai and Paras Patel",Seed Funding,150000.0,2016-01-06,early_2015_2019,2016,Healthcare
MyCity4Kids,Education,Children Education & Information platform,Gurgaon,"SIDBI Venture Capital Limited, YourNest Angel Fund",Private Equity,3000000.0,2016-01-06,early_2015_2019,2016,Education
Justdakhila.com,Education,School Student admissions platform,New Delhi,Ankur Gupta,Seed Funding,750000.0,2016-01-06,early_2015_2019,2016,Education
Infurnia,Consumer Internet,Online Furniture Customization platform,Bangalore,Idein Ventures,Seed Funding,160000.0,2016-01-07,early_2015_2019,2016,Consumer Internet
Myly,Education,Mobile Based Education platform,Jaipur,Newbie Promoter Pvt Ltd,Seed Funding,100000.0,2016-01-07,early_2015_2019,2016,Education
MakeMyTrip,Consumer Internet,Online Travel/Hotel Booking platform,Gurgaon,Ctrip.com International Ltd,Private Equity,180000000.0,2016-01-07,early_2015_2019,2016,Consumer Internet
Melorra,Ecommerce,Online/ Mobile Jewellery Retailer,Bangalore,Lightbox Ventures,Private Equity,5000000.0,2016-01-08,early_2015_2019,2016,Ecommerce
ConfirmTKT,Consumer Internet,Train PNR Status Prediction Platform,Bangalore,"Krishna Jhujhunwala, Dr. Apoorv Ranjan Sharma, Anirudh Damani, Anand Ladsariya, Sanjay Mehta & Others",Seed Funding,250000.0,2016-01-08,early_2015_2019,2016,Consumer Internet
Gyaanzone,Education,Career Planning and Education Advisory Platform,Mumbai,GBIM Technologies Pvt Ltd,Seed Funding,45000.0,2016-01-08,early_2015_2019,2016,Education
Koovs,Ecommerce,Online Fashion Apparel Retailer,Gurgaon,"Nahata Family, Waheed Alli",Private Equity,5400000.0,2016-01-11,early_2015_2019,2016,Ecommerce
FreshMenu,Consumer Internet,Online / Mobile Food Ordering platform,Bangalore,"Zodius Capital, Lightspeed Venture Partners",Private Equity,16500000.0,2016-01-11,early_2015_2019,2016,Consumer Internet
SavvyMob,Ecommerce,Last Minute Hotel Bookings mobile marketplace,Bangalore,"TV Mohandas Pai, LetsVenture",Seed Funding,1000000.0,2016-01-11,early_2015_2019,2016,Ecommerce
Shopclues,Ecommerce,ECommerce Marketplace,Gurgaon,"GIC, Tiger Global Management, Nexus Venture Partners",Private Equity,100000000.0,2016-01-12,early_2015_2019,2016,Ecommerce
iBus Networks,Technology,Next Generation in-building connectivity,Bangalore,"Vallabh Bhanshali, N Squared Management LLC, Jagdish & Sandeep Mehta Family Office",Private Equity,2300000.0,2016-01-12,early_2015_2019,2016,Technology
Happy2Refer,Consumer Internet,Mobile based Referral Platform,Mumbai,"Equity Crest, Vinners, Sparknext",Seed Funding,250000.0,2016-01-12,early_2015_2019,2016,Consumer Internet
CarTrade,Consumer Internet,Auto Classifieds Portal,Mumbai,"Temasek Holdings, March Capital, Warburg Pincus",Private Equity,145000000.0,2016-01-13,early_2015_2019,2016,Consumer Internet
Rentomo,Consumer Internet,peer-to-peer renting Marketplace,Bangalore,Shiva Ashok & Other unnamed investors,Seed Funding,100000.0,2016-01-13,early_2015_2019,2016,Consumer Internet
Roder,Consumer Internet,inter-city cab aggregator,New Delhi,Unicorn India Ventures,Seed Funding,240000.0,2016-01-13,early_2015_2019,2016,Consumer Internet
Care24,Healthcare,Professional Health Services Platform,Mumbai,"SAIF Partners, India Quotient",Private Equity,4000000.0,2016-01-13,early_2015_2019,2016,Healthcare
Orahi,Consumer Internet,Carpooling Mobile App,Gurgaon,Indian Angel Network,Seed Funding,520000.0,2016-01-14,early_2015_2019,2016,Consumer Internet
Fitso,Consumer Internet,Fitness related Social Networking App & Forum,Gurgaon,"Varun Khurana, Samar Singla, Vinay Bansal,",Seed Funding,200000.0,2016-01-15,early_2015_2019,2016,Consumer Internet
Kartrocket,Consumer Internet,SAAS DIY\\xc2\\xa0 ECommerce Platform,New Delhi,"Bertelsmann India Investments, Nirvana Digital India Fund, Nirvana Digital Investment Holding, 500 Startups",Private Equity,6000000.0,2016-01-18,early_2015_2019,2016,Consumer Internet
Swiggy,Consumer Internet,Online/Mobile food ordering platform,Bangalore,"Harmony Partners, RB Investments & existing investors",Private Equity,35000000.0,2016-01-19,early_2015_2019,2016,Consumer Internet
DailyObjects,Ecommerce,Mobile Accessories etailer,New Delhi,"Unilazer Fund,\\xc2\\xa0 Phanindra Sama, Peyush Bansal",Private Equity,1400000.0,2016-01-19,early_2015_2019,2016,Ecommerce
Indus OS,Technology,Local language Mobile OS,Mumbai,"Omidyar Network,",Private Equity,5000000.0,2016-01-19,early_2015_2019,2016,Technology
CollegeDunia,Consumer Internet,Educational College Search platform,New Delhi,Umang Kumar,Seed Funding,445000.0,2016-01-19,early_2015_2019,2016,Consumer Internet
Villgro,Finance,Social Business Incubator & Fund,Chennai,"Lemelson Foundation, Michael and Susan Dell Foundation",Private Equity,3500000.0,2016-01-19,early_2015_2019,2016,Finance
IndustryBuying,Ecommerce,B2B Industrial Goods Marketplace,New Delhi,Trifecta Capital,Private Equity,1800000.0,2016-01-20,early_2015_2019,2016,Ecommerce
Just Buy Live,Ecommerce,B2B Marketplace for Distributors,Mumbai,Alpha Capital,Private Equity,20000000.0,2016-01-20,early_2015_2019,2016,Ecommerce
IMbesharam,Ecommerce,Adult Products Etailers,New Delhi / Us,Undisclosed US Based Investors,Private Equity,4000000.0,2016-01-20,early_2015_2019,2016,Ecommerce
Moodoo,Consumer Internet,Social Meeting organizer App,Mumbai / Uk,Sa\\xc3\\xafd Business School Seed Fund.,Seed Funding,40000.0,2016-01-20,early_2015_2019,2016,Consumer Internet
Fisdom,Consumer Internet,Personal Finance Mobile App,Bangalore,Rob Chandra,Seed Funding,500000.0,2016-01-21,early_2015_2019,2016,Consumer Internet
Easypolicy,Consumer Internet,Online insurance policy aggregator,Noida,Unilazer Ventures,Private Equity,2200000.0,2016-01-21,early_2015_2019,2016,Consumer Internet
Housing.com,Consumer Internet,Online Real Estate Portal,Mumbai,SoftBank Corp,Private Equity,15000000.0,2016-01-21,early_2015_2019,2016,Consumer Internet
CREO,Technology,Smartphone OS Developer,Bangalore,"Sequoia Capital, Beenext Ventures, India Quotient, Anand Chandrasekaran",Private Equity,3000000.0,2016-01-21,early_2015_2019,2016,Technology
ShabdaNagari,Consumer Internet,Hindi Language Social Networking Portal,Kanpur,Kanpur Angels & Others,Seed Funding,200000.0,2016-01-22,early_2015_2019,2016,Consumer Internet
SnapBizz,Ecommerce,Mobile based Retail Market Ecosystem,Bangalore,"Jungle Ventures, Taurus Value Creation, Konly Venture, Blume Ventures",Private Equity,7200000.0,2016-01-22,early_2015_2019,2016,Ecommerce
Silvan,Technology,Home Automation & Security Solutions,Bangalore,The Chennai Angels,Seed Funding,515000.0,2016-01-22,early_2015_2019,2016,Technology
EPS,Technology,Electronic Payments Solution Company,Mumbai,APIS Partners,Private Equity,35000000.0,2016-01-22,early_2015_2019,2016,Technology
Qubole,Technology,Enterprise Cloud Based Data Processing,Bangalore,"Institutional Venture Partners, Norwest Venture Partners, Lightspeed Venture Partners, CRV",Private Equity,30000000.0,2016-01-22,early_2015_2019,2016,Technology
SIFTR Labs,Consumer Internet,Photography curation & Aggregator platform,Mumbai,Venture Catalysts,Seed Funding,150000.0,2016-01-25,early_2015_2019,2016,Consumer Internet
Power2SME,Consumer Internet,SME Online Buying Hub,Gurgaon,"Nandan Nilekani, Accel Partners, Kalaari Capital and Inventus Capital",Private Equity,21000000.0,2016-01-25,early_2015_2019,2016,Consumer Internet
Buildzar,Ecommerce,Construction Material ETailer,Gurgaon,Puneet Dalmia,Private Equity,4000000.0,2016-01-27,early_2015_2019,2016,Ecommerce
Applicate,Technology,"Sales, Market, Distribution & Data Analytics Platform",Bangalore,Undisclosed investors,Seed Funding,1000000.0,2016-01-27,early_2015_2019,2016,Technology
Zebi (yet to launch),Technology,Data Intelligence & Analytics,Hyderabad,Un disclosed investors,Seed Funding,1000000.0,2016-01-28,early_2015_2019,2016,Technology
Truce,Fmcg,Vegetables & Fruits Supply Chain,Mumbai,"Anupam Mittal, Amit Gupta, Utsav Somani, Neeraj Goenka, Farooq Adam Mukadam",Seed Funding,370000.0,2016-01-28,early_2015_2019,2016,Other
Qriyo,Consumer Internet,Online Fitness & Educational information Aggregator,Jodhpur,Idein Ventures,Seed Funding,160000.0,2016-01-29,early_2015_2019,2016,Consumer Internet
Aisle,Consumer Internet,Indians focused Matchmaking App,Bangalore,"TermSheet, ah! Ventures",Seed Funding,185000.0,2016-01-29,early_2015_2019,2016,Consumer Internet
FreshMenu,Consumer Internet,Fresh Food Delivery platform,Bangalore,"Zodius Technology Fund, Lightspeed Venture Partners",Private Equity,17000000.0,2016-01-29,early_2015_2019,2016,Consumer Internet
Truebil,Ecommerce,Online marketplace for cars,Mumbai,"Kalaari Capital, Inventus Capital, Tekton Ventures, Kae Capital",Private Equity,5150000.0,2016-01-29,early_2015_2019,2016,Ecommerce
Rare Media,Technology,Mobile & Cloud based App developer,New Delhi,Info Edge (India) Ltd,Private Equity,1100000.0,2016-01-29,early_2015_2019,2016,Technology
CollegeDekho,Online Education Information Platform,,Jaipur,GirnarSoft,Seed Funding,1000000.0,2015-12-01,early_2015_2019,2015,Other
Patel Logistics,Transportation & Logistics Platform,,Mumbai,Frontline Strategy,Private Equity,5600000.0,2015-12-01,early_2015_2019,2015,Other
Wigzo,Enterprise Marketing Automation Platform,,New Delhi,"Aarin Capital Partners, TV Mohandas Pai",Seed Funding,500000.0,2015-12-01,early_2015_2019,2015,Other
Godof Hospitals,Digital Healthcare,,New Delhi,Pankaj Gupta,Seed Funding,2000000.0,2015-12-01,early_2015_2019,2015,Other
RoomsTonite,Last Minute Hotel Booking App,,Bangalore,"Lashit Sanghvi, Nikhil Vora, Venkat Vardhan,Mohammed Bin Abdul Rehman Al Khalifa,\\xc2\\xa0 Ralph Berezan, Vissal Mathew,\\xc2\\xa0 Balamurali Krishna",Seed Funding,1500000.0,2015-12-02,early_2015_2019,2015,Other
EasyKhaana,Online Food Ordering & Delivery Platform,,New Delhi,Undisclosed investors,Seed Funding,100000.0,2015-12-03,early_2015_2019,2015,Other
Shuttl,App Based Bus Pooling Services,,Gurgaon,"Sequoia Capital, Times Internet Ltd & One more Fund",Private Equity,20000000.0,2015-12-03,early_2015_2019,2015,Other
Applop,On Demand Mobile App Developer,,Kolkata,GHV Accelerator,Seed Funding,100000.0,2015-12-04,early_2015_2019,2015,Other
CaRPM,Car Maintenance & Management Mobile App,,Gurgaon,GHV Accelerator,Seed Funding,100000.0,2015-12-04,early_2015_2019,2015,Other
NDTV Wedding portal,Online Wedding Marketplace,,New Delhi,CerraCap,Private Equity,20000000.0,2015-12-04,early_2015_2019,2015,Other
Customfurnish,Custom Made Furniture E-Tailer,,Hyderabad,Agnus Capital,Private Equity,4500000.0,2015-12-07,early_2015_2019,2015,Other
Faasos,Qsr Chain,,Pune,"ru-Net, Sequoia Capital,\\xc2\\xa0 Lightbox Ventures",Private Equity,30000000.0,2015-12-07,early_2015_2019,2015,Other
Leaf Wearables,Smart Safety Wearable Devices,,New Delhi,"Ajeet Khurana Jinesh Shah, Vikram Chachra, Dr. Aniruddha Malpani",Seed Funding,250000.0,2015-12-07,early_2015_2019,2015,Other
Coolshare,Cab Sharing Service Mobile App,,Mumbai,Gopal Aggarwal,Seed Funding,100000.0,2015-12-07,early_2015_2019,2015,Other
Yumist,Home Cooked Food Order & Delivery Platform,,Gurgaon,"Unilazer Ventures, Orios Venture Partners, Steven Lurie",Private Equity,2000000.0,2015-12-08,early_2015_2019,2015,Other
Jigsaw Academy,Online School For Analytics Learning,,Bangalore,Manipal Global Education Services,Private Equity,3000000.0,2015-12-09,early_2015_2019,2015,Other
Voxweb,Picture Creation & Social Mobile App,,Mumbai,Undisclosed Investor,Seed Funding,350000.0,2015-12-09,early_2015_2019,2015,Other
Aye Finance,Nonbanking Finance Company,,New Delhi,"SAIF Partners, Accion",Private Equity,3000000.0,2015-12-09,early_2015_2019,2015,Other
BlackBuck,Online Freight Services Aggregator,,Bangalore,"Tiger Global Management, Yuri Milner, Apoletto, Accel Partners, Flipkart",Private Equity,25000000.0,2015-12-10,early_2015_2019,2015,Other
HomeStudio,Online Branded Furniture Etailer,,Bangalore,Bren Corporation,Private Equity,5000000.0,2015-12-10,early_2015_2019,2015,Other
PropheSee,Digital Analytics Platform,,New Delhi,"Indian Angel Network, Stanford Angels, Entrepreneurs India",Seed Funding,500000.0,2015-12-10,early_2015_2019,2015,Other
i2e1,Internet Network Infrastructure Services,,New Delhi,GrowX Ventures,Seed Funding,500000.0,2015-12-10,early_2015_2019,2015,Other
Holisol Logistics,Supply Chain & Logistics Solutions,,New Delhi,CLSA Capital Partners ARIA IV Funds,Private Equity,10000000.0,2015-12-10,early_2015_2019,2015,Other
Paynear,Mobile Point Of Sale Solutions,,Hyderabad,Mitesh Majithia,Private Equity,2500000.0,2015-12-10,early_2015_2019,2015,Other
Chillr,Peer-To-Peer Money Transfer & Recharge App,,Mumbai,"Sequoia Capital, Blume Ventures, Uniqorn Ventures and other",Private Equity,70000000.0,2015-12-10,early_2015_2019,2015,Other
EureQa,Test Automation Saas Platform,,Hyderabad/Usa,"Sashi Reddi, Gabriel Investments",Seed Funding,600000.0,2015-12-11,early_2015_2019,2015,Other
OnlineRTI,Online Rti Application Services,,Bangalore,"LetsVenture, Mohandas Pai",Seed Funding,150000.0,2015-12-11,early_2015_2019,2015,Other
Weddingz.in,Wedding Venues & Vendors Marketplace,,Mumbai,"Rajan Anandan, Zoya Akhtar, Reema Kagati, Ruchi Narain, Amrish Kumar, Hrishikesh Parandekar",Seed Funding,1000000.0,2015-12-11,early_2015_2019,2015,Other
Capricoast,Modular Furnishings Marketplace,,Bangalore,"Accel Partners India, RB Investments",Private Equity,3500000.0,2015-12-14,early_2015_2019,2015,Other
Cabsguru,Cab Search Comparison & Booking Platform,,New Delhi,Prashanth Ranganathan,Seed Funding,200000.0,2015-12-14,early_2015_2019,2015,Other
Whoop,Performance Optimization Platform For Athletes,,Boston,Infosys,Private Equity,3000000.0,2015-12-14,early_2015_2019,2015,Other
Streamoid,Visual Search And Discovery Platform,,Bangalore / Palo Alto,Undisclosed,Seed Funding,1000000.0,2015-12-15,early_2015_2019,2015,Other
Housejoy,Home Services Marketplace,,Bangalore,"Amazon, Vertex Ventures, Qualcomm, Ru-Net Technology Partners, Matrix Partners",Private Equity,22500000.0,2015-12-16,early_2015_2019,2015,Other
Bluebirch,End To End Reverse Logistics Solution Platform,,Bangalore,"Chicago Capital Ventures, Sanjay Mehta, Others",Seed Funding,2000000.0,2015-12-16,early_2015_2019,2015,Other
MeraDoctor,Virtual Health Consultation App,,Mumbai,Unilazer,Private Equity,1200000.0,2015-12-16,early_2015_2019,2015,Other
Rivigo,Logistics Services Provider,,Gurgaon,SAIF Partners and others,Private Equity,30000000.0,2015-12-17,early_2015_2019,2015,Other
Springboard,Data Science & Ux Design Learning Platform,,Bangalore,"Allen Blue, John Katzman, Naveen Tewari, Kartik Hosanagar, Kashyap Deorah, 500 Startups, Blue Fog Capital",Seed Funding,1700000.0,2015-12-17,early_2015_2019,2015,Other
Ampere Vehicles,Electric Bike Manufacturers,,Coimbatore,Kris Gopalakrishnan & Others,Seed Funding,1200000.0,2015-12-18,early_2015_2019,2015,Other
CBREX,International Hiring Platform,,Mumbai / Ny,"Prahlad Rao, Sundara Rajan, Vikram Chachra",Seed Funding,200000.0,2015-12-18,early_2015_2019,2015,Other
TruckMandi,Logistics Service Provider Marketplace,,New Delhi,"Ritesh Dwivedy, Ramakant Sharma, Mount Nathan Advisors",Private Equity,2000000.0,2015-12-21,early_2015_2019,2015,Other
Peppertap,Hyperlocal\\Xc2\\Xa0 Grocery Delivery Service,,Gurgaon,Innoven Capital,Private Equity,4000000.0,2015-12-21,early_2015_2019,2015,Other
KOOH Sports,Sports Education Platform,,Mumbai,"TCS, HDFC, Faering Capital, Elevate Sports",Private Equity,2000000.0,2015-12-21,early_2015_2019,2015,Other
LatestOne,Mobile Accessories Online Store,,Hyderabad,Palred Technologies Ltd,Private Equity,3000000.0,2015-12-22,early_2015_2019,2015,Other
Arya.ai,Artificial Intelligence Platform,,Mumbai,"YourNest Angel Fund, Venture Nursery",Private Equity,750000.0,2015-12-22,early_2015_2019,2015,Other
Doctor Insta,Medical Consultation & Doctor Appointment Booking Platform,,Gurgaon,"Rishi Parti, BrahmaX Ventures",Private Equity,500000.0,2015-12-22,early_2015_2019,2015,Other
MobieFit,Mobile Fitness App,,Goa,Medi Assist,Private Equity,1000000.0,2015-12-22,early_2015_2019,2015,Other
Mech Mocha,Mobile Game Development & Design Platform,,Bangalore,"Blume Ventures, Flipkart",Seed Funding,1000000.0,2015-12-23,early_2015_2019,2015,Other
Shotang.com,B2B Ecommerce Marketplace,,Bangalore,"Exfinity Venture Partners, Unitus Impact Livelihoods Fund",Private Equity,5000000.0,2015-12-23,early_2015_2019,2015,Other
Black White Orange,B2B Merchandize Platform,,Mumbai,Collaborative Licensing Ventures LLP,Seed Funding,303000.0,2015-12-24,early_2015_2019,2015,Other
Canvera,Photographer Online Search & Booking Platform,,Bangalore,Info Edge (India) Ltd,Private Equity,2200000.0,2015-12-24,early_2015_2019,2015,Other
Town Essentials,Grocery Delivery Platform,,Bangalore,"Sharad Hegde, Girish Reddy, Siddharth Patil, Shrikant Patil",Seed Funding,1000000.0,2015-12-28,early_2015_2019,2015,Other
Bumper,Mobile Car Servicing Appointment App,,Bangalore,SAIF Partners,Seed Funding,500000.0,2015-12-28,early_2015_2019,2015,Other
Hotify,New Curation Mobile App,,Bangalore,Mahavir Pratap Sharma,Seed Funding,150000.0,2015-12-29,early_2015_2019,2015,Other
MobiKwik,Mobile Wallet,,Gurgaon,"Sequoia Capital, Tree Line Asia, Innoven Capital",Private Equity,6600000.0,2015-12-29,early_2015_2019,2015,Other
Twigly,Online Food Ordering & Delivery Platform,,Gurgaon,"Amit Gupta, Sahil Barua, Mukul Singhal, Tracxn Labs",Seed Funding,200000.0,2015-11-02,early_2015_2019,2015,Other
CityFlo,Bus Aggregation And Rental Mobile App,,Mumbai,IDG Ventures,Seed Funding,750000.0,2015-11-02,early_2015_2019,2015,Other
Pokkt,Alternate Mobile Monetization Platform,,Mumbai,"Segnel Venture, Shinji Kimura, Sundar Chanrai, JAFCO Asia, SingTel\\xe2\\x80\\x99s Innov8, Jungle Ventures, K Ganesh",Private Equity,5000000.0,2015-11-03,early_2015_2019,2015,Other
oibanit,Online Food Ordering Marketplace,,Vadodara,"Varun Ahuja, Anubhav Verma",Seed Funding,150000.0,2015-11-03,early_2015_2019,2015,Other
Stuffed,Quick Service Restaurant & Online Delivery,,Mumbai,Riqueza Capital,Seed Funding,385000.0,2015-11-03,early_2015_2019,2015,Other
LoanBaba,Online Loans Marketplace,,Mumbai,,Seed Funding,320000.0,2015-11-03,early_2015_2019,2015,Other
Deyor Rooms,Budget Hotels Aggregator,,New Delhi,Dheeraj Jain & Others,Seed Funding,500000.0,2015-11-03,early_2015_2019,2015,Other
Bidgely,Efficient Energy Management Platform,,Usa/India,"Constellation Technology Ventures (Exelon Corporation), E.ON, RWE, Khosla Ventures",Private Equity,16600000.0,2015-11-03,early_2015_2019,2015,Other
Shirsa Labs,Digital Intelligent Learning Platform,,Mumbai,ah! Ventures,Seed Funding,250000.0,2015-11-04,early_2015_2019,2015,Other
YourDOST,Online Counselling And Psychological Support Platform,,Gwalior,"Phanindra Sama, Aprameya Radhakrishna, Aneesh Reddy, Neeraj Jawalkar, Sanjay Anandaram, Pavan Ongole, Venk Krishnan",Seed Funding,400000.0,2015-11-04,early_2015_2019,2015,Other
BookMyBai,Domestic Help Aggregation Platform,,Mumbai,Vineel Nalla & Others,Seed Funding,150000.0,2015-11-05,early_2015_2019,2015,Other
MyIndianStay,Home Stay & Room Rentals Platform,,Goa,Undisclosed investors,Seed Funding,200000.0,2015-11-05,early_2015_2019,2015,Other
Satvacart,Online Grocery Platform,,Gurgaon,Undisclosed HNIs,Private Equity,1800000.0,2015-11-06,early_2015_2019,2015,Other
POPxo.com,Online Content Platform For Women,,New Delhi,"IDG Ventures India, Kalaari Capital, 500 Startups",Private Equity,2000000.0,2015-11-06,early_2015_2019,2015,Other
SparesHub,Online Vehicle Spare Parts Etailer,,Pune,"Hyderabad Angels, M&S Partners",Seed Funding,460000.0,2015-11-06,early_2015_2019,2015,Other
Explara,Event Ticketing Platform,,Pune,"Hyderabad Angels, Singapore Angel Network, Ness Wadia",Private Equity,490000.0,2015-11-06,early_2015_2019,2015,Other
Yuvi Hospitality,Premium Dining Lounges & Restaurants,,Gurgaon,Chandralekha Construction Pvt. Ltd.,Private Equity,15000000.0,2015-11-06,early_2015_2019,2015,Other
AppVirality,Mobile Growth Hacking\\Nplatform,,Hyderabad,"Rajan Anandan, Mike Galgon, Ravi Gururaj, Ashim Mehra,\\xc2\\xa0 Mohit Saxena, Internet Group, TNN Capital and others",Seed Funding,500000.0,2015-11-09,early_2015_2019,2015,Other
iStar Skill Development,Skill Training Startup,,Bangalore,"Michael & Susan Dell Foundation, Unitus Seed Fund",Private Equity,1500000.0,2015-11-09,early_2015_2019,2015,Other
BigStylist.com,Beauty And Wellness Marketplace,,Mumbai,Info Edge,Private Equity,1000000.0,2015-11-09,early_2015_2019,2015,Other
Zilingo,Marketplace App For Bangkok,,Bangalore/ Bangkok,"Sequoia India, BEENEXT Ventures, Kunal Shah & Sandeep Tandon",Private Equity,1900000.0,2015-11-09,early_2015_2019,2015,Other
Didi,On-Demand Maids Service Provider,,Mumbai,"Jozef Bardik, Leo Wang Sangeeth Ram",Seed Funding,150000.0,2015-11-09,early_2015_2019,2015,Other
Skoov.com,Ecommerce Product Search Engine,,Mumbai,undisclosed investor,Seed Funding,150000.0,2015-11-09,early_2015_2019,2015,Other
Chefs Basket,Ready To Cook Packaged Foods,,Mumbai,"SAIF Partners, Haresh Chawla",Private Equity,6000000.0,2015-11-10,early_2015_2019,2015,Other
Delight Foods,Branded Food Products Online Sales,,Bangalore,"Lensbridge Capital, Mape Advisory Group, Fireside Ventures",Private Equity,600000.0,2015-11-11,early_2015_2019,2015,Other
RenewBuy,Auto Insurance Online Platform,,Gurgaon,Mount Nathan Advisors Pte Ltd,Seed Funding,500000.0,2015-11-11,early_2015_2019,2015,Other
Hitwicket,Cricket Management Mobile Game,,Hyderabad,Chennai Angels,Seed Funding,250000.0,2015-11-12,early_2015_2019,2015,Other
Cashkaro.com,Ecommerce Discount & Cashback Coupons Platform,,Gurgaon,Kalaari Capital,Private Equity,3700000.0,2015-11-16,early_2015_2019,2015,Other
Absentia,Virtual Reality Headset Creator,,Bangalore,"Astarc Ventures, 50K Ventures & others",Seed Funding,180000.0,2015-11-16,early_2015_2019,2015,Other
TaskBucks,Mobile-Only Tasks Marketplace,,New Delhi,Times Internet,Private Equity,15000000.0,2015-11-16,early_2015_2019,2015,Other
CraftsVilla,Women Ethnic Wear\\Xc2\\Xa0 Online Marketplace,,Mumbai,"Sequoia India, Lightspeed Venture Partners, Nexus Venture Partners, Global Founders Capital, Apoletto",Private Equity,34000000.0,2015-11-17,early_2015_2019,2015,Other
Julia Computing,Numerical Computing & Data Science Platform,,Bangalore,Gordon and Betty Moore Foundation,Seed Funding,600000.0,2015-11-17,early_2015_2019,2015,Other
StyleTag,Designer Fashion Jewellery Marketplace,,Bangalore,Jitu Virwani,Seed Funding,7500000.0,2015-11-17,early_2015_2019,2015,Other
Smytten,Online Products Discovery Platform,,Gurgaon,"Rimpal Chawla, Anuj Srivastava",Seed Funding,200000.0,2015-11-17,early_2015_2019,2015,Other
BiBox,Kids Tool Kit For Innovation Platform,,Bangalore,Ravi Krishnamurthy,Seed Funding,530000.0,2015-11-17,early_2015_2019,2015,Other
Convegenius,Mobile Learning Solutions,,Noida / Singapore,Enablers platform,Seed Funding,300000.0,2015-11-17,early_2015_2019,2015,Other
Ola,Car Aggregator & Retail Mobile App,,Bangalore,"Baillie Gifford, Falcon Edge Capital, Tiger Global, SoftBank Group, DST Global, Didi Kuaidi",Private Equity,500000000.0,2015-11-18,early_2015_2019,2015,Other
Goodbox,Conversational Commerce Mobile App,,Bangalore,Nexus Venture Partners,Private Equity,2500000.0,2015-11-18,early_2015_2019,2015,Other
ScoopWhoop,Viral Content Web Platform,,New Delhi,Kalaari Capital,Private Equity,4000000.0,2015-11-18,early_2015_2019,2015,Other
UrbanClap,Mobile Services Marketplace,,Gurgaon,"Bessemer Venture Partner, Accel, SAIF Partners",Private Equity,25000000.0,2015-11-19,early_2015_2019,2015,Other
SenseGiz,Smartwatch Maker,,Belgaum,Karnataka Semiconductor Venture Capital firm,Seed Funding,500000.0,2015-11-19,early_2015_2019,2015,Other
Fourseven,Online Jewellery Etailer,,New Delhi,Indian Angel Network,Seed Funding,455000.0,2015-11-19,early_2015_2019,2015,Other
MindTickle,Sales & Productivity Software,,Pune / Us,New Enterprise Associates,Private Equity,12500000.0,2015-11-20,early_2015_2019,2015,Other
Medinfi,Health-Tech Platform,,Bangalore,"Ram Kumar Kakani, Pradeep K Jaisingh, Sunil T V, Vijay Ghadge, Hemant Kaul, Gurmeet Chahal & Others",Seed Funding,305000.0,2015-11-20,early_2015_2019,2015,Other
OUWT,Nightlife Discovery Mobile App,,Mumbai,Undisclosed investors,Seed Funding,150000.0,2015-11-20,early_2015_2019,2015,Other
HeyPillow,Online Real Estate Marketplace,,Bangalore,Hampton Capital,Private Equity,3000000.0,2015-11-20,early_2015_2019,2015,Other
Caravan Craft,Indian Ethnic Crafts Etailer,,Bangalore,"Unitus Seed Fund, Bijou Kurien, Narayan Ramachandran",Private Equity,1200000.0,2015-11-21,early_2015_2019,2015,Other
Talkoot,Social Platform For Traders And Investors,,Bangalore,Undisclosed investors,Seed Funding,100000.0,2015-11-21,early_2015_2019,2015,Other
RentoMojo,"Online Furniture, Home Appliances Rental Platform",,Bangalore,"IDG Ventures India,\\xc2\\xa0 Accel Partners India",Private Equity,2000000.0,2015-11-23,early_2015_2019,2015,Other
Medikoe,Healthcare Services Discovery Platform,,Bangalore,Anil Menon,Seed Funding,100000.0,2015-11-23,early_2015_2019,2015,Other
Stylofie,Health And Beauty Services Marketplace,,Gurgaon,Swastika,Seed Funding,250000.0,2015-11-24,early_2015_2019,2015,Other
Naaptol,Online And Tv Shopping Marketplace,,Mumbai,"Mitsui & Co., New Enterprise Associates, Canaan Partners, Silicon Valley Bank",Private Equity,52000000.0,2015-11-24,early_2015_2019,2015,Other
EarlySalary.com,Mobile App Based Loan Disbursement Platform,,Mumbai,Ashok Agarwal,Seed Funding,1500000.0,2015-11-25,early_2015_2019,2015,Other
Tooler,On Demand Laundry Services App,,New Delhi,"Raghu Khanna, Sameer Gupta",Seed Funding,110000.0,2015-11-25,early_2015_2019,2015,Other
S Chand,Education Content Provider,,New Delhi,IFC Everstone Group,Private Equity,27000000.0,2015-11-25,early_2015_2019,2015,Other
GoQii,Fitness Tracking Management Solutions,,Mumbai,"New Enterprise Associates, Cheetah Mobile",Private Equity,13400000.0,2015-11-26,early_2015_2019,2015,Other
Grofers,Hyper-Local Grocery Delivery Platform,,Gurgaon,"Softbank, Tiger Global, Sequoia Capital, Apoletto Managers",Private Equity,120000000.0,2015-11-26,early_2015_2019,2015,Other
Pluss,Hyperlocal Healthcare Product Delivery Service Provider,,Gurgaon,"IDG Ventures, M & S partners, Powerhouse Ventures (USA).",Private Equity,1000000.0,2015-11-26,early_2015_2019,2015,Other
JustRide,Self Driven Rental Car Platform,,Mumbai,,Private Equity,2000000.0,2015-11-27,early_2015_2019,2015,Other
Baxi,Two-Wheeler Taxi Service,,Gurgaon,"Manish Kheterpal, Alok Mittal,\\xc2\\xa0 Puneet Dalmia,",Seed Funding,1450000.0,2015-11-30,early_2015_2019,2015,Other
Superhero Brands,Character Merchandize Sales Platform,,Mumbai,DSG Consumer Partners,Seed Funding,540000.0,2015-11-30,early_2015_2019,2015,Other
QikPod,Ecommerce Delivery Locker Services,,Bangalore,"Flipkart, Accel Partners, Delhivery, Foxconn",Private Equity,9000000.0,2015-11-30,early_2015_2019,2015,Other
Muvizz,Movie-On-Demand Platform,,Singapore,"Ashish Todi, Abhinav Patodia, Kumar Shwetabh",Seed Funding,350000.0,2015-10-01,early_2015_2019,2015,Other
Shopalyst,Product Discovery & Recommendation Platform,,Bangalore,Kalaari Capital,Private Equity,2000000.0,2015-10-02,early_2015_2019,2015,Other
Chillr,Mobile Payments App,,Mumbai,Sequoia Capital,Private Equity,6000000.0,2015-10-03,early_2015_2019,2015,Other
Nykaa,Beauty & Wellness Products E-Tailer,,Mumbai,"Harsh Mariwala, Atul Nishar, Dalip Pathak, Michael Carlos",Private Equity,9500000.0,2015-10-05,early_2015_2019,2015,Other
Voylla,Fashion Jewelry And Accessories E-Tailer,,Jaipur,Peepul Capital,Private Equity,15000000.0,2015-10-05,early_2015_2019,2015,Other
IndiaLends,Online Consumer Lending Platform,,New Delhi,"DSG consumer Partners, Paragon Partners",Private Equity,1000000.0,2015-10-05,early_2015_2019,2015,Other
Rock N Shop,Premium Apparel Shopping Portal,,New Delhi,High Networth Individuals (undisclosed),Seed Funding,150000.0,2015-10-05,early_2015_2019,2015,Other
DocPlexus,Exclusive Platform For Doctors & Healthcare Professionals,,Pune,"Uniqorn ventures, ASP Consulting",Seed Funding,700000.0,2015-10-06,early_2015_2019,2015,Other
WorkIndia,Job Board,,Mumbai,"Satyen Kothari, Keshav Sanghi, Riddhesh Gandhi & Others",Seed Funding,500000.0,2015-10-06,early_2015_2019,2015,Other
SportzVillage,Sports Management & Physical Education Business,,Bangalore,Gaja Capital Private Equity Fund,Private Equity,10000000.0,2015-10-06,early_2015_2019,2015,Other
Burger Singh,Qsr & Online Delivery Portal,,Gurgaon,"Ashvin Chadha, Avtar Monga, Udaan Angels, Dheeraj Jain",Seed Funding,500000.0,2015-10-06,early_2015_2019,2015,Other
Welcome Cure,Online Homeopathy Clinic,,Mumbai,Unnamed Media house and HNIs,Private Equity,6000000.0,2015-10-06,early_2015_2019,2015,Other
SchoolGuru,E-Learning Service Provider,,Mumbai,High Networth Individuals from India & USA,Private Equity,3000000.0,2015-10-07,early_2015_2019,2015,Other
GoJavas,Delivery & Logistics Service Provider,,Gurgaon,Snapdeal,Private Equity,20000000.0,2015-10-07,early_2015_2019,2015,Other
ZuperMeal,Home Cooked Food Marketplace & Delivery,,Mumbai,"Sanjeev Kapoor,\\xc2\\xa0 Ravi Saxena & Others",Private Equity,2000000.0,2015-10-08,early_2015_2019,2015,Other
Cube26,Gesture Based Mobile Development,,New Delhi,"Tiger Global Management, Flipkart",Private Equity,7700000.0,2015-10-08,early_2015_2019,2015,Other
Grabhouse,Rental Accommodation Search Platform,,Bangalore,Sequoia and Kalaari Capital.,Private Equity,10000000.0,2015-10-08,early_2015_2019,2015,Other
Quifers,Logistics Tech Platform,,Mumbai,"Vikas Agarwal, Vishal Khare, Sanjeev Kakkar, Smile Group",Seed Funding,310000.0,2015-10-08,early_2015_2019,2015,Other
Stockroom.io,Developer Portfolio Showcase Platform,,Hyderabad,Undisclosed Investors,Seed Funding,70000.0,2015-10-09,early_2015_2019,2015,Other
Cloud Lending,End-To-End Lending Platform,,Bangalore / San Mateo,SF Capital Group,Private Equity,8000000.0,2015-10-09,early_2015_2019,2015,Other
Inayo,On-Demand Healthcare Marketplace,,Mumbai,"Kemark Ventures, Amit Ranjan, Zishaan Hayath and Others",Seed Funding,300000.0,2015-10-09,early_2015_2019,2015,Other
Kulzy,Advertising & Marketing Community Networking Platform,,New Delhi,"Seedfund, Bedrock Ventures",Seed Funding,1000000.0,2015-10-09,early_2015_2019,2015,Other
Zeppery,Food Ordering & Delivery App,,New Delhi,Suyash Sharma,Seed Funding,77000.0,2015-10-09,early_2015_2019,2015,Other
Zify,Ride Sharing Platform,,Hyderabad,Sean O\\xe2\\x80\\x99Sullivan & Others,Seed Funding,190000.0,2015-10-12,early_2015_2019,2015,Other
Gridle,Cloud Based Collaboration Platform,,Ahmedabad,LetsVenture,Seed Funding,100000.0,2015-10-12,early_2015_2019,2015,Other
Voodoo,Mobile Only Shopping Assistant,,New Delhi,SAIF Partners,Seed Funding,1000000.0,2015-10-13,early_2015_2019,2015,Other
Lookup,Mobile Messaging Assistant App,,Bangalore,"Khosla Impact, Biz Stone, Catamaran Ventures, Global Founders Capital, European investment fund",Private Equity,2500000.0,2015-10-13,early_2015_2019,2015,Other
AskMyGift,Personalized Wish List Creator App,,Noida,Turning Ideas,Seed Funding,50000.0,2015-10-14,early_2015_2019,2015,Other
Zappfresh,Raw Meat & Ready To Eat Food Etailer,,Gurgaon,Undisclosed Investors,Seed Funding,77000.0,2015-10-14,early_2015_2019,2015,Other
S-Cube Futuretech,Structural & Civil Engg Service Automation,,Mumbai,Parampara Capital,Private Equity,1000000.0,2015-10-17,early_2015_2019,2015,Other
Citrus Payment,Payments Solution Platform,,Mumbai,"Sequoia Capital, Ascent Capital, eContext Asia, Beenos Asia",Private Equity,25000000.0,2015-10-19,early_2015_2019,2015,Other
Holidify,Travel Destination Discovery Platform,,New Delhi,Aarti Group,Seed Funding,100000.0,2015-10-19,early_2015_2019,2015,Other
Opinio,Last Mile Delivery Service,,Bangalore,"Delhivery, Sands Capital and Accel Partners",Private Equity,7000000.0,2015-10-20,early_2015_2019,2015,Other
Attune Technologies,Healthcare It Solutions & Services,,Chennai,"Qualcomm Venture, Norwest Venture Partners",Private Equity,10000000.0,2015-10-20,early_2015_2019,2015,Other
AgentDesks,Real Estate Mobile Crm,,New York/ India,"Sierra Ventures, Cota Capital, Vegas Tech Fund",Seed Funding,2950000.0,2015-10-21,early_2015_2019,2015,Other
White Owl Brewery,Micro-Brewery,,Mumbai,"Arihant Patni, RAAY Global Investments",Private Equity,1530000.0,2015-10-21,early_2015_2019,2015,Other
MealHopper,Home Made Food Marketplace,,Gurgaon,"Alok Bajpai, Rajnish Kumar, Amit Dey",Seed Funding,100000.0,2015-10-21,early_2015_2019,2015,Other
Zenify.in,Residential Rental Management Platform,,Bangalore,"Atul Jalan, Shrikanth & Bharath",Seed Funding,640000.0,2015-10-21,early_2015_2019,2015,Other
Medd,Personal Diagnostic Mobile App,,Mumbai,Group of Angel investors,Seed Funding,150000.0,2015-10-23,early_2015_2019,2015,Other
Leaping Caravan,Online Food Ordering & Delivery Service,,Gurgaon,Group of Angel investors,Seed Funding,150000.0,2015-10-23,early_2015_2019,2015,Other
Frsh,Online Food Ordering & Delivery Service,,Gurgaon,"Mumbai Angels, Mayank Bhangdia, Kae Capital",Private Equity,1000000.0,2015-10-23,early_2015_2019,2015,Other
Qik Stay,Hotel Aggregator & Booking Platform,,New Delhi,ID Enablers Pvt Ltd,Seed Funding,250000.0,2015-10-23,early_2015_2019,2015,Other
Parcelled,Online Logistics Platform,,Bangalore,Delhivery,Private Equity,5000000.0,2015-10-26,early_2015_2019,2015,Other
AlmaMapper,Online Student & Campus Social Networking Platform,,Ahmedabad,Oswal Techno Ventures LLP,Seed Funding,400000.0,2015-10-26,early_2015_2019,2015,Other
Flexing It,Professionals & Project Search Marketplace,,New Delhi,undisclosed private investors,Seed Funding,500000.0,2015-10-26,early_2015_2019,2015,Other
Netmeds.com,Online Pharmacy,,Chennai,"OrbiMed, Pradip Dadha Group",Private Equity,50000000.0,2015-10-26,early_2015_2019,2015,Other
Razorpay,Online Payment Gateway,,Jaipur,"Tiger Global Management, Matrix Partners",Private Equity,9000000.0,2015-10-26,early_2015_2019,2015,Other
Happitoo,Location Based Nightlife Recommendation\\Xc2\\Xa0 Platform,,Mumbai,Unnamed investor,Seed Funding,77000.0,2015-10-27,early_2015_2019,2015,Other
Care24,Professional Health Services Platform,,Mumbai,India Quotient,Seed Funding,350000.0,2015-10-27,early_2015_2019,2015,Other
Roadrunnr,Hyperlocal Logistics Service,,Bangalore,"Sequoia Capital, Nexus Venture Partners",Private Equity,10000000.0,2015-10-27,early_2015_2019,2015,Other
ORIGA Leasing,Asset Financing Platform,,Mumbai,"ah! Ventures, 500 Startups & Other HNIs",Seed Funding,1100000.0,2015-10-28,early_2015_2019,2015,Other
Smartivity.in,Virtual Reality Activity Based Learning Platform,,New Delhi,S Chand and Co Pvt Ltd,Seed Funding,200000.0,2015-10-28,early_2015_2019,2015,Other
ZopHop,Public Commute Helper App,,Mumbai,"Amit Singhal, PK Gulati & others",Seed Funding,450000.0,2015-10-29,early_2015_2019,2015,Other
LiftO,Ridesharing Mobile App,,Mumbai,"Rajesh Bhatia, Dheeraj Mehta & Others",Seed Funding,130000.0,2015-10-30,early_2015_2019,2015,Other
TinyOwl,Food Discovery & Delivery Mobile App,,Mumbai,"Sequoia Capital, Matrix Partners",Private Equity,7500000.0,2015-10-30,early_2015_2019,2015,Other
Toppr.com,Competitive Exam Learning Platform,,Mumbai,InnoVen Capital,Private Equity,2000000.0,2015-10-30,early_2015_2019,2015,Other
Kleeto,Document Digitization Platform,,Gurgaon,GREX,Seed Funding,230000.0,2015-10-30,early_2015_2019,2015,Other
BeaconsTalk,Proximity Marketing & Mobile Advertising Platform,,Mumbai,Puneet Bhatia & others,Seed Funding,80000.0,2015-10-30,early_2015_2019,2015,Other
Jugnoo,Autorickshaw Aggregator & Booking Platform,,Chandigarh,Paytm,Private Equity,10000000.0,2015-10-31,early_2015_2019,2015,Other
TOFlo,Fintech Startup Incubation Platform,,Mumbai,Tania Johny Palathinkal,Seed Funding,100000.0,2015-09-01,early_2015_2019,2015,Other
Stylecracker,Personalized Styling Platform,,Mumbai,Group of HNI investors,Private Equity,1000000.0,2015-09-01,early_2015_2019,2015,Other
Luxuryhues,Luxury Goods\\Xc2\\Xa0 Shopping Platform,,Gurgaon,Reliance Capital,Private Equity,900000.0,2015-09-01,early_2015_2019,2015,Other
Zivame,Online Lingerie Marketplace,,Bangalore,"Zodius Technology Fund, Khazanah Nasional Berhad",Private Equity,40000000.0,2015-09-02,early_2015_2019,2015,Other
Capillary Tech,Cloud Software Solutions,,New Delhi,"Warburg Pincus, Sequoia Capital, Norwest Venture Partners",Private Equity,45000000.0,2015-09-02,early_2015_2019,2015,Other
Jobspire,Job Search Platform,,Bangalore,Purvi Capital,Seed Funding,260000.0,2015-09-03,early_2015_2019,2015,Other
Vistaar Finance,Small Business Financing (Nbfc),,Bangalore,"WestBridge Capital, Omidyar Network, Elevar Equity, Saama Capital,\\xc2\\xa0 Lok Capital",Private Equity,40000000.0,2015-09-03,early_2015_2019,2015,Other
Clapsnslaps,Online Movie Review Platform,,Mumbai,R M Picture Company Pvt. Ltd.,Seed Funding,150000.0,2015-09-04,early_2015_2019,2015,Other
Blubox,Ecommerce Brands\\Xe2\\X80\\X99 Full Service Agency,,Mumbai,Ashish Jhalani,Seed Funding,100000.0,2015-09-04,early_2015_2019,2015,Other
RoomCentral,Cloud-Based Hotel Booking Platform,,Bangalore,Karanpal Singh,Seed Funding,2000000.0,2015-09-04,early_2015_2019,2015,Other
YouthKiAwaaz,Community Driven News/Views Platform,,New Delhi,"Raghav Bahl, Ritu Kapur",Seed Funding,600000.0,2015-09-07,early_2015_2019,2015,Other
Prozo,Study Material Marketplace,,New Delhi,"Nalin Jain, Shomil Pant, Dinesh Kundu & others",Seed Funding,205000.0,2015-09-07,early_2015_2019,2015,Other
Zomato,Restaurant Ratings & Reviews Platform,,Gurgaon,"Temasek, Vy Capital",Private Equity,60000000.0,2015-09-07,early_2015_2019,2015,Other
Sahayog Dairy,Dairy Based Product Manufacturer,,Bhopal,Acumen Fund,Private Equity,1800000.0,2015-09-07,early_2015_2019,2015,Other
MockBank,Government Test Preparation Platform,,Bangalore,Blume Ventures,Seed Funding,400000.0,2015-09-08,early_2015_2019,2015,Other
OnlineTyari,Multilingual Test Preparation Platform,,Gurgaon,"500 Startups, TV Mohandas Pai, Tandem Capital, Vikram Chachra, Aloke Bajpai",Private Equity,770000.0,2015-09-10,early_2015_2019,2015,Other
IndustryBuying,Industrial Tools Marketplace,,New Delhi,"Kalaari Capital, SAIF Partners, Beenextan investment fund",Private Equity,9200000.0,2015-09-10,early_2015_2019,2015,Other
The/Nudge Foundation,Non Profit Organization To Alleviate Poverty,,Bangalore,"Nanadan Nilekani, InMobi, Paytm",Seed Funding,315000.0,2015-09-10,early_2015_2019,2015,Other
FitMeIn,Gym & Fitness Studios Subscription Platform,,New Delhi,Green House Ventures,Seed Funding,100000.0,2015-09-11,early_2015_2019,2015,Other
Zapyle,Pre-Used Apparel Shopping Mobile App,,Bangalore,,Seed Funding,1000000.0,2015-09-11,early_2015_2019,2015,Other
CredR,Used Vehicles Marketplace,,Mumbai,Eight Road Ventures,Private Equity,15000000.0,2015-09-12,early_2015_2019,2015,Other
CanvasFlip,Mobile App Testing Platform,,Hyderabad,Bessemer Venture Partners,Seed Funding,1200000.0,2015-09-14,early_2015_2019,2015,Other
Shadowfax,Hyperlocal Delivery Services,,Gurgaon,Eight Roads Ventures,Private Equity,9000000.0,2015-09-14,early_2015_2019,2015,Other
UE Life Sciences,Early Cancer Detection Solutions,,Us/India,"Aarin Capital, Unitus Seed Fund",Private Equity,3000000.0,2015-09-14,early_2015_2019,2015,Other
Ola Cabs,Cab Rental Mobile App,,Bangalore,"Falcon Edge Capital, NY based Hedge Fund, Tiger Global, Softbank",Private Equity,225000000.0,2015-09-14,early_2015_2019,2015,Other
Coverfox,Online Insurance Distribution Platform,,Mumbai,Cataraman Ventures,Private Equity,2000000.0,2015-09-15,early_2015_2019,2015,Other
MoEngage,Mobile Marketing Automation Platform,,Bangalore,"Helion Venture Partners, Exfinity Ventures",Private Equity,4250000.0,2015-09-15,early_2015_2019,2015,Other
Tea Trails,Chain Of Tea Caf\\Xc3\\Xa9\\Xe2\\X80\\X99S,,Mumbai,"Anil Matai, Vikram Tandon, Shyam Sundar R & others",Seed Funding,1000000.0,2015-09-15,early_2015_2019,2015,Other
Room on Call,Branded Budget Hotel Marketplace,,Noida,Payal Syal,Seed Funding,300000.0,2015-09-15,early_2015_2019,2015,Other
ChaiPoint,Food Subscription Platform,,Bangalore,Eight Roads Ventures,Private Equity,10000000.0,2015-09-16,early_2015_2019,2015,Other
WedmeGood.com,Wedding Planning Platform,,Gurgaon,Indian Angel Network,Seed Funding,410000.0,2015-09-16,early_2015_2019,2015,Other
XSTOK,B2B Mobile Auction Marketplace,,Mumbai,Oliphans Capital,Seed Funding,450000.0,2015-09-16,early_2015_2019,2015,Other
YepMe,Private Label Fashion Etailer,,Gurgaon,"Khazanah Nasional Berhad, Helion Venture Partners",Private Equity,75000000.0,2015-09-17,early_2015_2019,2015,Other
Bueno,Online Food Ordering & Delivery,,Gurgaon,High Networth Individuals (No details),Seed Funding,600000.0,2015-09-17,early_2015_2019,2015,Other
Plabro,Real Estate Broker Platform App,,New Delhi,"Sachin Bansal & Binny Bansal, Sol Primero, Outbox Ventures, Sangram Singh",Seed Funding,350000.0,2015-09-18,early_2015_2019,2015,Other
CureJoy,Online Health & Wellness Platform,,Bangalore,"Accel Partners, Subrata Mitra, Larry Braitman, Venk Krishna",Private Equity,1150000.0,2015-09-18,early_2015_2019,2015,Other
Briston Technomach,Internet Of Things Platform,,New Delhi,Undisclosed,Seed Funding,150000.0,2015-09-18,early_2015_2019,2015,Other
LabStreet,Diagnostic Labs Aggregator Platform,,Gurgaon,Multiple investors,Seed Funding,150000.0,2015-09-18,early_2015_2019,2015,Other
Portea Medical,Home Medical Care Services,,Bangalore,"Accel Partners, International Finance Corporation (IFC), Qualcomm Ventures, Ventureast",Private Equity,37500000.0,2015-09-21,early_2015_2019,2015,Other
Neotrade Analytics,Real-Time Stock Data Platform,,Bangalore,Rainmatter,Seed Funding,235000.0,2015-09-21,early_2015_2019,2015,Other
LafaLafa,Coupons And Cashback Aggregator App,,Mumbai,500 Startups,Seed Funding,125000.0,2015-09-21,early_2015_2019,2015,Other
Bestdealfinance,Financial Services Portal,,Mumbai,"Kalaari Capital, YourNest Angel Fund",Private Equity,3000000.0,2015-09-22,early_2015_2019,2015,Other
Virtual Logic,"Virtual Reality, 3D Simulation And Stereoscopic Products",,Bangalore,Swarnim Multiventures,Private Equity,800000.0,2015-09-22,early_2015_2019,2015,Other
Furdo,Online Interior Designing Platform,,Bangalore,Bhavdeep Reddy,Seed Funding,400000.0,2015-09-22,early_2015_2019,2015,Other
LogiNext,End-To-End Logistics Platform,,Mumbai,Paytm,Private Equity,10000000.0,2015-09-22,early_2015_2019,2015,Other
Korra,Private Label Apparel Sales,,New Delhi,Asha Jadeja Motwani & Others,Seed Funding,300000.0,2015-09-22,early_2015_2019,2015,Other
SilverPush,Cross-Device Retargeting Platform,,Gurgaon / Sfo,M&S Partners,Private Equity,1200000.0,2015-09-23,early_2015_2019,2015,Other
Juggernaut,Digital & Physical Publishing Platform,,New Delhi,"William Bissell, Neeraj Aggarwal, Nandan Nilekani",Private Equity,2250000.0,2015-09-23,early_2015_2019,2015,Other
InnerChef,Food Delivery Platform,,New Delhi,"Phanindra Sama, Anupam Mittal, Vijay Shekhar Sharma, Vishal Gondal, Sateesh Andara & others",Private Equity,1750000.0,2015-09-23,early_2015_2019,2015,Other
Quintype,Data Driven Publishing Platform,,Bangalore,Raghav Bahl,Private Equity,3300000.0,2015-09-24,early_2015_2019,2015,Other
Capabiliti,Employee Onboarding & Orientation Platform,,Noida,"500 Startups, Smile Multimedia, Kunal Bahl, Rohit Bansal, Girish Matrubootham",Seed Funding,400000.0,2015-09-24,early_2015_2019,2015,Other
Fourth Partner Energy,Solar Power Solutions Company,,Hyderabad,"Infuse Ventures, The Chennai Angels",Private Equity,2000000.0,2015-09-24,early_2015_2019,2015,Other
Licious,Online Meat Ordering Platform,,Bangalore,"Kanwaljit Singh, TV Mohandas Pai",Seed Funding,1000000.0,2015-09-24,early_2015_2019,2015,Other
Ola Cabs,Cab Booking App Platform,,Bangalore,Didi Kuaidi,Private Equity,30000000.0,2015-09-28,early_2015_2019,2015,Other
Paytm,E-Commerce & M-Commerce Platform,,New Delhi,"Alibaba Group, Ant Financial",Private Equity,680000000.0,2015-09-29,early_2015_2019,2015,Other
Inmobi,Mobile Advertising Platform,,Bangalore,Tennenbaum Capital Partners & Others,Private Equity,100000000.0,2015-09-29,early_2015_2019,2015,Other
Peppertap,Hyperlocal Grocery Delivery,,Gurgaon,"Sequoia India, SAIF Partners.",Private Equity,36000000.0,2015-09-29,early_2015_2019,2015,Other
Zakoopi,Fashion Discovery Platform,,New Delhi,Uniqorn Ventures,Seed Funding,350000.0,2015-09-29,early_2015_2019,2015,Other
Infoworks,Big Data Management Platform,,Bangalore / Usa,"Nexus Venture Partners, Knoll Ventures and others",Private Equity,5000000.0,2015-09-30,early_2015_2019,2015,Other
RedDoorz,Budget Accommodation Platform,,Noida,Jungle Ventures,Seed Funding,1000000.0,2015-09-30,early_2015_2019,2015,Other
Eywa Media,Digital Signal Processing Platform,,Bangalore,"ah! Ventures, Viktor Koenig PE Fund, Mantra Ventures",Seed Funding,1000000.0,2015-09-30,early_2015_2019,2015,Other
Snapdeal,Ecommerce Marketplace,,New Delhi,"Alibaba, Foxconn, Softbank",Private Equity,500000000.0,2015-08-01,early_2015_2019,2015,Other
Ressy,Restaurant Discount App,,Pune,Mohandas Pai & others,Seed Funding,400000.0,2015-08-01,early_2015_2019,2015,Other
Connect India,Ecommerce Logistics Provider,,New Delhi,Aavishkaar,Private Equity,5000000.0,2015-08-03,early_2015_2019,2015,Other
Oyorooms,Budget Hotel Accommodation Brand,,New Delhi,"SoftBank Group, Greenoaks Capital, Sequoia Capital,\\xc2\\xa0 Lightspeed India",Private Equity,100000000.0,2015-08-03,early_2015_2019,2015,Other
Wizrocket,User Engagment & Analytics Platform,,Mumbai,"Sequoia Capital, Accel Partners",Private Equity,9600000.0,2015-08-03,early_2015_2019,2015,Other
Pickingo,On-Demand Delivery Logistics,,New Delhi,"Orios Venture Partners, Zishaan Hayath",Private Equity,1300000.0,2015-08-04,early_2015_2019,2015,Other
Grex,Fund Raising Platform For Startups,,Pune,"Kunal Bajaj, Chandru Badrinarayanan",Seed Funding,650000.0,2015-08-05,early_2015_2019,2015,Other
LetsTransport,Logistics Tech Platform,,Bangalore,"Rebright Partners, Ankush Nijhawan, Gaurav Bhatnagar, Manish Dhingra",Seed Funding,1300000.0,2015-08-05,early_2015_2019,2015,Other
Zo Rooms,Online Budget Hotel Chain,,New Delhi,"Tiger Global Management, Orios Venture Partners",Private Equity,30000000.0,2015-08-05,early_2015_2019,2015,Other
Doormint,Hyperlocal Handyman Services,,Mumbai,"Helion Venture Partners, Kalaari Capital",Private Equity,3000000.0,2015-08-05,early_2015_2019,2015,Other
NightStay,Hotel Booking App,,Noida,"BedRock Ventures, Rajesh Sawhney, Shailesh Singh",Seed Funding,500000.0,2015-08-05,early_2015_2019,2015,Other
Sunday Realty Solutions,Tech Platform For Property Brokers,,Mumbai,"Ramesh Jogani, Shailesh Viswanathan, Jay Srinivasan",Seed Funding,785000.0,2015-08-05,early_2015_2019,2015,Other
Appvigil,App Security\\Xc2\\Xa0 Testing Platform,,Mumbai,"Ravi Gururaj, Gaurav Sharma, Viswanath Ramachandran, RippleWave",Seed Funding,500000.0,2015-08-06,early_2015_2019,2015,Other
practo,Doctor Appointment Booking App,,Bangalore,"Sofina, Google Capital, Altimeter Capital, Sequoia Capital Global Equities, Yuri Milner, Sequoia Capital, Matrix Partners",Private Equity,90000000.0,2015-08-06,early_2015_2019,2015,Other
Ketto,Crowd Funding Platform,,Mumbai,"Chennai Angels, Calcutta Angels, ah! Ventures, Intellecap Impact Investment Network, Indus Age Partners, Singapore Angel Network, India Internet Fund, LetsVenture",Seed Funding,700000.0,2015-08-06,early_2015_2019,2015,Other
Ezetap,Mobile Based Pos Solution,,Bangalore,"Horizons Ventures, Capricorn Investment Group, Social+Capital, Helion Advisors, Berggruen Holdings",Private Equity,25000000.0,2015-08-06,early_2015_2019,2015,Other
Carl\\xe2\\x80\\x99s Jr,Fast Food Chain Franchisee,,Gurgaon,YouWeCan Ventures,Seed Funding,630000.0,2015-08-07,early_2015_2019,2015,Other
EasyRewardz,Loyalty Programs & Reward Points,,Mumbai,"Wealth First, Ashneer Grover, Atul Phadnis",Private Equity,500000.0,2015-08-07,early_2015_2019,2015,Other
MyTaxiIndia,Taxi Rental Platform,,Gurgaon,"Nihon Kotsu,",Private Equity,500000.0,2015-08-10,early_2015_2019,2015,Other
eSadar,Ecommerce,,New Delhi,"Neha Vats, Gaurav Vats",Seed Funding,80000.0,2015-08-10,early_2015_2019,2015,Ecommerce
MyPoolin,Mobile Social Network,,New Delhi,QPrize from Qualcomm Ventures,Seed Funding,250000.0,2015-08-10,early_2015_2019,2015,Other
NearBuy (previously\\xc2\\xa0 groupon India),Hyper-Local Ecommerce,,New Delhi,Sequoia Capital,Private Equity,16000000.0,2015-08-10,early_2015_2019,2015,Other
Inkmonk,Online Printing Marketplace,,Chennai,"Girish Mathrubootham, Phanindra Sama, Vikram Chachra, Others from LetsVenture",Seed Funding,250000.0,2015-08-10,early_2015_2019,2015,Other
ToneTag,Mobile Payment Software Platform,,Bangalore,Reliance Capital Venture,Private Equity,1000000.0,2015-08-10,early_2015_2019,2015,Other
Grey Orange,Automated Storage & Warehousing Solution,,Gurgaon,Tiger Global Management,Private Equity,30000000.0,2015-08-10,early_2015_2019,2015,Other
Livspace,Home Design & D\\Xc3\\Xa9Cor Solutions,,Bangalore,"Helion Ventures, Jungle Ventures & Bessemer Venture Partners",Private Equity,8000000.0,2015-08-11,early_2015_2019,2015,Other
WOW! MOMO,Quick Service Restaurant Chain,,Kolkata,Indian Angel Network,Seed Funding,1600000.0,2015-08-11,early_2015_2019,2015,Other
RainCan,Subscription Based Online Grocery Platform,,Pune,Ajeet Khurana & Others,Seed Funding,100000.0,2015-08-11,early_2015_2019,2015,Other
Allygrow Technologies,Engineering Services Company,,Mumbai,Zodius Technology Fund,Private Equity,20000000.0,2015-08-11,early_2015_2019,2015,Other
Infogain,Business And It Consulting,,New Delhi / Us,ChrysCapital,Private Equity,63000000.0,2015-08-11,early_2015_2019,2015,Other
OneAssist,Credit Card Fraud Protection Solutions,,Mumbai,"Sequoia Capital, Lightspeed Ventures",Private Equity,7500000.0,2015-08-12,early_2015_2019,2015,Other
BigBasket,Online & Mobile Grocery Store,,Bangalore,Bessemer Venture Partners,Private Equity,50000000.0,2015-08-12,early_2015_2019,2015,Other
Sheroes,Career Community For Women,,Noida,"Quintillion Media, 500 Startups",Seed Funding,770000.0,2015-08-12,early_2015_2019,2015,Other
Scripbox,Mutual Fund Investing Platform,,Bangalore,"Accel Partners, Deep Kalra, Rajesh Magow, Mohit Gupta, Shamik Sharma",Private Equity,2500000.0,2015-08-12,early_2015_2019,2015,Other
etaout,Ecommerce Marketing Software Platform,,Noida,"Amit Ranjan, Vijay Shekhar Sharma, Kunal Bahl, Girish Mathrubootham &\\xc2\\xa0 Group of other Angel investors",Seed Funding,500000.0,2015-08-13,early_2015_2019,2015,Other
IFMR Holdings,Financial Inclusion Platform,,Chennai,"Accion, LeapFrog Investments, Lok Capital",Private Equity,25000000.0,2015-08-13,early_2015_2019,2015,Other
Agrostar,Mobile Commerce For Farmers,,Pune,IDG Ventures,Private Equity,4000000.0,2015-08-13,early_2015_2019,2015,Other
VoxWeb,Picture Based Social App,,Mumbai,Jitendra Gupta & others,Seed Funding,100000.0,2015-08-14,early_2015_2019,2015,Other
Trukky,Logistics Service Platform,,Ahmedabad,"Gujarat based angel investors, MMY co-Founder",Seed Funding,245000.0,2015-08-14,early_2015_2019,2015,Other
Edu4Share,Exam Preparation Platform,,New Delhi,Nalin Jain & other angel investors,Seed Funding,220000.0,2015-08-17,early_2015_2019,2015,Other
Sampurnearth,Waste Management Solutions,,Mumbai,"Intellecap Impact Investment Network, family office fund",Seed Funding,160000.0,2015-08-17,early_2015_2019,2015,Other
ShadowFax,On-Demand Delivery Service,,Gurgaon,"Kunal Bahl, Rohit Bansal, Zishaan Hayath, Prashant Malik",Seed Funding,310000.0,2015-08-17,early_2015_2019,2015,Other
Roposo,Fashion Discovery Platform,,Gurgaon,Tiger Global,Private Equity,15000000.0,2015-08-18,early_2015_2019,2015,Other
IntelligenceNODE,Data Analytics Platform,,Mumbai,"New Enterprise Associates, Orios Venture Partners",Private Equity,4200000.0,2015-08-18,early_2015_2019,2015,Other
HyperVerge,Deep Learning Cloud Algorithms,,Chennai,"NEA, Milliways Ventures, Naya Ventures",Seed Funding,1000000.0,2015-08-18,early_2015_2019,2015,Other
Zoojoo.be,Corporate Wellness App,,Bangalore,RoundGlass Partners,Private Equity,1000000.0,2015-08-18,early_2015_2019,2015,Other
TimeSaverz,"Hyperlocal Maintenance, Repair & Cleaning Services",,Mumbai,Unilazer Ventures,Private Equity,2400000.0,2015-08-19,early_2015_2019,2015,Other
MebelKart,Online Furniture Marketplace,,Bangalore,AskMe,Private Equity,20000000.0,2015-08-19,early_2015_2019,2015,Other
LabsAdvisor,Online Diagnostic Tests Marketplace,,New Delhi,Group of Angel Investors,Seed Funding,156000.0,2015-08-20,early_2015_2019,2015,Other
Flatpebble,Online Marketplace For Photographers,,Hyderabad,Indian Angel Network,Seed Funding,600000.0,2015-08-20,early_2015_2019,2015,Other
Bluegape.com,Visual Blogging Platform,,New Delhi,"ah! Ventures, Times Internet, Rudy Gopalakrishnan",Seed Funding,600000.0,2015-08-20,early_2015_2019,2015,Other
ePoise,Job Search Platform,,Bangalore,"Orios Venture Partners, Amit Ranjan & others",Seed Funding,500000.0,2015-08-21,early_2015_2019,2015,Other
Jolly Food Fellow,Food Customer Analytics Platform,,Ahmedabad,The 1947,Seed Funding,300000.0,2015-08-24,early_2015_2019,2015,Other
BookMeIn,Professional Service Appointment Booking Service,,Mumbai,Ajmera Group of Companies,Seed Funding,400000.0,2015-08-24,early_2015_2019,2015,Other
Qyk App,On-Demand App Based Professional Service Provider,,Bangalore,"GrowX ventures, Tracxn Labs, Powai Lake Ventures, and Sahil Barua",Private Equity,1000000.0,2015-08-25,early_2015_2019,2015,Other
EazyDiner,Restaurant Reservation Platform,,Gurgaon,"DSG Consumer Partners, Saama Capital",Private Equity,3000000.0,2015-08-25,early_2015_2019,2015,Other
RevX,Cross-Channel Crm Platform,,Mumbai,"Norwest Venture Partners, Nexus Venture Partners, Helion Venture Partners, Draper Fisher Jurvetson, Peepul Capital",Private Equity,4000000.0,2015-08-25,early_2015_2019,2015,Other
ICustomMadeIt,Professional Custom Creators Marketplace,,Pune,Group of Angel Investors,Seed Funding,250000.0,2015-08-25,early_2015_2019,2015,Other
PickMyLaundry,On-Demand Washing & Dry-Cleaning,,New Delhi,GHV Accelerator,Seed Funding,100000.0,2015-08-26,early_2015_2019,2015,Other
Belita,On-Demand Beauty Service,,Mumbai,"India Quotient, LetsVenture investors, Lead Angels",Seed Funding,400000.0,2015-08-26,early_2015_2019,2015,Other
FoodTalkIndia,Online Food Community Platform,,Gurgaon,Undisclosed Investor,Seed Funding,500000.0,2015-08-26,early_2015_2019,2015,Other
Vyomo,Beauty & Lifestyle Mobile Marketplace,,Bangalore,Rocket Internet,Private Equity,2000000.0,2015-08-28,early_2015_2019,2015,Other
RollMafia,Qsr Restaurant Chain,,Pune,Equentia Natural Resources,Seed Funding,160000.0,2015-08-28,early_2015_2019,2015,Other
DropKaffe,Online Coffee Delivery Platform,,Bangalore,"Manish Singhal, P39 Capital & Others",Seed Funding,300000.0,2015-08-31,early_2015_2019,2015,Other
Reverie,Language Localization Cloud Platform,,Bangalore,"Aspada Investment Advisors, Qualcomm Ventures",Private Equity,4000000.0,2015-08-31,early_2015_2019,2015,Other
Cloudcherry Analytics,Crm / Analytics Platform,,Chennai,"The Chennai Angels, IDG Ventures India",Seed Funding,1000000.0,2015-07-01,early_2015_2019,2015,Other
NxtGen,It Infrastructure & Data Center Services,,Bangalore,"IFC, Axon Partners, Intel Capital",Private Equity,13500000.0,2015-07-01,early_2015_2019,2015,Other
BankBazaar,Online Financial Services,,Chennai,"Amazon, Fidelity Growth Partners, Mousse Partners",Private Equity,60000000.0,2015-07-02,early_2015_2019,2015,Other
Gozoomo,Used Car Marketplace,,Bangalore,SAIF Partners,Private Equity,5000000.0,2015-07-02,early_2015_2019,2015,Other
Zenatix,Internet Of Things Platform,,Gurgaon,"Rajan Anandan, Kunal Bahl, Rohit Bansal, Rahul Khanna",Seed Funding,161000.0,2015-07-02,early_2015_2019,2015,Other
CultureAlley,Language Learning App,,Jaipur,Tiger Global,Private Equity,6500000.0,2015-07-03,early_2015_2019,2015,Other
Gingercrush,Custom Merchandize Platform,,Ahmedabad,"Gokul Jaykrishna, Brand Capital",Seed Funding,1000000.0,2015-07-03,early_2015_2019,2015,Other
Stitchwood,Custom Furniture Marketplace,,Mumbai,"Powai Lake Ventures, Ajeet Khurana & others",Seed Funding,395000.0,2015-07-04,early_2015_2019,2015,Other
Paper Boat,Ethnic Beverages Manufacturer,,Gurgaon,"Sofina, Hillhouse Capital",Private Equity,30000000.0,2015-07-06,early_2015_2019,2015,Other
Wudstay,Budget Accommodation Aggregator,,Gurgaon,"Mangroves Capital Partners, Vikas Saxena",Private Equity,3000000.0,2015-07-07,early_2015_2019,2015,Other
Liases Foras,Real Estate Rating & Analysis,,New Delhi,DMG information Asia Pacific,Private Equity,5000000.0,2015-07-07,early_2015_2019,2015,Other
Saavn,Music Streaming App,,Mumbai,"Tiger Global Management, Bertelsmann India, Steadview Capital, Liberty Media, Mousse Partners, Quilvest",Private Equity,100000000.0,2015-07-08,early_2015_2019,2015,Other
Flytxt,Big Data & Analytics Platform,,Mumbai / Global,"Sunrise Capital GmBH, Big Data Investments B.V",Private Equity,11000000.0,2015-07-08,early_2015_2019,2015,Other
Axtria,Big Data & Analytics Platform,,India / Us,"Helion Venture Partners,Amarpreet Sawhney, Deshpande Foundation, Fred Khosravi, Richard S. Braddock",Private Equity,30000000.0,2015-07-08,early_2015_2019,2015,Other
33Coupons,Coupon Aggregator Platform,,Kanpur,Not Disclosed,Seed Funding,20000.0,2015-07-08,early_2015_2019,2015,Other
Hopping Chef,Online Food-Tech Platform,,Mumbai,Mirah Hospitality,Seed Funding,470000.0,2015-07-08,early_2015_2019,2015,Other
Collectabillia,Celebrity Fashion Brand,,Bangalore,Accel Partners,Private Equity,7500000.0,2015-07-08,early_2015_2019,2015,Other
Lendingkart,Online Finance Lending Platform,,Ahmedabad,"Saama Capital, Mayfield, Ashvin Chadha, Shailesh Mehta",Private Equity,10000000.0,2015-07-08,early_2015_2019,2015,Other
Lybrate,Healthcare Mobile App,,New Delhi,"Tiger Global Management, Ratan Tata, Nexus Venture Partners",Private Equity,10200000.0,2015-07-08,early_2015_2019,2015,Other
Zoomcar,Self-Driven Vehicle Rental,,Bangalore,"Sequoia Capital, Empire Angels, NGP",Private Equity,11000000.0,2015-07-08,early_2015_2019,2015,Other
MySmartPrice,Online Comparison Engine,,Hyderabad,"Accel Partners, Helion Venture Partners",Private Equity,10000000.0,2015-07-14,early_2015_2019,2015,Other
Boxmyspace,Physical Storage Warehouses,,Mumbai,"Ritesh Veera, Singapore Angel Network, Orios Venture Partners,",Seed Funding,300000.0,2015-07-14,early_2015_2019,2015,Other
HackerRank,Tech Recruitment Platform,,Bangalore,HR Technology fund,Private Equity,7500000.0,2015-07-14,early_2015_2019,2015,Other
WickedRide,Bike Rental Platform,,Bangalore,Undisclosed,Seed Funding,790000.0,2015-07-14,early_2015_2019,2015,Other
WoWexpress,Tech Enabled Logistics Platform,,Mumbai,Tamarind Family Private Trust,Seed Funding,500000.0,2015-07-14,early_2015_2019,2015,Other
Oyo Rooms,Budget Hotel Accommodation,,Gurgaon,"Softbank, Sequoia Capital",Private Equity,100000000.0,2015-07-15,early_2015_2019,2015,Other
Mobikon,Restaurant Customer Engagement Platform,,Pune,Jungle Ventures,Private Equity,2300000.0,2015-07-15,early_2015_2019,2015,Other
Roadrunnr,Hyper Local Logistics Platform,,Bangalore,"Sequoia Capital, Nexus Venture Partners, Blume Ventures",Private Equity,11000000.0,2015-07-15,early_2015_2019,2015,Other
Ketto,Crowd Funding Platform,,Mumbai,"Pradyumna Dalmia, Sudhir Rao & Others",Seed Funding,700000.0,2015-07-16,early_2015_2019,2015,Other
QuikWallet,F&B Sector Mobile Payment Platform,,Mumbai,Snow Leopard Technology Ventures,Private Equity,1600000.0,2015-07-17,early_2015_2019,2015,Other
Omnikart,Industrial Supplies B2B Ecommerce,,Mumbai,"Sumit Gandhi, Manish Gandhi",Seed Funding,100000.0,2015-07-17,early_2015_2019,2015,Other
Zo Rooms,Online Budget Hotel Chain,,New Delhi,"Tiger Global, Orios Venture Partners.",Private Equity,15000000.0,2015-07-20,early_2015_2019,2015,Other
Innoviti,Payment Solutions Platform,,Bangalore,"Catamaran Ventures, New India Investment Corporation",Private Equity,4850000.0,2015-07-20,early_2015_2019,2015,Other
Joy by nature,Organic Food Ecommerce,,New Delhi,"Mumbai Angels, Vriddhi Fund, Others",Private Equity,1000000.0,2015-07-21,early_2015_2019,2015,Other
Iqlect,Big Data & Analytics Platform,,Bangalore,Exfinity Venture Partners,Private Equity,2000000.0,2015-07-22,early_2015_2019,2015,Other
deGustibus,Fine Dining Restaurant Chain,,Mumbai,India Value Fund Advisors,Private Equity,30000000.0,2015-07-22,early_2015_2019,2015,Other
Nestaway,Luxury Rental Homes,,Bangalore,"Flipkart, Tiger Global",Private Equity,12750000.0,2015-07-23,early_2015_2019,2015,Other
Mswipe,Mobile Point Of Sale Payment Solution,,Nan,"Falcon Edge Capital, Meru Capital, Ola, Matrix Partners, DSG Consumer Partners, Axis Bank",Private Equity,25000000.0,2015-07-23,early_2015_2019,2015,Other
Myonsto,Online Grocers,,Ahmedabad,Jayant Bokadia,Seed Funding,320000.0,2015-07-23,early_2015_2019,2015,Other
MedGenome,Clinical Genomics Provider,,Bangalore,Sequoia Capital,Private Equity,20000000.0,2015-07-23,early_2015_2019,2015,Other
HolidayIQ,Travel Information Portal,,Bangalore,MakeMyTrip,Private Equity,15000000.0,2015-07-23,early_2015_2019,2015,Other
Fitternity,Fitness Marketplace,,Mumbai,Exfinity Venture Partners,Private Equity,1000000.0,2015-07-23,early_2015_2019,2015,Other
Quikr,Online & Mobile Classified Listings,,Mumbai,"AB Kinnevik, Falcon Edge Capital, Coatue Management",Private Equity,60000000.0,2015-07-23,early_2015_2019,2015,Other
BroEx,Real Estate Broker Network App,,Gurgaon,Lightspeed India,Private Equity,1000000.0,2015-07-24,early_2015_2019,2015,Other
CredR,Used Bikes Marketplace,,Mumbai,Fidelity Growth Partners,Private Equity,15000000.0,2015-07-25,early_2015_2019,2015,Other
ManageMySpa,Spa & Salon Management Software,,Hyderabad,Accel Partners,Private Equity,6000000.0,2015-07-27,early_2015_2019,2015,Other
Pepperfry,Online Home D\\Xc3\\Xa9Cor Marketplace,,Mumbai,"Goldman Sachs, Zodius Technology Fund, Bertelsmann India Investments Norwest Venture Partners.",Private Equity,100000000.0,2015-07-28,early_2015_2019,2015,Other
Flipkart.com,Online Marketplace,,Bangalore,Steadview Capital and existing investors,Private Equity,700000000.0,2015-07-28,early_2015_2019,2015,Other
Opinio,Hyperlocal Food & Grocery Store,,Bangalore,"Accel Partners, Traxcn Labs & Others",Seed Funding,1300000.0,2015-07-28,early_2015_2019,2015,Other
Zoctr,Health-Tech Platform,,Mumbai,"Sandeep Parwal, Krishan Gupta & Others",Seed Funding,1000000.0,2015-07-28,early_2015_2019,2015,Other
Zimmber,Hyperlocal Handyman Services,,Mumbai,"IDG Ventures India, Omidyar Network, Sherpalo Ventures,\\xc2\\xa0 Mohandas Pai",Private Equity,2000000.0,2015-07-29,early_2015_2019,2015,Other
trueHb,Medical Tech Instruments,,New Delhi,"Sachin and Binny Bansal, Malvinder and Shivinder Singh, Gurpreet Singh & others",Seed Funding,2400000.0,2015-07-29,early_2015_2019,2015,Other
Zovi.com / Little App,Hyperlocal Deals Marketplace,,Bangalore,"Paytm, SAIF Partners,\\xc2\\xa0 Tiger Global Management & others",Private Equity,50000000.0,2015-07-29,early_2015_2019,2015,Other
Swajal,Innovative Water Solutions,,Gurgaon,Abhishek Gupta,Private Equity,1200000.0,2015-07-29,early_2015_2019,2015,Other
Pipa Bella,Online Jewelry Store,,Mumbai,LionRock Capital,Private Equity,600000.0,2015-07-30,early_2015_2019,2015,Other
Pragmatix,Business Intelligence & Analytics,,Mumbai,SIDBI Venture Capital Ltd,Private Equity,2400000.0,2015-07-30,early_2015_2019,2015,Other
Droom.in,Used Vehicle Marketplace,,New Delhi,"Lightbox Ventures, Beenos",Private Equity,16000000.0,2015-07-30,early_2015_2019,2015,Other
MadRat Games,Educational Board Games,,Bangalore,"Kunal Bahl, Rohit Bansal",Seed Funding,168000.0,2015-07-30,early_2015_2019,2015,Other
Noodle Play,Chinese Food Delivery,,Mumbai,"Elliot Stechman, Gautam Sinha, Ambarish Ray",Seed Funding,168000.0,2015-07-30,early_2015_2019,2015,Other
LazyLad,Hyperlocal Grocery App,,Gurgaon,"Jai Choi, Kiyohiro Sugashita, Hirokazu",Private Equity,500000.0,2015-07-31,early_2015_2019,2015,Other
Prothom,Hasbro Toy Manufacturer,,Pune,Oliphabs Capital,Private Equity,2000000.0,2015-07-31,early_2015_2019,2015,Other
Bona Vita,Travel Tech,,Gurgaon,MakeMyTrip,Private Equity,5000000.0,2015-07-31,early_2015_2019,2015,Other
Veeba Foods,Healthy Food Manufacturer,,New Delhi,"DSG Consumer Partners, Saama Capital.",Private Equity,6000000.0,2015-06-01,early_2015_2019,2015,Other
Truebil,Used Car Marketplace,,Mumbai,"Kae Capital, Anupam Mittal",Seed Funding,500000.0,2015-06-01,early_2015_2019,2015,Other
Meritnation,Online Learning Platform,,New Delhi,InfoEdge,Private Equity,4000000.0,2015-06-01,early_2015_2019,2015,Other
Eattreatonline,Healthy Food Online Community,,New Delhi,Group of 15 Angel Investors,Seed Funding,350000.0,2015-06-01,early_2015_2019,2015,Other
Glamrs,Online Fashion Video Portal,,Mumbai,"Ventureworks India, Blume Ventures, Batlivala & Karani Securities, Nikunj Jhaveri",Private Equity,1000000.0,2015-06-01,early_2015_2019,2015,Other
Proviera,Probiotic Technology Products Manufacturer,,Chennai,Infuse Ventures,Private Equity,550000.0,2015-06-01,early_2015_2019,2015,Other
Arth DesignBuild,Architectural Design & Consulting,,Hyderabad,Srinivas Tirupati,Seed Funding,500000.0,2015-06-01,early_2015_2019,2015,Other
Saama,Big Data & Analytics Services,,Pune / Us,Carrick Capital Partners,Private Equity,35000000.0,2015-06-02,early_2015_2019,2015,Other
AllIzHealth,Preventive Healthcare Services,,Pune,Mumbai Angels & Other angel investors,Seed Funding,350000.0,2015-06-02,early_2015_2019,2015,Other
Propstack,Real Estate Intelligence Platform,,Mumbai,DMG Information,Private Equity,3000000.0,2015-06-03,early_2015_2019,2015,Other
MyTaxiIndia,Online Car Rental Affiliates,,New Delhi,Green House Ventures,Seed Funding,100000.0,2015-06-03,early_2015_2019,2015,Other
Arkin Net,Data Center Software Platform,,Pune / Us,Nexus Venture Partners,Private Equity,15000000.0,2015-06-03,early_2015_2019,2015,Other
Little Black Book Delhi,Online City & Lifestyle Guide,,New Delhi,"Rajan Anandan, Niraj Singh, Sachin Bhatia, Singapore Angel Network & Aseem Vadehra",Seed Funding,150000.0,2015-06-03,early_2015_2019,2015,Other
iCustomadeit,Bespoke Merchandize Marketplace,,Pune,"Virendra Shahney, Dr Paresh Doshi",Seed Funding,250000.0,2015-06-03,early_2015_2019,2015,Other
Ecom Express,Logistics Solution Provider,,New Delhi,Warburg Pincus,Private Equity,137000000.0,2015-06-04,early_2015_2019,2015,Other
Vidooly,Video Intelligence Platform,,Noida,Bessemer Venture Partners,Private Equity,1000000.0,2015-06-04,early_2015_2019,2015,Other
Zopper,Hyperlocal Shopping App,,Mumbai,"Tiger Global,\\xc2\\xa0 Nirvana Ventures Advisors",Private Equity,20000000.0,2015-06-04,early_2015_2019,2015,Other
Flipkart,Ecommerce Platform,,Bangalore,Morgan Stanley,Private Equity,50000000.0,2015-06-04,early_2015_2019,2015,Other
kWatt Solutions,Renewable Energy Solutions,,Mumbai,,Seed Funding,500000.0,2015-06-05,early_2015_2019,2015,Other
Medwell Ventures,Healthcare\\Nservice Provider,,Bangalore,"Fidelity Growth Partners, Fidelity Biosciences",Private Equity,10000000.0,2015-06-05,early_2015_2019,2015,Other
Jugnoo,Auto Rickshaw Based Services,,Chandigarh,"Snow Leopard, Paytm",Private Equity,5000000.0,2015-06-05,early_2015_2019,2015,Other
Applied Solar Technologies,Off-Grid Solar Power,,Mumbai,"Future Fund,Bessemer Venture, Capricorn Investment and IFC",Private Equity,40000000.0,2015-06-08,early_2015_2019,2015,Other
Clovia,Private Label Lingerie Ecommerce,,New Delhi,IvyCap Ventures,Private Equity,5000000.0,2015-06-09,early_2015_2019,2015,Other
Swiggy,Online Food Ordering,,Bangalore,"Norwest Venture Partners, SAIF Partners, Accel Partners",Private Equity,16500000.0,2015-06-09,early_2015_2019,2015,Other
PayMango,Mobile Commerce Platform,,Gurgaon,Group of Angel Investors,Seed Funding,234000.0,2015-06-09,early_2015_2019,2015,Other
Teritree,Digital Marketing Services,,Bangalore,KCL,Seed Funding,140000.0,2015-06-09,early_2015_2019,2015,Other
Voonik,Fashion Ecommerce Store,,Bangalore,"Sequoia Capital, Seedfund",Private Equity,5000000.0,2015-06-10,early_2015_2019,2015,Other
AdStringO,Mobile Compression Software,,Mumbai,"Arihant Patni, Vishal Khare,\\xc2\\xa0 Viswanath Ramachandran",Seed Funding,350000.0,2015-06-11,early_2015_2019,2015,Other
Faircent.com,Peer To Peer Lending Platform,,Gurgaon,M&S Partners Pte. Ltd,Seed Funding,250000.0,2015-06-11,early_2015_2019,2015,Other
La Renon,Global Healthcare Products,,Ahmedabad,Sequoia Capital,Private Equity,16000000.0,2015-06-12,early_2015_2019,2015,Other
Homelane,Home Furnishing Solutions,,Bangalore,Sequoia Capital,Private Equity,50000000.0,2015-06-15,early_2015_2019,2015,Other
Shippr,Intra-City Logistics Service,,Bangalore,i2india Pvt Ltd,Seed Funding,500000.0,2015-06-15,early_2015_2019,2015,Other
CouponRaja,Online Coupon & Comparison Platform,,Mumbai,"Mahesh Pratapneni, Pallab Chatterjee & others",Seed Funding,500000.0,2015-06-16,early_2015_2019,2015,Other
MyDentist,Dental Clinic Chain,,Mumbai,"LGT Group, Asian Healthcare fund, Seedfund",Private Equity,8200000.0,2015-06-17,early_2015_2019,2015,Other
Fracktal Works,3D Printer Manufacturer,,Bangalore,Neoteric Infomatique Limited,Private Equity,3000000.0,2015-06-18,early_2015_2019,2015,Other
Hansa Customer Equity,It / Customer Engagement Consulting,,Mumbai,ASK Pravi,Private Equity,5000000.0,2015-06-18,early_2015_2019,2015,Other
Housejoy,Home Services Marketplace,,Bangalore,Matrix Partners,Private Equity,4000000.0,2015-06-19,early_2015_2019,2015,Other
FundsIndia.com,Financial Services Platform,,Chennai,"Faering Capital, Foundation Capital, Inventus Capital Partners",Private Equity,11000000.0,2015-06-19,early_2015_2019,2015,Other
Cupick,Social Network For Artists,,Bangalore,Group of Angel Investors from US/India,Seed Funding,120000.0,2015-06-20,early_2015_2019,2015,Other
Tracxn,Startup Funding Platform,,Bangalore,"Sachin Bansal, Bunny Bansal & other investors",Private Equity,10000000.0,2015-06-20,early_2015_2019,2015,Other
Holachef,Food Delivery Platform,,Mumbai,"Kalaari Capital, India Quotient",Private Equity,3100000.0,2015-06-21,early_2015_2019,2015,Other
elong,Data Driven Recruitment Recommendation,,Bangalore,"Kunal Bahl, Rohit Bansal, Blume Ventures, Phanindra Sama, Raju Reddy",Private Equity,5000000.0,2015-06-22,early_2015_2019,2015,Other
Vidgyor,Video Advertisement Platform,,Bangalore,AngelPrime,Seed Funding,500000.0,2015-06-22,early_2015_2019,2015,Other
Goodservice,Mobile Chat Based Concierge Service,,New Delhi,Sequoia Capital,Private Equity,1600000.0,2015-06-23,early_2015_2019,2015,Other
Treebo,Online Budget Hotel Booking Service,,Bangalore,"Matrix Partners India, SAIF Partners",Private Equity,6000000.0,2015-06-23,early_2015_2019,2015,Other
EduKart,Online Education Marketplace,,New Delhi,"Holostik Group, YouWeCan Ventures, 500 Startups, Vijay Shekhar Sharma, Manish Kheterpal, Amit Patni",Private Equity,1000000.0,2015-06-23,early_2015_2019,2015,Other
Indix,Saas Product Intelligence Platform,,Nan,"Nokia Growth Partners, Nexus Venture Partners, Avalon Ventures",Private Equity,15000000.0,2015-06-24,early_2015_2019,2015,Other
The Porter,Logistics Tech,,Mumbai,"Sequoia Capital, Kae Capital, Anupam Mittal, Sandeep Tandon",Private Equity,5500000.0,2015-06-24,early_2015_2019,2015,Other
Retention.ai,App Analytics Platform,,Bangalore,"Mercury Fund, Anshu Sharma, Pratyush Prasanna, Robert Winters & others",Seed Funding,500000.0,2015-06-24,early_2015_2019,2015,Other
Fusion Microfinance,Micro Finance Platform,,New Delhi,"Development finance institution Belgian Investment Company, Oikocredit",Private Equity,8600000.0,2015-06-25,early_2015_2019,2015,Other
Zinka,Freight Logistics Platform,,Bangalore,"Accel Partners, Flipkart",Private Equity,6000000.0,2015-06-25,early_2015_2019,2015,Other
CreditMantri,Credit Management Services,,Chennai,"IDG Ventures India, Elevar Equity, Accion Venture Lab",Private Equity,2500000.0,2015-06-26,early_2015_2019,2015,Other
GetMyPeon,Hyperlocal Handyman Services,,Mumbai,Undisclosed investors,Seed Funding,250000.0,2015-06-26,early_2015_2019,2015,Other
UrbanClap,Hyperlocal Services Marketplace,,New Delhi,"SAIF Partners,\\xc2\\xa0 Accel Partners",Private Equity,10000000.0,2015-06-29,early_2015_2019,2015,Other
AdWyze,Marketing / Advertising Automation Platform,,Bangalore,Mape Advisory,Seed Funding,1000000.0,2015-06-29,early_2015_2019,2015,Other
Zimmber,Hyperlocal Handyman Services,,Mumbai,"Naveen Tiwari, Mohit Saxena, Amit Gupta, Piyush Shah, Manish Dugar",Seed Funding,400000.0,2015-06-29,early_2015_2019,2015,Other
Flatchat,Flat Rental Mobile App,,Bangalore,Commonfloor,Private Equity,2500000.0,2015-06-30,early_2015_2019,2015,Other
MyCFO,Wealth Management Platform,,Mumbai,Sameer Koticha,Private Equity,1500000.0,2015-06-30,early_2015_2019,2015,Other
Foodpanda,Online Food Delivery,,Gurgaon,"Goldman Sachs, Rocket Internet",Private Equity,100000000.0,2015-05-01,early_2015_2019,2015,Other
Termsheet,Fund Raising Platform,,Chennai,"Anand Vijay, Nipun Dureja, Satyajit Heeralal, Keith Rodricks, Gaurav Lochan, Azmul Haque, Nikhil Bagri",Seed Funding,100000.0,2015-05-01,early_2015_2019,2015,Other
Applicate,Workforce Management Software,,Bangalore,"Rishi Vasudev, Amit Gupta, Rajiv Nayan",Seed Funding,550000.0,2015-05-04,early_2015_2019,2015,Other
World Art Community,Online Art Marketplace,,Gurgaon,Viraj Tyagi & others,Seed Funding,200000.0,2015-05-04,early_2015_2019,2015,Other
SpoonJoy,Online Food Delivery,,Bangalore,SAIF Partners,Seed Funding,1000000.0,2015-05-04,early_2015_2019,2015,Other
Seed Schools,Affordable Education,,Hyderabad,Acumen Fund,Seed Funding,650000.0,2015-05-05,early_2015_2019,2015,Other
Ignis Careers,Career Development,,Hyderabad,Acumen Fund,Seed Funding,250000.0,2015-05-05,early_2015_2019,2015,Other
Square Yards,Real Estate Advisory,,Gurgaon,Undisclosed Investors,Private Equity,6000000.0,2015-05-05,early_2015_2019,2015,Other
Fintellix,Banking Analytics Platform,,Bangalore,"IDG Ventures, Sequoia Capital",Private Equity,15000000.0,2015-05-05,early_2015_2019,2015,Other
Delhivery,Ecommerce Logistics,,Gurgaon,"Tiger Global Management, Multiples Alternate Asset Management, Nexus Venture Partners, Times Internet",Private Equity,85000000.0,2015-05-06,early_2015_2019,2015,Other
Swiggy,Online Food Delivery,,Bangalore,Norwest Venture Partners,Private Equity,15000000.0,2015-05-06,early_2015_2019,2015,Other
Box8,Online Food Delivery,,Mumbai,Mayfield Ventures,Private Equity,3500000.0,2015-05-07,early_2015_2019,2015,Other
Toppr,Online Education Platform,,Mumbai,"Fidelity Growth Partners India, SAIF Partners,\\xc2\\xa0 Helion Ventures",Private Equity,10000000.0,2015-05-07,early_2015_2019,2015,Other
Vedantu,Online Education Platform,,Bangalore,"Accel Partners, Tiger Global Management",Private Equity,5000000.0,2015-05-07,early_2015_2019,2015,Other
BuyHatke,Online Product Comparison,,Bangalore,"S.Gopalakrishnan, Beenos",Seed Funding,1000000.0,2015-05-08,early_2015_2019,2015,Other
Uniken,Online Security Platform,,Pune,Exfinity Ventures,Private Equity,2000000.0,2015-05-08,early_2015_2019,2015,Other
GrandOpinion,Online Medical Diagnostic,,New Delhi,Florida based Angel investor,Seed Funding,150000.0,2015-05-08,early_2015_2019,2015,Other
ZapStitch,Cloud Data Integration Platform,,Bangalore,"Helion Venture Partners, Orios Venture Partners",Private Equity,2000000.0,2015-05-12,early_2015_2019,2015,Other
Wassup,Mobile Laundry Cleaning Service,,Chennai,"Arun Chandra Mohan, Praveen Sinha",Private Equity,2000000.0,2015-05-12,early_2015_2019,2015,Other
IndianRoots.com,Lifestyle Ecommerce Portal,,Gurgaon,KJS Group,Private Equity,5000000.0,2015-05-14,early_2015_2019,2015,Other
RedPolka,Online Fashion Aggregator,,Mumbai,Undisclosed Investors,Seed Funding,250000.0,2015-05-14,early_2015_2019,2015,Other
Venturesity,Online Job Skills Showcase,,Bangalore,"Phanindra Sama, Jay Sethuram, Hemant Kanakia, Ravi Trivedi",Seed Funding,270000.0,2015-05-15,early_2015_2019,2015,Other
Chaayos,Offline Tea Chain,,New Delhi,Tiger Global Management,Private Equity,1000000.0,2015-05-19,early_2015_2019,2015,Other
Akosha,Business Messaging App,,New Delhi,Sequoia Capital,Private Equity,16000000.0,2015-05-19,early_2015_2019,2015,Other
Cooey,Health Mobile App,,Bangalore,Subhash Goyal,Seed Funding,470000.0,2015-05-19,early_2015_2019,2015,Other
MeetUniv,Online Ed-Tech Platform,,Noida,Peesh Venture Capital,Seed Funding,1000000.0,2015-05-19,early_2015_2019,2015,Other
Crown-it,Hyperlocal Mobile Marketplace,,Gurgaon,"Accel Partners, Helion Venture Partners",Private Equity,5500000.0,2015-05-19,early_2015_2019,2015,Other
Trucksfirst,Trucking Logistic Operations,,Gurgaon,SAIF partners,Private Equity,10000000.0,2015-05-19,early_2015_2019,2015,Other
Lookup,B2C Messaging App,,Bangalore,Biz Stone,Private Equity,3000000.0,2015-05-20,early_2015_2019,2015,Other
\\xc2\\xa0Nudgespot,Customer Engagement Platform,,Bangalore,"Kae Capital, Anoop Goyal, Mike Shah, VA Sastry",Seed Funding,625000.0,2015-05-22,early_2015_2019,2015,Other
EveningFlavors,Online Table Reservation,,Bangalore,Sandiep Shrivatsava,Seed Funding,500000.0,2015-05-22,early_2015_2019,2015,Other
ZenParent,Parents Focused Web Content,,Bangalore,i2india Ventures,Seed Funding,500000.0,2015-05-25,early_2015_2019,2015,Other
UrbanPro,On-Demand Service Marketplace,,Bangalore,Nirvana Venture Advisors,Private Equity,2000000.0,2015-05-26,early_2015_2019,2015,Other
Goodbox,On-Demand Business Messaging,,Bangalore,Manipal Group,Seed Funding,200000.0,2015-05-26,early_2015_2019,2015,Other
Renderlogy,Online Home D\\Xc3\\Xa9Cor,,Hyderabad,Astarc Ventures,Private Equity,1000000.0,2015-05-26,early_2015_2019,2015,Other
Postman,Api Workflow Platform,,Bangalore,Nexus Venture Partners,Seed Funding,1000000.0,2015-05-27,early_2015_2019,2015,Other
Casa2inns,Affordable Hotel Booking Online,,New Delhi,"Accel Partners, Kalaari Capital",Private Equity,5000000.0,2015-05-27,early_2015_2019,2015,Other
FleetRover,Logistics Intelligence,,Goa,"Tim Chen, Sanjay Venkat",Seed Funding,180000.0,2015-05-27,early_2015_2019,2015,Other
TheKarrier,Last Mile Logistics,,Bangalore,"Sol Primero, Outbox Ventures, Nikunj Jain",Seed Funding,240000.0,2015-05-28,early_2015_2019,2015,Other
Zoomcar,Self-Driven Car Rental,,Bangalore,Sequoia Capital,Private Equity,5000000.0,2015-05-28,early_2015_2019,2015,Other
Ather Energy,Electric Scooter Manufacturer,,Bangalore,Tiger Global,Private Equity,12000000.0,2015-05-30,early_2015_2019,2015,Other
Swiggy,Online Food Delivery,,Bangalore,"Accel Partners, SAIF Partners",Private Equity,2000000.0,2015-04-03,early_2015_2019,2015,Other
Bluegape,Web Content Publishing,,Gurgaon,"Rudy Gopalakrishnan, ah! Ventures",Seed Funding,200000.0,2015-04-04,early_2015_2019,2015,Other
KeepTrax,Location Based App,,Dallas / Hyderabad,,Seed Funding,1000000.0,2015-04-04,early_2015_2019,2015,Other
InstaLively,Video Streaming,,New Delhi,"Rajesh Sawheny , Rajan Anandan, Amit Ranjan, Niraj Singh, AECAL, MeraEvents.",Seed Funding,120000.0,2015-04-06,early_2015_2019,2015,Other
Pricejugaad,Price Comparison,,Hyderabad,"Amit Tyagi, Sandeep Acharya & others",Seed Funding,165000.0,2015-04-07,early_2015_2019,2015,Other
Quikr,Online Classifieds,,Mumbai,"Tiger Global, Investment AB Kinnevik, Steadview Capital",Private Equity,150000000.0,2015-04-07,early_2015_2019,2015,Other
PressPlay,Travel Entertainment,,New Delhi,"Sequoia Capital, Jason Hirschhorn, Jarett Posner, and Amit Bhatiani",Seed Funding,2200000.0,2015-04-07,early_2015_2019,2015,Other
FirstCry.com,Ecommerce,,Pune,"Silicon Valley Ventures, NEA Ventures, Valiant Capital, IDG Ventures India,\\xc2\\xa0 SAIF Partners, Vertex Ventures",Private Equity,10000000.0,2015-04-08,early_2015_2019,2015,Ecommerce
MobiKwik,Digital / Mobile Wallet,,Gurgaon,"Tree Line Asia, Cisco Investments, American Express, Sequoia Capital",Private Equity,25000000.0,2015-04-08,early_2015_2019,2015,Other
Olacabs,Cab Aggregator,,Bangalore,"DST Global, Steadview Capital, Tiger Global, Accel Partners & Others",Private Equity,400000000.0,2015-04-08,early_2015_2019,2015,Other
Gadgetwood,Device Repair Svcs,,New Delhi,"Ajai Chowdhry, Ashvin Chadha, Yogesh Bansal,\\nNitin Singhal & Others",Seed Funding,200000.0,2015-04-09,early_2015_2019,2015,Other
Bonhomia,Premium Beverages,,New Delhi,"Kanwaljit Singh, Shripad Nadkarni, Sarvesh Shahra & Others",Seed Funding,2000000.0,2015-04-09,early_2015_2019,2015,Other
Changer Mints,Digital / Mobile Wallet,,Kolkata,Hyderabad based investor,Seed Funding,165000.0,2015-04-09,early_2015_2019,2015,Other
Urban Ladder,Online Furnishing\\Necommerce,,Bangalore,"Sequoia Capital, TR Capital, Steadview Capital, SAIF Partners, Kalaari Capital",Private Equity,50000000.0,2015-04-09,early_2015_2019,2015,Other
Whatfix,Interactive\\Xc2\\Xa0 How-To Guides,,Bangalore,"Helion Venture Partner, Powerhouse Ventures, GSF and Other angel investors",Seed Funding,900000.0,2015-04-10,early_2015_2019,2015,Other
Zomato,Restaurant Reviews,,Gurgaon,Info Edge (India),Private Equity,25000000.0,2015-04-11,early_2015_2019,2015,Other
ZopNow,Online Grocer,,Bangalore,"Dragoneer Investment, Accel Partners, Qualcomm Ventures, Times Internet",Private Equity,10000000.0,2015-04-13,early_2015_2019,2015,Other
Nayi Disha,Ed-Tech,,New Delhi,"Ajay Relan,",Seed Funding,300000.0,2015-04-13,early_2015_2019,2015,Edtech
Commeasure,Online Hotel Booking,,Noida,Jungle Ventures,Seed Funding,1000000.0,2015-04-13,early_2015_2019,2015,Other
Capricoast,Online Kitchen Furniture,,Bangalore,Accel Partners India,Seed Funding,1250000.0,2015-04-13,early_2015_2019,2015,Other
LocalOye,Hyper-Local Online Services,,Mumbai,"Tiger Global Management, Lightspeed Venture Partners",Private Equity,5000000.0,2015-04-14,early_2015_2019,2015,Other
Grofers,Hyper-Local Online/Mobile Grocery,,Gurgaon,"Tiger Global, Sequoia Capital",Private Equity,35000000.0,2015-04-15,early_2015_2019,2015,Other
PepperTap,Hyper-Local Online/Mobile Grocery,,Gurgaon,"SAIF Partners, Sequoia Capital",Private Equity,10000000.0,2015-04-15,early_2015_2019,2015,Other
PolicyBazaar,Online Policy Aggregator,,Gurgaon,"PremjiInvest, Tiger Global, Ribbit Capital",Private Equity,40000000.0,2015-04-15,early_2015_2019,2015,Other
UrbanClap,Hyperlocal Mobile Services Marketplace,,New Delhi,"SAIF Partners, Accel Partners, Kunal Bahl, Rohit Bansal",Seed Funding,1600000.0,2015-04-16,early_2015_2019,2015,Other
Taskbob,Ondemand\\Nmobile Handyman Services,,Mumbai,"Orios Venture Partners, Mayfield India",Seed Funding,1200000.0,2015-04-16,early_2015_2019,2015,Other
Robosoft,Mobile App Development,,Udupi,"Ascent Capital, Kalaari Capital",Private Equity,12000000.0,2015-04-17,early_2015_2019,2015,Other
Pastiwala,Material Collection & Recycling,,Vadodara,Agnus Capital,Private Equity,4000000.0,2015-04-20,early_2015_2019,2015,Other
1mg (Healthkartplus),Online Pharmacy & Drug Db,,Gurgaon,"Deep Kalra, Sequoia Capital, Omidyar Network, Intel Capital & Kae Capital",Private Equity,6000000.0,2015-04-20,early_2015_2019,2015,Other
Freshdesk,Online / Mobile Customer Support,,Chennai,"Tiger Global, Google Capital & Accel Partners",Private Equity,50000000.0,2015-04-20,early_2015_2019,2015,Other
Sulekha.com,Online Classifieds & Listings,,Chennai,GIC ventures,Private Equity,28000000.0,2015-04-20,early_2015_2019,2015,Other
Eat.Shop.Love,Fashion Ecommerce,,Bangalore,Undisclosed Investor,Private Equity,3500000.0,2015-04-22,early_2015_2019,2015,Other
Avanti Learning,Private Coaching Centers,,New Delhi,"Michael & Susan Dell Foundation, Pearson Learning Fund",Private Equity,1500000.0,2015-04-22,early_2015_2019,2015,Other
Simplilearn,Online Certification Courses,,Bangalore,"Mayfield Ventures, Kalaari Capital, Helion Ventures",Private Equity,15000000.0,2015-04-23,early_2015_2019,2015,Other
Craftstvilla,Ethnic Product Ecommerce,,Mumbai,"Sequoia Capital, Nexus venture Partners, Lightspeed Ventures, GFC",Private Equity,18000000.0,2015-04-23,early_2015_2019,2015,Other
HeadOut,Last Minute Travel Deals Mobile Marketplace,,Bangalore / Sfo,"Version One Ventures, 500 Startups, Nexus Venture Partners and Arena Ventures",Seed Funding,1800000.0,2015-04-23,early_2015_2019,2015,Other
happay,Usiness Expense Management,,Bangalore,AngelPrime,Seed Funding,500000.0,2015-04-23,early_2015_2019,2015,Other
Jugnoo,Auto Rickshaw Based Logistics,,Chandigarh,"Rakesh Mathur, Vikas Taneja & others",Seed Funding,1000000.0,2015-04-23,early_2015_2019,2015,Other
Coverfox,Online Insurance Aggregator,,Mumbai,"Accel US, Accel India, SAIF Partners.",Private Equity,12000000.0,2015-04-24,early_2015_2019,2015,Other
Torqus,Restaurant Management Platform,,Pune,S S Mukherji & Others,Seed Funding,350000.0,2015-04-27,early_2015_2019,2015,Other
Grab,Food Logistics & Delivery,,Mumbai,"Oliphans Capital, Haresh Chawla",Seed Funding,1000000.0,2015-04-27,early_2015_2019,2015,Other
LogicRoots,Interactive Educational Games,,Jaipur,"Ah! Ventures, Calcutta Angels,\\xc2\\xa0 91SpringBoard",Seed Funding,400000.0,2015-04-27,early_2015_2019,2015,Other
Babajobs,Grey Collar Job Board,,Bangalore,SEEK Ltd & affiliates,Private Equity,10000000.0,2015-04-28,early_2015_2019,2015,Other
Jay Robotix,Robotic Program Learning,,Hyderabad,Cross Border Angels & others,Seed Funding,250000.0,2015-04-28,early_2015_2019,2015,Other
Naaptol.com,Tele-Shopping / Ecommerce,,Mumbai,Mitsui & Co & existing investors,Private Equity,21500000.0,2015-04-28,early_2015_2019,2015,Other
ReGlobe,Used Gadgets Buy / Refurbishing,,Gurgaon,"Bessemer Ventures, Blume Ventures",Seed Funding,1000000.0,2015-04-29,early_2015_2019,2015,Other
Icertis,Cloud Enterprise Software,,Pune / Us,"Greycroft Partners, Fidelity Growth Partners",Private Equity,6000000.0,2015-04-29,early_2015_2019,2015,Other
Tracxn,Startup Analytics Platform,,Bangalore,SAIF Partners,Private Equity,3500000.0,2015-04-29,early_2015_2019,2015,Other
Tradelab,Financial Markets Software,,Bangalore,Rainmatter,Seed Funding,400000.0,2015-04-29,early_2015_2019,2015,Other
PiQube,Hiring Analytics Platform,,Chennai,The HR Fund,Seed Funding,500000.0,2015-04-29,early_2015_2019,2015,Other
Travel Triangle,Online Travel Marketplace,,Noida,"Bessemer Venture Partners, SAIF Partners",Private Equity,8000000.0,2015-04-29,early_2015_2019,2015,Other
